#DATAKIT Version 261
mtllib .\测试-多点文件3.mtl
#
#	object brep_1
#
v 4074.004639 -1551.710693 -78.234734
v 4074.040039 -1552.296265 -78.234734
v 4073.751221 -1551.741455 -79.017395
v 4074.124756 -1551.696167 -77.457390
v 4074.161133 -1552.296265 -77.457390
v 4074.124756 -1551.696167 -76.702492
v 4074.161133 -1552.296265 -76.702492
v 4074.040039 -1552.296265 -75.925148
v 4074.004639 -1551.710693 -75.925148
v 4073.784668 -1552.296265 -75.142487
v 4073.751221 -1551.741455 -75.142487
v 4073.389404 -1552.296265 -74.389160
v 4073.358887 -1551.789063 -74.389160
v 4072.861572 -1552.296265 -73.701843
v 4072.834717 -1551.852539 -73.701843
v 4072.220215 -1552.296265 -73.114029
v 4072.197998 -1551.929810 -73.114029
v 4071.495361 -1552.296265 -72.650810
v 4071.478516 -1552.016968 -72.650810
v 4070.711670 -1552.109985 -72.325447
v 4070.722900 -1552.296265 -72.325447
v 4073.262207 -1551.267822 -74.389160
v 4073.358887 -1551.789063 -79.770721
v 4073.784668 -1552.296265 -79.017395
v 4073.389404 -1552.296265 -79.770721
v 4072.861572 -1552.296265 -80.458038
v 4072.834717 -1551.852539 -80.458038
v 4072.197998 -1551.929810 -81.045853
v 4072.220215 -1552.296265 -81.045853
v 4071.495361 -1552.296265 -81.509071
v 4071.478516 -1552.016968 -81.509071
v 4070.711670 -1552.109985 -81.834435
v 4067.534668 -1550.655762 -81.509071
v 4067.022217 -1550.143188 -81.045853
v 4067.338623 -1549.867676 -81.045853
v 4070.722900 -1552.296265 -81.834435
v 4067.674561 -1551.918579 -81.834435
v 4068.417236 -1552.204346 -82.021301
v 4067.638916 -1552.109985 -81.834435
v 4069.933350 -1552.204346 -82.021301
v 4067.018066 -1551.442261 -81.509071
v 4066.925293 -1551.730103 -81.509071
v 4066.344238 -1551.175415 -81.045853
v 4069.918457 -1549.343384 -81.045853
v 4070.532227 -1548.868774 -80.458038
v 4070.296143 -1549.465088 -81.045853
v 4068.411865 -1552.296265 -82.021301
v 4067.627686 -1552.296265 -81.834435
v 4069.175293 -1552.296265 -82.079941
v 4069.938721 -1552.296265 -82.021301
v 4072.128174 -1551.553101 -81.045853
v 4072.750000 -1551.396606 -80.458038
v 4069.915771 -1552.109985 -82.021301
v 4070.676025 -1551.918579 -81.834435
v 4073.262207 -1551.267822 -79.770721
v 4073.645264 -1551.171387 -79.017395
v 4071.425293 -1551.730103 -81.509071
v 4073.893066 -1551.109009 -78.234734
v 4074.010254 -1551.079468 -77.457390
v 4074.010254 -1551.079468 -76.702492
v 4073.893066 -1551.109009 -75.925148
v 4073.645264 -1551.171387 -75.142487
v 4072.750000 -1551.396606 -73.701843
v 4072.128174 -1551.553101 -73.114029
v 4071.425293 -1551.730103 -72.650810
v 4073.460938 -1550.599609 -75.142487
v 4070.676025 -1551.918579 -72.325447
v 4069.938721 -1552.296265 -72.138580
v 4069.933350 -1552.204346 -72.138580
v 4069.175293 -1552.296265 -72.079941
v 4069.915771 -1552.109985 -72.138580
v 4072.006348 -1551.175415 -81.045853
v 4072.602783 -1550.939331 -80.458038
v 4069.885254 -1552.015259 -82.021301
v 4070.614258 -1551.726685 -81.834435
v 4073.093750 -1550.744995 -79.770721
v 4073.460938 -1550.599609 -79.017395
v 4071.332520 -1551.442261 -81.509071
v 4073.698486 -1550.505493 -78.234734
v 4073.811035 -1550.461060 -77.457390
v 4073.811035 -1550.461060 -76.702492
v 4073.698486 -1550.505493 -75.925148
v 4073.093750 -1550.744995 -74.389160
v 4072.602783 -1550.939331 -73.701843
v 4072.006348 -1551.175415 -73.114029
v 4071.332520 -1551.442261 -72.650810
v 4073.195801 -1550.042114 -75.142487
v 4070.614258 -1551.726685 -72.325447
v 4069.885254 -1552.015259 -72.138580
v 4071.831299 -1550.807129 -81.045853
v 4072.390625 -1550.493530 -80.458038
v 4069.841309 -1551.922852 -82.021301
v 4070.525146 -1551.539429 -81.834435
v 4072.851074 -1550.235352 -79.770721
v 4073.195801 -1550.042114 -79.017395
v 4071.198975 -1551.161621 -81.509071
v 4073.418701 -1549.917114 -78.234734
v 4073.524170 -1549.858032 -77.457390
v 4073.524170 -1549.858032 -76.702492
v 4073.418701 -1549.917114 -75.925148
v 4072.851074 -1550.235352 -74.389160
v 4072.390625 -1550.493530 -73.701843
v 4071.831299 -1550.807129 -73.114029
v 4071.198975 -1551.161621 -72.650810
v 4072.851563 -1549.515747 -75.142487
v 4072.536377 -1549.754150 -74.389160
v 4070.525146 -1551.539429 -72.325447
v 4069.841309 -1551.922852 -72.138580
v 4071.603760 -1550.459473 -81.045853
v 4069.784180 -1551.835693 -82.021301
v 4070.409424 -1551.362793 -81.834435
v 4072.115234 -1550.072632 -80.458038
v 4072.536377 -1549.754150 -79.770721
v 4071.025635 -1550.896729 -81.509071
v 4072.851563 -1549.515747 -79.017395
v 4073.055420 -1549.361694 -78.234734
v 4073.151855 -1549.288696 -77.457390
v 4073.151855 -1549.288696 -76.702492
v 4073.055420 -1549.361694 -75.925148
v 4072.115234 -1550.072632 -73.701843
v 4071.603760 -1550.459473 -73.114029
v 4071.025635 -1550.896729 -72.650810
v 4072.155273 -1549.316406 -74.389160
v 4071.781982 -1549.689697 -73.701843
v 4069.784180 -1551.835693 -72.138580
v 4071.328369 -1550.143188 -81.045853
v 4069.715088 -1551.756348 -82.021301
v 4070.269531 -1551.202026 -81.834435
v 4071.781982 -1549.689697 -80.458038
v 4072.155273 -1549.316406 -79.770721
v 4070.815918 -1550.655762 -81.509071
v 4072.434570 -1549.036987 -79.017395
v 4072.615234 -1548.856323 -78.234734
v 4072.700684 -1548.770874 -77.457390
v 4072.700684 -1548.770874 -76.702492
v 4072.615234 -1548.856323 -75.925148
v 4072.434570 -1549.036987 -75.142487
v 4071.328369 -1550.143188 -73.114029
v 4070.815918 -1550.655762 -72.650810
v 4070.409424 -1551.362793 -72.325447
v 4071.717529 -1548.935181 -74.389160
v 4071.398926 -1549.356201 -73.701843
v 4069.715088 -1551.756348 -72.138580
v 4071.011963 -1549.867676 -81.045853
v 4069.635742 -1551.687378 -82.021301
v 4070.108887 -1551.062012 -81.834435
v 4071.398926 -1549.356201 -80.458038
v 4071.717529 -1548.935181 -79.770721
v 4070.574951 -1550.445801 -81.509071
v 4071.955811 -1548.619995 -79.017395
v 4072.109863 -1548.416260 -78.234734
v 4072.182861 -1548.319824 -77.457390
v 4072.182861 -1548.319824 -76.702492
v 4072.109863 -1548.416260 -75.925148
v 4071.955811 -1548.619995 -75.142487
v 4071.011963 -1549.867676 -73.114029
v 4070.574951 -1550.445801 -72.650810
v 4070.269531 -1551.202026 -72.325447
v 4071.236328 -1548.620361 -74.389160
v 4070.978027 -1549.080933 -73.701843
v 4069.635742 -1551.687378 -72.138580
v 4070.664307 -1549.640259 -81.045853
v 4069.548584 -1551.630249 -82.021301
v 4069.932129 -1550.946411 -81.834435
v 4070.978027 -1549.080933 -80.458038
v 4071.236328 -1548.620361 -79.770721
v 4070.309814 -1550.272583 -81.509071
v 4071.429443 -1548.275635 -79.017395
v 4071.554443 -1548.052856 -78.234734
v 4071.613525 -1547.947388 -77.457390
v 4071.613525 -1547.947388 -76.702492
v 4071.554443 -1548.052856 -75.925148
v 4071.429443 -1548.275635 -75.142487
v 4070.664307 -1549.640259 -73.114029
v 4070.309814 -1550.272583 -72.650810
v 4070.108887 -1551.062012 -72.325447
v 4070.726563 -1548.377930 -74.389160
v 4070.532227 -1548.868774 -73.701843
v 4069.548584 -1551.630249 -72.138580
v 4069.456299 -1551.586426 -82.021301
v 4069.744873 -1550.857422 -81.834435
v 4070.726563 -1548.377930 -79.770721
v 4070.029297 -1550.139038 -81.509071
v 4070.872070 -1548.010498 -79.017395
v 4070.966064 -1547.773071 -78.234734
v 4071.010498 -1547.660645 -77.457390
v 4071.010498 -1547.660645 -76.702492
v 4070.966064 -1547.773071 -75.925148
v 4070.872070 -1548.010498 -75.142487
v 4070.296143 -1549.465088 -73.114029
v 4070.029297 -1550.139038 -72.650810
v 4069.932129 -1550.946411 -72.325447
v 4070.203857 -1548.209473 -74.389160
v 4070.074951 -1548.721436 -73.701843
v 4069.456299 -1551.586426 -72.138580
v 4070.074951 -1548.721436 -80.458038
v 4069.361572 -1551.555908 -82.021301
v 4069.552979 -1550.795532 -81.834435
v 4070.203857 -1548.209473 -79.770721
v 4070.300293 -1547.826294 -79.017395
v 4069.741455 -1550.046387 -81.509071
v 4070.362549 -1547.578491 -78.234734
v 4070.392090 -1547.461304 -77.457390
v 4070.392090 -1547.461304 -76.702492
v 4070.362549 -1547.578491 -75.925148
v 4070.300293 -1547.826294 -75.142487
v 4069.918457 -1549.343384 -73.114029
v 4069.741455 -1550.046387 -72.650810
v 4069.744873 -1550.857422 -72.325447
v 4069.552979 -1550.795532 -72.325447
v 4069.361572 -1550.760010 -72.325447
v 4069.361572 -1551.555908 -72.138580
v 4069.682617 -1548.112671 -74.389160
v 4069.618896 -1548.636841 -73.701843
v 4069.541748 -1549.273438 -81.045853
v 4069.361572 -1550.760010 -81.834435
v 4069.267090 -1551.538330 -82.021301
v 4069.618896 -1548.636841 -80.458038
v 4069.682617 -1548.112671 -79.770721
v 4069.454590 -1549.993042 -81.509071
v 4069.729980 -1547.720459 -79.017395
v 4069.760742 -1547.466797 -78.234734
v 4069.775391 -1547.346802 -77.457390
v 4069.775391 -1547.346802 -76.702492
v 4069.760742 -1547.466797 -75.925148
v 4069.729980 -1547.720459 -75.142487
v 4069.541748 -1549.273438 -73.114029
v 4069.454590 -1549.993042 -72.650810
v 4069.175293 -1548.609985 -73.701843
v 4069.175293 -1548.082031 -74.389160
v 4069.267090 -1551.538330 -72.138580
v 4069.175293 -1549.251343 -81.045853
v 4069.175293 -1550.748779 -81.834435
v 4069.175293 -1551.532715 -82.021301
v 4069.175293 -1548.609985 -80.458038
v 4069.175293 -1548.082031 -79.770721
v 4069.175293 -1549.976196 -81.509071
v 4069.175293 -1547.686890 -79.017395
v 4069.175293 -1547.431396 -78.234734
v 4069.175293 -1547.310547 -77.457390
v 4069.175293 -1547.310547 -76.702492
v 4069.175293 -1547.431396 -75.925148
v 4069.175293 -1547.686890 -75.142487
v 4069.175293 -1549.251343 -73.114029
v 4069.175293 -1549.976196 -72.650810
v 4068.731689 -1548.636841 -73.701843
v 4069.175293 -1550.748779 -72.325447
v 4069.175293 -1551.532715 -72.138580
v 4068.895996 -1549.993042 -81.509071
v 4068.808838 -1549.273438 -81.045853
v 4068.989014 -1550.760010 -81.834435
v 4069.083496 -1551.538330 -82.021301
v 4068.731689 -1548.636841 -80.458038
v 4068.667969 -1548.112671 -79.770721
v 4068.620605 -1547.720459 -79.017395
v 4068.589844 -1547.466797 -78.234734
v 4068.575195 -1547.346802 -77.457390
v 4068.575195 -1547.346802 -76.702492
v 4068.589844 -1547.466797 -75.925148
v 4068.620605 -1547.720459 -75.142487
v 4068.667969 -1548.112671 -74.389160
v 4068.808838 -1549.273438 -73.114029
v 4068.895996 -1549.993042 -72.650810
v 4068.989014 -1550.760010 -72.325447
v 4068.432129 -1549.343384 -73.114029
v 4068.432129 -1549.343384 -81.045853
v 4068.609131 -1550.046387 -81.509071
v 4068.797607 -1550.795532 -81.834435
v 4068.989014 -1551.555908 -82.021301
v 4068.275635 -1548.721436 -80.458038
v 4068.146729 -1548.209473 -79.770721
v 4068.050293 -1547.826294 -79.017395
v 4067.988037 -1547.578491 -78.234734
v 4067.958496 -1547.461304 -77.457390
v 4067.958496 -1547.461304 -76.702492
v 4067.988037 -1547.578491 -75.925148
v 4068.050293 -1547.826294 -75.142487
v 4068.146729 -1548.209473 -74.389160
v 4068.275635 -1548.721436 -73.701843
v 4068.609131 -1550.046387 -72.650810
v 4068.797607 -1550.795532 -72.325447
v 4068.054443 -1549.465088 -73.114029
v 4069.083496 -1551.538330 -72.138580
v 4068.054443 -1549.465088 -81.045853
v 4068.321289 -1550.139038 -81.509071
v 4068.605713 -1550.857422 -81.834435
v 4068.894287 -1551.586426 -82.021301
v 4067.818359 -1548.868774 -80.458038
v 4067.624023 -1548.377930 -79.770721
v 4067.478516 -1548.010498 -79.017395
v 4067.384521 -1547.773071 -78.234734
v 4067.340088 -1547.660645 -77.457390
v 4067.340088 -1547.660645 -76.702492
v 4067.384521 -1547.773071 -75.925148
v 4067.478516 -1548.010498 -75.142487
v 4067.624023 -1548.377930 -74.389160
v 4067.818359 -1548.868774 -73.701843
v 4068.321289 -1550.139038 -72.650810
v 4068.605713 -1550.857422 -72.325447
v 4067.686279 -1549.640259 -73.114029
v 4068.989014 -1551.555908 -72.138580
v 4067.686279 -1549.640259 -81.045853
v 4068.040771 -1550.272583 -81.509071
v 4068.418457 -1550.946411 -81.834435
v 4068.802002 -1551.630249 -82.021301
v 4067.372559 -1549.080933 -80.458038
v 4067.114258 -1548.620361 -79.770721
v 4066.921143 -1548.275635 -79.017395
v 4066.796143 -1548.052856 -78.234734
v 4066.737061 -1547.947388 -77.457390
v 4066.737061 -1547.947388 -76.702492
v 4066.796143 -1548.052856 -75.925148
v 4066.921143 -1548.275635 -75.142487
v 4067.114258 -1548.620361 -74.389160
v 4067.372559 -1549.080933 -73.701843
v 4068.040771 -1550.272583 -72.650810
v 4068.418457 -1550.946411 -72.325447
v 4067.338623 -1549.867676 -73.114029
v 4068.894287 -1551.586426 -72.138580
v 4067.775635 -1550.445801 -81.509071
v 4068.241699 -1551.062012 -81.834435
v 4068.714844 -1551.687378 -82.021301
v 4066.951660 -1549.356201 -80.458038
v 4066.633057 -1548.935181 -79.770721
v 4066.394775 -1548.619995 -79.017395
v 4066.240723 -1548.416260 -78.234734
v 4066.167725 -1548.319824 -77.457390
v 4066.167725 -1548.319824 -76.702492
v 4066.240723 -1548.416260 -75.925148
v 4066.394775 -1548.619995 -75.142487
v 4066.633057 -1548.935181 -74.389160
v 4066.951660 -1549.356201 -73.701843
v 4067.775635 -1550.445801 -72.650810
v 4068.241699 -1551.062012 -72.325447
v 4067.022217 -1550.143188 -73.114029
v 4068.802002 -1551.630249 -72.138580
v 4066.568604 -1549.689697 -80.458038
v 4068.081055 -1551.202026 -81.834435
v 4068.635498 -1551.756348 -82.021301
v 4066.195313 -1549.316406 -79.770721
v 4065.916016 -1549.036987 -79.017395
v 4065.735352 -1548.856323 -78.234734
v 4065.649902 -1548.770874 -77.457390
v 4065.649902 -1548.770874 -76.702492
v 4065.735352 -1548.856323 -75.925148
v 4065.916016 -1549.036987 -75.142487
v 4066.195313 -1549.316406 -74.389160
v 4066.568604 -1549.689697 -73.701843
v 4067.534668 -1550.655762 -72.650810
v 4068.081055 -1551.202026 -72.325447
v 4066.746826 -1550.459473 -73.114029
v 4067.324951 -1550.896729 -72.650810
v 4068.635498 -1551.756348 -72.138580
v 4068.714844 -1551.687378 -72.138580
v 4067.324951 -1550.896729 -81.509071
v 4068.566406 -1551.835693 -82.021301
v 4067.941162 -1551.362793 -81.834435
v 4066.746826 -1550.459473 -81.045853
v 4066.235352 -1550.072632 -80.458038
v 4065.814209 -1549.754150 -79.770721
v 4065.499023 -1549.515747 -79.017395
v 4065.295166 -1549.361694 -78.234734
v 4065.198730 -1549.288696 -77.457390
v 4065.198730 -1549.288696 -76.702492
v 4065.295166 -1549.361694 -75.925148
v 4065.499023 -1549.515747 -75.142487
v 4065.814209 -1549.754150 -74.389160
v 4066.235352 -1550.072632 -73.701843
v 4067.941162 -1551.362793 -72.325447
v 4067.151611 -1551.161621 -72.650810
v 4067.825439 -1551.539429 -72.325447
v 4067.151611 -1551.161621 -81.509071
v 4068.509277 -1551.922852 -82.021301
v 4067.825439 -1551.539429 -81.834435
v 4066.519287 -1550.807129 -81.045853
v 4065.959961 -1550.493530 -80.458038
v 4065.499512 -1550.235352 -79.770721
v 4065.154785 -1550.042114 -79.017395
v 4064.931885 -1549.917114 -78.234734
v 4064.826416 -1549.858032 -77.457390
v 4064.826416 -1549.858032 -76.702492
v 4064.931885 -1549.917114 -75.925148
v 4065.154785 -1550.042114 -75.142487
v 4065.499512 -1550.235352 -74.389160
v 4065.959961 -1550.493530 -73.701843
v 4066.519287 -1550.807129 -73.114029
v 4068.566406 -1551.835693 -72.138580
v 4067.018066 -1551.442261 -72.650810
v 4067.736328 -1551.726685 -72.325447
v 4068.465332 -1552.015259 -82.021301
v 4067.736328 -1551.726685 -81.834435
v 4065.747803 -1550.939331 -80.458038
v 4065.256836 -1550.744995 -79.770721
v 4064.889648 -1550.599609 -79.017395
v 4064.652100 -1550.505493 -78.234734
v 4064.539551 -1550.461060 -77.457390
v 4064.539551 -1550.461060 -76.702492
v 4064.652100 -1550.505493 -75.925148
v 4064.889648 -1550.599609 -75.142487
v 4065.256836 -1550.744995 -74.389160
v 4065.747803 -1550.939331 -73.701843
v 4066.344238 -1551.175415 -73.114029
v 4068.509277 -1551.922852 -72.138580
v 4066.925293 -1551.730103 -72.650810
v 4067.674561 -1551.918579 -72.325447
v 4066.222412 -1551.553101 -81.045853
v 4068.434814 -1552.109985 -82.021301
v 4065.600586 -1551.396606 -80.458038
v 4065.088379 -1551.267822 -79.770721
v 4064.705322 -1551.171387 -79.017395
v 4064.457520 -1551.109009 -78.234734
v 4064.340332 -1551.079468 -77.457390
v 4064.340332 -1551.079468 -76.702492
v 4064.457520 -1551.109009 -75.925148
v 4064.705322 -1551.171387 -75.142487
v 4065.088379 -1551.267822 -74.389160
v 4065.600586 -1551.396606 -73.701843
v 4066.222412 -1551.553101 -73.114029
v 4068.465332 -1552.015259 -72.138580
v 4068.434814 -1552.109985 -72.138580
v 4066.872070 -1552.016968 -81.509071
v 4066.152588 -1551.929810 -81.045853
v 4065.515869 -1551.852539 -80.458038
v 4064.991699 -1551.789063 -79.770721
v 4064.599365 -1551.741455 -79.017395
v 4064.345947 -1551.710693 -78.234734
v 4064.225830 -1551.696167 -77.457390
v 4064.225830 -1551.696167 -76.702492
v 4064.345947 -1551.710693 -75.925148
v 4064.599365 -1551.741455 -75.142487
v 4064.991699 -1551.789063 -74.389160
v 4065.515869 -1551.852539 -73.701843
v 4066.152588 -1551.929810 -73.114029
v 4066.872070 -1552.016968 -72.650810
v 4067.638916 -1552.109985 -72.325447
v 4068.417236 -1552.204346 -72.138580
v 4066.855225 -1552.296265 -81.509071
v 4066.130371 -1552.296265 -81.045853
v 4065.489014 -1552.296265 -80.458038
v 4064.961182 -1552.296265 -79.770721
v 4064.565918 -1552.296265 -79.017395
v 4064.310547 -1552.296265 -78.234734
v 4064.189453 -1552.296265 -77.457390
v 4064.189453 -1552.296265 -76.702492
v 4064.310547 -1552.296265 -75.925148
v 4064.565918 -1552.296265 -75.142487
v 4064.961182 -1552.296265 -74.389160
v 4065.489014 -1552.296265 -73.701843
v 4066.130371 -1552.296265 -73.114029
v 4066.855225 -1552.296265 -72.650810
v 4067.627686 -1552.296265 -72.325447
v 4068.411865 -1552.296265 -72.138580
v 4064.345947 -1552.881836 -78.234734
v 4064.599365 -1552.851074 -79.017395
v 4064.225830 -1552.896362 -77.457390
v 4064.225830 -1552.896362 -76.702492
v 4064.345947 -1552.881836 -75.925148
v 4064.599365 -1552.851074 -75.142487
v 4064.991699 -1552.803467 -74.389160
v 4065.515869 -1552.739990 -73.701843
v 4066.152588 -1552.662720 -73.114029
v 4066.872070 -1552.575562 -72.650810
v 4067.638916 -1552.482544 -72.325447
v 4065.088379 -1553.324707 -74.389160
v 4064.991699 -1552.803467 -79.770721
v 4065.515869 -1552.739990 -80.458038
v 4066.152588 -1552.662720 -81.045853
v 4066.872070 -1552.575562 -81.509071
v 4067.638916 -1552.482544 -81.834435
v 4070.815918 -1553.936768 -81.509071
v 4071.328369 -1554.449341 -81.045853
v 4071.011963 -1554.724854 -81.045853
v 4070.676025 -1552.673950 -81.834435
v 4069.933350 -1552.388184 -82.021301
v 4070.711670 -1552.482544 -81.834435
v 4068.417236 -1552.388184 -82.021301
v 4071.332520 -1553.150269 -81.509071
v 4071.425293 -1552.862427 -81.509071
v 4072.006348 -1553.417114 -81.045853
v 4068.432129 -1555.249146 -81.045853
v 4067.818359 -1555.723755 -80.458038
v 4068.054443 -1555.127441 -81.045853
v 4066.222412 -1553.039429 -81.045853
v 4065.600586 -1553.195923 -80.458038
v 4068.434814 -1552.482544 -82.021301
v 4067.674561 -1552.673950 -81.834435
v 4065.088379 -1553.324707 -79.770721
v 4064.705322 -1553.421143 -79.017395
v 4066.925293 -1552.862427 -81.509071
v 4064.457520 -1553.483521 -78.234734
v 4064.340332 -1553.513062 -77.457390
v 4064.340332 -1553.513062 -76.702492
v 4064.457520 -1553.483521 -75.925148
v 4064.705322 -1553.421143 -75.142487
v 4065.600586 -1553.195923 -73.701843
v 4066.222412 -1553.039429 -73.114029
v 4066.925293 -1552.862427 -72.650810
v 4064.889648 -1553.992920 -75.142487
v 4067.674561 -1552.673950 -72.325447
v 4068.417236 -1552.388184 -72.138580
v 4068.434814 -1552.482544 -72.138580
v 4066.344238 -1553.417114 -81.045853
v 4065.747803 -1553.653198 -80.458038
v 4068.465332 -1552.577271 -82.021301
v 4067.736328 -1552.865845 -81.834435
v 4065.256836 -1553.847534 -79.770721
v 4064.889648 -1553.992920 -79.017395
v 4067.018066 -1553.150269 -81.509071
v 4064.652100 -1554.087036 -78.234734
v 4064.539551 -1554.131470 -77.457390
v 4064.539551 -1554.131470 -76.702492
v 4064.652100 -1554.087036 -75.925148
v 4065.256836 -1553.847534 -74.389160
v 4065.747803 -1553.653198 -73.701843
v 4066.344238 -1553.417114 -73.114029
v 4067.018066 -1553.150269 -72.650810
v 4065.154785 -1554.550415 -75.142487
v 4067.736328 -1552.865845 -72.325447
v 4068.465332 -1552.577271 -72.138580
v 4066.519287 -1553.785400 -81.045853
v 4065.959961 -1554.098999 -80.458038
v 4068.509277 -1552.669678 -82.021301
v 4067.825439 -1553.053101 -81.834435
v 4065.499512 -1554.357178 -79.770721
v 4065.154785 -1554.550415 -79.017395
v 4067.151611 -1553.430908 -81.509071
v 4064.931885 -1554.675415 -78.234734
v 4064.826416 -1554.734497 -77.457390
v 4064.826416 -1554.734497 -76.702492
v 4064.931885 -1554.675415 -75.925148
v 4065.499512 -1554.357178 -74.389160
v 4065.959961 -1554.098999 -73.701843
v 4066.519287 -1553.785400 -73.114029
v 4067.151611 -1553.430908 -72.650810
v 4065.499023 -1555.076782 -75.142487
v 4065.814209 -1554.838379 -74.389160
v 4067.825439 -1553.053101 -72.325447
v 4068.509277 -1552.669678 -72.138580
v 4066.746826 -1554.133057 -81.045853
v 4068.566406 -1552.756836 -82.021301
v 4067.941162 -1553.229736 -81.834435
v 4066.235352 -1554.519897 -80.458038
v 4065.814209 -1554.838379 -79.770721
v 4067.324951 -1553.695801 -81.509071
v 4065.499023 -1555.076782 -79.017395
v 4065.295166 -1555.230835 -78.234734
v 4065.198730 -1555.303833 -77.457390
v 4065.198730 -1555.303833 -76.702492
v 4065.295166 -1555.230835 -75.925148
v 4066.235352 -1554.519897 -73.701843
v 4066.746826 -1554.133057 -73.114029
v 4067.324951 -1553.695801 -72.650810
v 4066.195313 -1555.276123 -74.389160
v 4066.568604 -1554.902832 -73.701843
v 4068.566406 -1552.756836 -72.138580
v 4067.022217 -1554.449341 -81.045853
v 4068.635498 -1552.836182 -82.021301
v 4068.081055 -1553.390503 -81.834435
v 4066.568604 -1554.902832 -80.458038
v 4066.195313 -1555.276123 -79.770721
v 4067.534668 -1553.936768 -81.509071
v 4065.916016 -1555.555542 -79.017395
v 4065.735352 -1555.736206 -78.234734
v 4065.649902 -1555.821655 -77.457390
v 4065.649902 -1555.821655 -76.702492
v 4065.735352 -1555.736206 -75.925148
v 4065.916016 -1555.555542 -75.142487
v 4067.022217 -1554.449341 -73.114029
v 4067.534668 -1553.936768 -72.650810
v 4067.941162 -1553.229736 -72.325447
v 4066.633057 -1555.657349 -74.389160
v 4066.951660 -1555.236328 -73.701843
v 4068.635498 -1552.836182 -72.138580
v 4067.338623 -1554.724854 -81.045853
v 4068.714844 -1552.905151 -82.021301
v 4068.241699 -1553.530518 -81.834435
v 4066.951660 -1555.236328 -80.458038
v 4066.633057 -1555.657349 -79.770721
v 4067.775635 -1554.146729 -81.509071
v 4066.394775 -1555.972534 -79.017395
v 4066.240723 -1556.176270 -78.234734
v 4066.167725 -1556.272705 -77.457390
v 4066.167725 -1556.272705 -76.702492
v 4066.240723 -1556.176270 -75.925148
v 4066.394775 -1555.972534 -75.142487
v 4067.338623 -1554.724854 -73.114029
v 4067.775635 -1554.146729 -72.650810
v 4068.081055 -1553.390503 -72.325447
v 4067.114258 -1555.972168 -74.389160
v 4067.372559 -1555.511597 -73.701843
v 4068.714844 -1552.905151 -72.138580
v 4067.686279 -1554.952271 -81.045853
v 4068.802002 -1552.962280 -82.021301
v 4068.418457 -1553.646118 -81.834435
v 4067.372559 -1555.511597 -80.458038
v 4067.114258 -1555.972168 -79.770721
v 4068.040771 -1554.319946 -81.509071
v 4066.921143 -1556.316895 -79.017395
v 4066.796143 -1556.539673 -78.234734
v 4066.737061 -1556.645142 -77.457390
v 4066.737061 -1556.645142 -76.702492
v 4066.796143 -1556.539673 -75.925148
v 4066.921143 -1556.316895 -75.142487
v 4067.686279 -1554.952271 -73.114029
v 4068.040771 -1554.319946 -72.650810
v 4068.241699 -1553.530518 -72.325447
v 4067.624023 -1556.214600 -74.389160
v 4067.818359 -1555.723755 -73.701843
v 4068.802002 -1552.962280 -72.138580
v 4068.894287 -1553.006104 -82.021301
v 4068.605713 -1553.735107 -81.834435
v 4067.624023 -1556.214600 -79.770721
v 4068.321289 -1554.453491 -81.509071
v 4067.478516 -1556.582031 -79.017395
v 4067.384521 -1556.819458 -78.234734
v 4067.340088 -1556.931885 -77.457390
v 4067.340088 -1556.931885 -76.702492
v 4067.384521 -1556.819458 -75.925148
v 4067.478516 -1556.582031 -75.142487
v 4068.054443 -1555.127441 -73.114029
v 4068.321289 -1554.453491 -72.650810
v 4068.418457 -1553.646118 -72.325447
v 4068.146729 -1556.383057 -74.389160
v 4068.275635 -1555.871094 -73.701843
v 4068.894287 -1553.006104 -72.138580
v 4068.275635 -1555.871094 -80.458038
v 4068.989014 -1553.036621 -82.021301
v 4068.797607 -1553.796997 -81.834435
v 4068.146729 -1556.383057 -79.770721
v 4068.050293 -1556.766235 -79.017395
v 4068.609131 -1554.546143 -81.509071
v 4067.988037 -1557.014038 -78.234734
v 4067.958496 -1557.131226 -77.457390
v 4067.958496 -1557.131226 -76.702492
v 4067.988037 -1557.014038 -75.925148
v 4068.050293 -1556.766235 -75.142487
v 4068.432129 -1555.249146 -73.114029
v 4068.609131 -1554.546143 -72.650810
v 4068.605713 -1553.735107 -72.325447
v 4068.797607 -1553.796997 -72.325447
v 4068.989014 -1553.832520 -72.325447
v 4068.989014 -1553.036621 -72.138580
v 4068.667969 -1556.479858 -74.389160
v 4068.731689 -1555.955688 -73.701843
v 4068.808838 -1555.319092 -81.045853
v 4068.989014 -1553.832520 -81.834435
v 4069.083496 -1553.054199 -82.021301
v 4068.731689 -1555.955688 -80.458038
v 4068.667969 -1556.479858 -79.770721
v 4068.895996 -1554.599487 -81.509071
v 4068.620605 -1556.872070 -79.017395
v 4068.589844 -1557.125732 -78.234734
v 4068.575195 -1557.245728 -77.457390
v 4068.575195 -1557.245728 -76.702492
v 4068.589844 -1557.125732 -75.925148
v 4068.620605 -1556.872070 -75.142487
v 4068.808838 -1555.319092 -73.114029
v 4068.895996 -1554.599487 -72.650810
v 4069.175293 -1555.982544 -73.701843
v 4069.175293 -1556.510498 -74.389160
v 4069.083496 -1553.054199 -72.138580
v 4069.175293 -1555.341187 -81.045853
v 4069.175293 -1553.843750 -81.834435
v 4069.175293 -1553.059814 -82.021301
v 4069.175293 -1555.982544 -80.458038
v 4069.175293 -1556.510498 -79.770721
v 4069.175293 -1554.616333 -81.509071
v 4069.175293 -1556.905640 -79.017395
v 4069.175293 -1557.161133 -78.234734
v 4069.175293 -1557.281982 -77.457390
v 4069.175293 -1557.281982 -76.702492
v 4069.175293 -1557.161133 -75.925148
v 4069.175293 -1556.905640 -75.142487
v 4069.175293 -1555.341187 -73.114029
v 4069.175293 -1554.616333 -72.650810
v 4069.618896 -1555.955688 -73.701843
v 4069.175293 -1553.843750 -72.325447
v 4069.175293 -1553.059814 -72.138580
v 4069.454590 -1554.599487 -81.509071
v 4069.541748 -1555.319092 -81.045853
v 4069.361572 -1553.832520 -81.834435
v 4069.267090 -1553.054199 -82.021301
v 4069.618896 -1555.955688 -80.458038
v 4069.682617 -1556.479858 -79.770721
v 4069.729980 -1556.872070 -79.017395
v 4069.760742 -1557.125732 -78.234734
v 4069.775391 -1557.245728 -77.457390
v 4069.775391 -1557.245728 -76.702492
v 4069.760742 -1557.125732 -75.925148
v 4069.729980 -1556.872070 -75.142487
v 4069.682617 -1556.479858 -74.389160
v 4069.541748 -1555.319092 -73.114029
v 4069.454590 -1554.599487 -72.650810
v 4069.361572 -1553.832520 -72.325447
v 4069.918457 -1555.249146 -73.114029
v 4069.918457 -1555.249146 -81.045853
v 4069.741455 -1554.546143 -81.509071
v 4069.552979 -1553.796997 -81.834435
v 4069.361572 -1553.036621 -82.021301
v 4070.074951 -1555.871094 -80.458038
v 4070.203857 -1556.383057 -79.770721
v 4070.300293 -1556.766235 -79.017395
v 4070.362549 -1557.014038 -78.234734
v 4070.392090 -1557.131226 -77.457390
v 4070.392090 -1557.131226 -76.702492
v 4070.362549 -1557.014038 -75.925148
v 4070.300293 -1556.766235 -75.142487
v 4070.203857 -1556.383057 -74.389160
v 4070.074951 -1555.871094 -73.701843
v 4069.741455 -1554.546143 -72.650810
v 4069.552979 -1553.796997 -72.325447
v 4070.296143 -1555.127441 -73.114029
v 4069.267090 -1553.054199 -72.138580
v 4070.296143 -1555.127441 -81.045853
v 4070.029297 -1554.453491 -81.509071
v 4069.744873 -1553.735107 -81.834435
v 4069.456299 -1553.006104 -82.021301
v 4070.532227 -1555.723755 -80.458038
v 4070.726563 -1556.214600 -79.770721
v 4070.872070 -1556.582031 -79.017395
v 4070.966064 -1556.819458 -78.234734
v 4071.010498 -1556.931885 -77.457390
v 4071.010498 -1556.931885 -76.702492
v 4070.966064 -1556.819458 -75.925148
v 4070.872070 -1556.582031 -75.142487
v 4070.726563 -1556.214600 -74.389160
v 4070.532227 -1555.723755 -73.701843
v 4070.029297 -1554.453491 -72.650810
v 4069.744873 -1553.735107 -72.325447
v 4070.664307 -1554.952271 -73.114029
v 4069.361572 -1553.036621 -72.138580
v 4070.664307 -1554.952271 -81.045853
v 4070.309814 -1554.319946 -81.509071
v 4069.932129 -1553.646118 -81.834435
v 4069.548584 -1552.962280 -82.021301
v 4070.978027 -1555.511597 -80.458038
v 4071.236328 -1555.972168 -79.770721
v 4071.429443 -1556.316895 -79.017395
v 4071.554443 -1556.539673 -78.234734
v 4071.613525 -1556.645142 -77.457390
v 4071.613525 -1556.645142 -76.702492
v 4071.554443 -1556.539673 -75.925148
v 4071.429443 -1556.316895 -75.142487
v 4071.236328 -1555.972168 -74.389160
v 4070.978027 -1555.511597 -73.701843
v 4070.309814 -1554.319946 -72.650810
v 4069.932129 -1553.646118 -72.325447
v 4071.011963 -1554.724854 -73.114029
v 4069.456299 -1553.006104 -72.138580
v 4070.574951 -1554.146729 -81.509071
v 4070.108887 -1553.530518 -81.834435
v 4069.635742 -1552.905151 -82.021301
v 4071.398926 -1555.236328 -80.458038
v 4071.717529 -1555.657349 -79.770721
v 4071.955811 -1555.972534 -79.017395
v 4072.109863 -1556.176270 -78.234734
v 4072.182861 -1556.272705 -77.457390
v 4072.182861 -1556.272705 -76.702492
v 4072.109863 -1556.176270 -75.925148
v 4071.955811 -1555.972534 -75.142487
v 4071.717529 -1555.657349 -74.389160
v 4071.398926 -1555.236328 -73.701843
v 4070.574951 -1554.146729 -72.650810
v 4070.108887 -1553.530518 -72.325447
v 4071.328369 -1554.449341 -73.114029
v 4069.548584 -1552.962280 -72.138580
v 4071.781982 -1554.902832 -80.458038
v 4070.269531 -1553.390503 -81.834435
v 4069.715088 -1552.836182 -82.021301
v 4072.155273 -1555.276123 -79.770721
v 4072.434570 -1555.555542 -79.017395
v 4072.615234 -1555.736206 -78.234734
v 4072.700684 -1555.821655 -77.457390
v 4072.700684 -1555.821655 -76.702492
v 4072.615234 -1555.736206 -75.925148
v 4072.434570 -1555.555542 -75.142487
v 4072.155273 -1555.276123 -74.389160
v 4071.781982 -1554.902832 -73.701843
v 4070.815918 -1553.936768 -72.650810
v 4070.269531 -1553.390503 -72.325447
v 4071.603760 -1554.133057 -73.114029
v 4071.025635 -1553.695801 -72.650810
v 4069.715088 -1552.836182 -72.138580
v 4069.635742 -1552.905151 -72.138580
v 4071.025635 -1553.695801 -81.509071
v 4069.784180 -1552.756836 -82.021301
v 4070.409424 -1553.229736 -81.834435
v 4071.603760 -1554.133057 -81.045853
v 4072.115234 -1554.519897 -80.458038
v 4072.536377 -1554.838379 -79.770721
v 4072.851563 -1555.076782 -79.017395
v 4073.055420 -1555.230835 -78.234734
v 4073.151855 -1555.303833 -77.457390
v 4073.151855 -1555.303833 -76.702492
v 4073.055420 -1555.230835 -75.925148
v 4072.851563 -1555.076782 -75.142487
v 4072.536377 -1554.838379 -74.389160
v 4072.115234 -1554.519897 -73.701843
v 4070.409424 -1553.229736 -72.325447
v 4071.198975 -1553.430908 -72.650810
v 4070.525146 -1553.053101 -72.325447
v 4071.198975 -1553.430908 -81.509071
v 4069.841309 -1552.669678 -82.021301
v 4070.525146 -1553.053101 -81.834435
v 4071.831299 -1553.785400 -81.045853
v 4072.390625 -1554.098999 -80.458038
v 4072.851074 -1554.357178 -79.770721
v 4073.195801 -1554.550415 -79.017395
v 4073.418701 -1554.675415 -78.234734
v 4073.524170 -1554.734497 -77.457390
v 4073.524170 -1554.734497 -76.702492
v 4073.418701 -1554.675415 -75.925148
v 4073.195801 -1554.550415 -75.142487
v 4072.851074 -1554.357178 -74.389160
v 4072.390625 -1554.098999 -73.701843
v 4071.831299 -1553.785400 -73.114029
v 4069.784180 -1552.756836 -72.138580
v 4071.332520 -1553.150269 -72.650810
v 4070.614258 -1552.865845 -72.325447
v 4069.885254 -1552.577271 -82.021301
v 4070.614258 -1552.865845 -81.834435
v 4072.602783 -1553.653198 -80.458038
v 4073.093750 -1553.847534 -79.770721
v 4073.460938 -1553.992920 -79.017395
v 4073.698486 -1554.087036 -78.234734
v 4073.811035 -1554.131470 -77.457390
v 4073.811035 -1554.131470 -76.702492
v 4073.698486 -1554.087036 -75.925148
v 4073.460938 -1553.992920 -75.142487
v 4073.093750 -1553.847534 -74.389160
v 4072.602783 -1553.653198 -73.701843
v 4072.006348 -1553.417114 -73.114029
v 4069.841309 -1552.669678 -72.138580
v 4071.425293 -1552.862427 -72.650810
v 4070.676025 -1552.673950 -72.325447
v 4072.128174 -1553.039429 -81.045853
v 4069.915771 -1552.482544 -82.021301
v 4072.750000 -1553.195923 -80.458038
v 4073.262207 -1553.324707 -79.770721
v 4073.645264 -1553.421143 -79.017395
v 4073.893066 -1553.483521 -78.234734
v 4074.010254 -1553.513062 -77.457390
v 4074.010254 -1553.513062 -76.702492
v 4073.893066 -1553.483521 -75.925148
v 4073.645264 -1553.421143 -75.142487
v 4073.262207 -1553.324707 -74.389160
v 4072.750000 -1553.195923 -73.701843
v 4072.128174 -1553.039429 -73.114029
v 4069.885254 -1552.577271 -72.138580
v 4069.915771 -1552.482544 -72.138580
v 4071.478516 -1552.575562 -81.509071
v 4072.197998 -1552.662720 -81.045853
v 4072.834717 -1552.739990 -80.458038
v 4073.358887 -1552.803467 -79.770721
v 4073.751221 -1552.851074 -79.017395
v 4074.004639 -1552.881836 -78.234734
v 4074.124756 -1552.896362 -77.457390
v 4074.124756 -1552.896362 -76.702492
v 4074.004639 -1552.881836 -75.925148
v 4073.751221 -1552.851074 -75.142487
v 4073.358887 -1552.803467 -74.389160
v 4072.834717 -1552.739990 -73.701843
v 4072.197998 -1552.662720 -73.114029
v 4071.478516 -1552.575562 -72.650810
v 4070.711670 -1552.482544 -72.325447
v 4069.933350 -1552.388184 -72.138580
vn 0.965890 0.117106 -0.230959
vn 0.972963 -0.000000 -0.230959
vn 0.915172 0.110957 -0.387490
vn 0.989898 0.120017 -0.075490
vn 0.997147 -0.000000 -0.075490
vn 0.989898 0.120017 0.075490
vn 0.997147 -0.000000 0.075490
vn 0.972963 0.000000 0.230959
vn 0.965890 0.117106 0.230959
vn 0.921874 0.000000 0.387490
vn 0.915172 0.110957 0.387490
vn 0.842845 -0.000000 0.538157
vn 0.836718 0.101445 0.538157
vn 0.737251 0.000000 0.675619
vn 0.731892 0.088736 0.675619
vn 0.608985 -0.000000 0.793182
vn 0.604557 0.073298 0.793182
vn 0.464017 -0.000000 0.885826
vn 0.460644 0.055849 0.885826
vn 0.307254 0.037252 0.950898
vn 0.309504 -0.000000 0.950898
vn 0.817359 0.205698 0.538157
vn 0.836718 0.101445 -0.538157
vn 0.921874 -0.000000 -0.387490
vn 0.842845 0.000000 -0.538157
vn 0.737251 0.000000 -0.675619
vn 0.731892 0.088736 -0.675619
vn 0.604558 0.073298 -0.793182
vn 0.608985 -0.000000 -0.793182
vn 0.464017 0.000000 -0.885826
vn 0.460644 0.055849 -0.885826
vn 0.307254 0.037252 -0.950898
vn -0.328110 0.328110 -0.885826
vn -0.430617 0.430617 -0.793182
vn -0.367358 0.485706 -0.793182
vn 0.309504 -0.000000 -0.950898
vn -0.300145 0.075535 -0.950898
vn -0.151589 0.018379 -0.988273
vn -0.307254 0.037252 -0.950898
vn 0.151589 0.018379 -0.988273
vn -0.431438 0.170802 -0.885826
vn -0.449986 0.113244 -0.885826
vn -0.566227 0.224164 -0.793182
vn 0.148624 0.590570 -0.793182
vn 0.271378 0.685488 -0.675619
vn 0.224164 0.566227 -0.793182
vn -0.152700 -0.000000 -0.988273
vn -0.309504 -0.000000 -0.950898
vn -0.028445 0.000000 -0.999595
vn 0.152700 0.000000 -0.988273
vn 0.590570 0.148624 -0.793182
vn 0.714958 0.179928 -0.675619
vn 0.148082 0.037267 -0.988273
vn 0.300145 0.075535 -0.950898
vn 0.817359 0.205698 -0.538157
vn 0.893998 0.224985 -0.387490
vn 0.449986 0.113244 -0.885826
vn 0.943543 0.237454 -0.230959
vn 0.966995 0.243356 -0.075490
vn 0.966995 0.243356 0.075490
vn 0.943543 0.237454 0.230959
vn 0.893998 0.224985 0.387490
vn 0.714958 0.179928 0.675619
vn 0.590570 0.148624 0.793182
vn 0.449986 0.113244 0.885826
vn 0.857147 0.339337 0.387490
vn 0.300146 0.075535 0.950898
vn 0.152700 0.000000 0.988273
vn 0.151589 0.018379 0.988273
vn 0.028445 0.000000 0.999595
vn 0.148082 0.037267 0.988273
vn 0.566227 0.224164 -0.793182
vn 0.685488 0.271378 -0.675619
vn 0.141978 0.056208 -0.988273
vn 0.287773 0.113927 -0.950898
vn 0.783667 0.310247 -0.538157
vn 0.857147 0.339337 -0.387490
vn 0.431438 0.170802 -0.885826
vn 0.904650 0.358143 -0.230959
vn 0.927135 0.367044 -0.075490
vn 0.927135 0.367044 0.075490
vn 0.904650 0.358143 0.230959
vn 0.783667 0.310247 0.538157
vn 0.685488 0.271378 0.675619
vn 0.566227 0.224164 0.793182
vn 0.431438 0.170802 0.885826
vn 0.804114 0.450835 0.387490
vn 0.287773 0.113927 0.950898
vn 0.141978 0.056208 0.988273
vn 0.531193 0.297819 -0.793182
vn 0.643075 0.360547 -0.675619
vn 0.133194 0.074676 -0.988273
vn 0.269968 0.151360 -0.950898
vn 0.735180 0.412186 -0.538157
vn 0.804114 0.450835 -0.387490
vn 0.404744 0.226924 -0.885826
vn 0.848677 0.475820 -0.230959
vn 0.869771 0.487646 -0.075490
vn 0.869771 0.487646 0.075490
vn 0.848677 0.475820 0.230959
vn 0.735180 0.412186 0.538157
vn 0.643075 0.360547 0.675619
vn 0.531193 0.297819 0.793182
vn 0.404744 0.226924 0.885826
vn 0.735256 0.556103 0.387490
vn 0.672225 0.508430 0.538157
vn 0.269968 0.151360 0.950898
vn 0.133194 0.074676 0.988273
vn 0.485706 0.367358 -0.793182
vn 0.121788 0.092113 -0.988273
vn 0.246850 0.186702 -0.950898
vn 0.588007 0.444733 -0.675619
vn 0.672225 0.508430 -0.538157
vn 0.370085 0.279909 -0.885826
vn 0.735256 0.556103 -0.387490
vn 0.776003 0.586921 -0.230959
vn 0.795291 0.601510 -0.075490
vn 0.795291 0.601510 0.075490
vn 0.776003 0.586921 0.230959
vn 0.588007 0.444733 0.675619
vn 0.485706 0.367358 0.793182
vn 0.370085 0.279909 0.885826
vn 0.595981 0.595981 0.538157
vn 0.521315 0.521315 0.675619
vn 0.121788 0.092113 0.988273
vn 0.430617 0.430617 -0.793182
vn 0.107975 0.107975 -0.988273
vn 0.218853 0.218853 -0.950898
vn 0.521315 0.521315 -0.675619
vn 0.595981 0.595981 -0.538157
vn 0.328110 0.328110 -0.885826
vn 0.651863 0.651863 -0.387490
vn 0.687989 0.687989 -0.230959
vn 0.705089 0.705089 -0.075490
vn 0.705089 0.705089 0.075490
vn 0.687989 0.687989 0.230959
vn 0.651863 0.651863 0.387490
vn 0.430617 0.430617 0.793182
vn 0.328110 0.328110 0.885826
vn 0.246850 0.186702 0.950898
vn 0.508430 0.672225 0.538157
vn 0.444733 0.588007 0.675619
vn 0.107975 0.107975 0.988273
vn 0.367358 0.485706 -0.793182
vn 0.092113 0.121788 -0.988273
vn 0.186702 0.246850 -0.950898
vn 0.444733 0.588007 -0.675619
vn 0.508430 0.672225 -0.538157
vn 0.279909 0.370085 -0.885826
vn 0.556103 0.735256 -0.387490
vn 0.586922 0.776003 -0.230959
vn 0.601509 0.795291 -0.075490
vn 0.601510 0.795291 0.075490
vn 0.586921 0.776003 0.230959
vn 0.556103 0.735256 0.387490
vn 0.367358 0.485706 0.793182
vn 0.279909 0.370085 0.885826
vn 0.218853 0.218853 0.950898
vn 0.412186 0.735180 0.538157
vn 0.360547 0.643075 0.675619
vn 0.092113 0.121788 0.988273
vn 0.297819 0.531193 -0.793182
vn 0.074676 0.133194 -0.988273
vn 0.151360 0.269968 -0.950898
vn 0.360546 0.643075 -0.675619
vn 0.412186 0.735180 -0.538157
vn 0.226924 0.404744 -0.885826
vn 0.450835 0.804114 -0.387490
vn 0.475820 0.848677 -0.230959
vn 0.487646 0.869771 -0.075490
vn 0.487646 0.869771 0.075490
vn 0.475820 0.848677 0.230959
vn 0.450835 0.804114 0.387490
vn 0.297819 0.531193 0.793182
vn 0.226924 0.404744 0.885826
vn 0.186703 0.246850 0.950898
vn 0.310247 0.783667 0.538157
vn 0.271378 0.685488 0.675619
vn 0.074676 0.133194 0.988273
vn 0.056208 0.141978 -0.988273
vn 0.113927 0.287773 -0.950898
vn 0.310247 0.783667 -0.538157
vn 0.170802 0.431438 -0.885826
vn 0.339337 0.857147 -0.387490
vn 0.358143 0.904650 -0.230959
vn 0.367044 0.927135 -0.075490
vn 0.367044 0.927135 0.075490
vn 0.358143 0.904650 0.230959
vn 0.339337 0.857147 0.387490
vn 0.224164 0.566227 0.793182
vn 0.170802 0.431438 0.885826
vn 0.151360 0.269968 0.950898
vn 0.205698 0.817359 0.538157
vn 0.179928 0.714958 0.675619
vn 0.056208 0.141978 0.988273
vn 0.179928 0.714958 -0.675619
vn 0.037267 0.148082 -0.988273
vn 0.075535 0.300145 -0.950898
vn 0.205698 0.817359 -0.538157
vn 0.224985 0.893998 -0.387490
vn 0.113244 0.449986 -0.885826
vn 0.237454 0.943543 -0.230959
vn 0.243356 0.966995 -0.075490
vn 0.243356 0.966995 0.075490
vn 0.237454 0.943543 0.230959
vn 0.224985 0.893998 0.387490
vn 0.148624 0.590570 0.793182
vn 0.113244 0.449986 0.885826
vn 0.113927 0.287773 0.950898
vn 0.075535 0.300146 0.950898
vn 0.037252 0.307254 0.950898
vn 0.037267 0.148082 0.988273
vn 0.101445 0.836718 0.538157
vn 0.088736 0.731892 0.675619
vn 0.073298 0.604558 -0.793182
vn 0.037252 0.307254 -0.950898
vn 0.018379 0.151589 -0.988273
vn 0.088736 0.731892 -0.675619
vn 0.101445 0.836718 -0.538157
vn 0.055849 0.460644 -0.885826
vn 0.110957 0.915172 -0.387490
vn 0.117106 0.965890 -0.230959
vn 0.120017 0.989898 -0.075490
vn 0.120017 0.989898 0.075490
vn 0.117106 0.965890 0.230959
vn 0.110957 0.915172 0.387490
vn 0.073298 0.604557 0.793182
vn 0.055849 0.460644 0.885826
vn 0.000000 0.737251 0.675619
vn -0.000000 0.842845 0.538157
vn 0.018379 0.151589 0.988273
vn 0.000000 0.608985 -0.793182
vn -0.000000 0.309504 -0.950898
vn 0.000000 0.152700 -0.988273
vn 0.000000 0.737251 -0.675619
vn -0.000000 0.842845 -0.538157
vn -0.000000 0.464017 -0.885826
vn 0.000000 0.921874 -0.387490
vn 0.000000 0.972963 -0.230959
vn -0.000000 0.997147 -0.075490
vn 0.000000 0.997147 0.075490
vn 0.000000 0.972963 0.230959
vn 0.000000 0.921874 0.387490
vn 0.000000 0.608985 0.793182
vn -0.000000 0.464017 0.885826
vn -0.088736 0.731892 0.675619
vn 0.000000 0.309504 0.950898
vn 0.000000 0.152700 0.988273
vn -0.055849 0.460644 -0.885826
vn -0.073298 0.604558 -0.793182
vn -0.037252 0.307254 -0.950898
vn -0.018379 0.151589 -0.988273
vn -0.088736 0.731892 -0.675619
vn -0.101445 0.836718 -0.538157
vn -0.110957 0.915172 -0.387490
vn -0.117106 0.965890 -0.230959
vn -0.120017 0.989898 -0.075490
vn -0.120017 0.989898 0.075490
vn -0.117106 0.965890 0.230959
vn -0.110957 0.915172 0.387490
vn -0.101445 0.836718 0.538157
vn -0.073298 0.604557 0.793182
vn -0.055849 0.460644 0.885826
vn -0.037252 0.307254 0.950898
vn -0.148624 0.590570 0.793182
vn -0.148624 0.590570 -0.793182
vn -0.113244 0.449986 -0.885826
vn -0.075535 0.300145 -0.950898
vn -0.037267 0.148082 -0.988273
vn -0.179928 0.714958 -0.675619
vn -0.205698 0.817359 -0.538157
vn -0.224985 0.893998 -0.387490
vn -0.237454 0.943543 -0.230959
vn -0.243356 0.966995 -0.075490
vn -0.243356 0.966995 0.075490
vn -0.237454 0.943543 0.230959
vn -0.224985 0.893998 0.387490
vn -0.205698 0.817359 0.538157
vn -0.179928 0.714958 0.675619
vn -0.113244 0.449986 0.885826
vn -0.075535 0.300146 0.950898
vn -0.224164 0.566227 0.793182
vn -0.018379 0.151589 0.988273
vn -0.224164 0.566227 -0.793182
vn -0.170802 0.431438 -0.885826
vn -0.113927 0.287773 -0.950898
vn -0.056208 0.141978 -0.988273
vn -0.271378 0.685488 -0.675619
vn -0.310247 0.783667 -0.538157
vn -0.339337 0.857147 -0.387490
vn -0.358143 0.904650 -0.230959
vn -0.367044 0.927135 -0.075490
vn -0.367044 0.927135 0.075490
vn -0.358143 0.904650 0.230959
vn -0.339337 0.857148 0.387490
vn -0.310247 0.783667 0.538157
vn -0.271378 0.685488 0.675619
vn -0.170802 0.431438 0.885826
vn -0.113927 0.287773 0.950898
vn -0.297819 0.531193 0.793182
vn -0.037267 0.148082 0.988273
vn -0.297819 0.531193 -0.793182
vn -0.226924 0.404744 -0.885826
vn -0.151360 0.269968 -0.950898
vn -0.074676 0.133194 -0.988273
vn -0.360547 0.643075 -0.675619
vn -0.412186 0.735180 -0.538157
vn -0.450835 0.804114 -0.387490
vn -0.475820 0.848678 -0.230959
vn -0.487646 0.869771 -0.075490
vn -0.487646 0.869771 0.075490
vn -0.475820 0.848677 0.230959
vn -0.450835 0.804114 0.387490
vn -0.412186 0.735180 0.538157
vn -0.360547 0.643075 0.675619
vn -0.226924 0.404744 0.885826
vn -0.151361 0.269968 0.950898
vn -0.367358 0.485706 0.793182
vn -0.056208 0.141978 0.988273
vn -0.279909 0.370085 -0.885826
vn -0.186702 0.246850 -0.950898
vn -0.092113 0.121788 -0.988273
vn -0.444733 0.588007 -0.675619
vn -0.508430 0.672225 -0.538157
vn -0.556103 0.735256 -0.387490
vn -0.586922 0.776003 -0.230959
vn -0.601510 0.795291 -0.075490
vn -0.601509 0.795291 0.075490
vn -0.586922 0.776003 0.230959
vn -0.556103 0.735256 0.387490
vn -0.508430 0.672225 0.538157
vn -0.444733 0.588007 0.675619
vn -0.279910 0.370085 0.885826
vn -0.186702 0.246850 0.950898
vn -0.430617 0.430617 0.793182
vn -0.074676 0.133194 0.988273
vn -0.521315 0.521315 -0.675619
vn -0.218853 0.218853 -0.950898
vn -0.107975 0.107975 -0.988273
vn -0.595981 0.595981 -0.538157
vn -0.651863 0.651863 -0.387490
vn -0.687989 0.687989 -0.230959
vn -0.705089 0.705089 -0.075490
vn -0.705089 0.705089 0.075490
vn -0.687989 0.687989 0.230959
vn -0.651863 0.651863 0.387490
vn -0.595981 0.595981 0.538157
vn -0.521315 0.521315 0.675619
vn -0.328110 0.328110 0.885826
vn -0.218853 0.218853 0.950898
vn -0.485706 0.367358 0.793182
vn -0.370085 0.279909 0.885826
vn -0.107975 0.107975 0.988273
vn -0.092113 0.121788 0.988273
vn -0.370085 0.279909 -0.885826
vn -0.121788 0.092113 -0.988273
vn -0.246850 0.186702 -0.950898
vn -0.485706 0.367358 -0.793182
vn -0.588007 0.444733 -0.675619
vn -0.672225 0.508430 -0.538157
vn -0.735256 0.556103 -0.387490
vn -0.776003 0.586922 -0.230959
vn -0.795291 0.601510 -0.075490
vn -0.795291 0.601509 0.075490
vn -0.776003 0.586922 0.230959
vn -0.735256 0.556103 0.387490
vn -0.672225 0.508430 0.538157
vn -0.588007 0.444733 0.675619
vn -0.246850 0.186702 0.950898
vn -0.404744 0.226924 0.885826
vn -0.269968 0.151361 0.950898
vn -0.404744 0.226924 -0.885826
vn -0.133194 0.074676 -0.988273
vn -0.269968 0.151360 -0.950898
vn -0.531193 0.297819 -0.793182
vn -0.643075 0.360547 -0.675619
vn -0.735180 0.412186 -0.538157
vn -0.804114 0.450835 -0.387490
vn -0.848678 0.475820 -0.230959
vn -0.869772 0.487646 -0.075490
vn -0.869772 0.487646 0.075490
vn -0.848678 0.475820 0.230959
vn -0.804114 0.450835 0.387490
vn -0.735180 0.412186 0.538157
vn -0.643075 0.360547 0.675619
vn -0.531193 0.297819 0.793182
vn -0.121788 0.092113 0.988273
vn -0.431438 0.170802 0.885826
vn -0.287773 0.113927 0.950898
vn -0.141978 0.056208 -0.988273
vn -0.287773 0.113927 -0.950898
vn -0.685488 0.271378 -0.675619
vn -0.783667 0.310247 -0.538157
vn -0.857147 0.339337 -0.387490
vn -0.904650 0.358143 -0.230959
vn -0.927135 0.367044 -0.075490
vn -0.927135 0.367044 0.075490
vn -0.904650 0.358143 0.230959
vn -0.857147 0.339337 0.387490
vn -0.783667 0.310247 0.538157
vn -0.685488 0.271378 0.675619
vn -0.566227 0.224164 0.793182
vn -0.133194 0.074676 0.988273
vn -0.449986 0.113244 0.885826
vn -0.300146 0.075535 0.950898
vn -0.590570 0.148624 -0.793182
vn -0.148082 0.037267 -0.988273
vn -0.714958 0.179928 -0.675619
vn -0.817359 0.205698 -0.538157
vn -0.893998 0.224985 -0.387490
vn -0.943543 0.237454 -0.230959
vn -0.966995 0.243356 -0.075490
vn -0.966995 0.243356 0.075490
vn -0.943543 0.237454 0.230959
vn -0.893998 0.224985 0.387490
vn -0.817359 0.205698 0.538157
vn -0.714958 0.179928 0.675619
vn -0.590570 0.148624 0.793182
vn -0.141978 0.056208 0.988273
vn -0.148082 0.037267 0.988273
vn -0.460644 0.055849 -0.885826
vn -0.604558 0.073298 -0.793182
vn -0.731892 0.088736 -0.675619
vn -0.836718 0.101445 -0.538157
vn -0.915172 0.110957 -0.387490
vn -0.965890 0.117106 -0.230959
vn -0.989898 0.120017 -0.075490
vn -0.989898 0.120017 0.075490
vn -0.965890 0.117106 0.230959
vn -0.915172 0.110957 0.387490
vn -0.836718 0.101445 0.538157
vn -0.731892 0.088736 0.675619
vn -0.604557 0.073298 0.793182
vn -0.460644 0.055849 0.885826
vn -0.307254 0.037252 0.950898
vn -0.151589 0.018379 0.988273
vn -0.464017 0.000000 -0.885826
vn -0.608985 0.000000 -0.793182
vn -0.737251 -0.000000 -0.675619
vn -0.842845 -0.000000 -0.538157
vn -0.921874 0.000000 -0.387490
vn -0.972963 0.000000 -0.230959
vn -0.997147 -0.000000 -0.075490
vn -0.997147 0.000000 0.075490
vn -0.972963 0.000000 0.230959
vn -0.921874 0.000000 0.387490
vn -0.842845 0.000000 0.538157
vn -0.737251 -0.000000 0.675619
vn -0.608985 -0.000000 0.793182
vn -0.464017 0.000000 0.885826
vn -0.309504 0.000000 0.950898
vn -0.152700 -0.000000 0.988273
vn -0.965890 -0.117106 -0.230959
vn -0.972963 0.000000 -0.230959
vn -0.915172 -0.110957 -0.387490
vn -0.989898 -0.120017 -0.075490
vn -0.997147 -0.000000 -0.075490
vn -0.989898 -0.120017 0.075490
vn -0.997147 0.000000 0.075490
vn -0.972963 -0.000000 0.230959
vn -0.965890 -0.117106 0.230959
vn -0.921874 -0.000000 0.387490
vn -0.915172 -0.110957 0.387490
vn -0.842845 -0.000000 0.538157
vn -0.836718 -0.101445 0.538157
vn -0.737251 0.000000 0.675619
vn -0.731892 -0.088736 0.675619
vn -0.608985 -0.000000 0.793182
vn -0.604557 -0.073298 0.793182
vn -0.464017 -0.000000 0.885826
vn -0.460644 -0.055849 0.885826
vn -0.307254 -0.037252 0.950898
vn -0.309504 -0.000000 0.950898
vn -0.817359 -0.205698 0.538157
vn -0.836718 -0.101445 -0.538157
vn -0.921874 -0.000000 -0.387490
vn -0.842845 0.000000 -0.538157
vn -0.737251 -0.000000 -0.675619
vn -0.731892 -0.088736 -0.675619
vn -0.604558 -0.073298 -0.793182
vn -0.608985 0.000000 -0.793182
vn -0.460644 -0.055849 -0.885826
vn -0.307254 -0.037252 -0.950898
vn 0.328110 -0.328110 -0.885826
vn 0.430617 -0.430617 -0.793182
vn 0.367358 -0.485706 -0.793182
vn -0.309504 -0.000000 -0.950898
vn 0.300145 -0.075535 -0.950898
vn 0.151589 -0.018379 -0.988273
vn 0.307254 -0.037252 -0.950898
vn -0.151589 -0.018379 -0.988273
vn 0.431438 -0.170802 -0.885826
vn 0.449986 -0.113244 -0.885826
vn 0.566227 -0.224164 -0.793182
vn -0.148624 -0.590570 -0.793182
vn -0.271378 -0.685488 -0.675619
vn -0.224164 -0.566227 -0.793182
vn 0.152700 -0.000000 -0.988273
vn 0.028445 -0.000000 -0.999595
vn -0.152700 0.000000 -0.988273
vn -0.590570 -0.148624 -0.793182
vn -0.714958 -0.179928 -0.675619
vn -0.148082 -0.037267 -0.988273
vn -0.300145 -0.075535 -0.950898
vn -0.817359 -0.205698 -0.538157
vn -0.893998 -0.224985 -0.387490
vn -0.449986 -0.113244 -0.885826
vn -0.943543 -0.237454 -0.230959
vn -0.966995 -0.243356 -0.075490
vn -0.966995 -0.243356 0.075490
vn -0.943543 -0.237454 0.230959
vn -0.893998 -0.224985 0.387490
vn -0.714958 -0.179928 0.675619
vn -0.590570 -0.148624 0.793182
vn -0.449986 -0.113244 0.885826
vn -0.857147 -0.339337 0.387490
vn -0.300146 -0.075535 0.950898
vn -0.152700 0.000000 0.988273
vn -0.151589 -0.018379 0.988273
vn -0.028445 0.000000 0.999595
vn -0.148082 -0.037267 0.988273
vn -0.566227 -0.224164 -0.793182
vn -0.685488 -0.271378 -0.675619
vn -0.141978 -0.056208 -0.988273
vn -0.287773 -0.113927 -0.950898
vn -0.783667 -0.310247 -0.538157
vn -0.857147 -0.339337 -0.387490
vn -0.431438 -0.170802 -0.885826
vn -0.904650 -0.358143 -0.230959
vn -0.927135 -0.367044 -0.075490
vn -0.927135 -0.367044 0.075490
vn -0.904650 -0.358143 0.230959
vn -0.783667 -0.310247 0.538157
vn -0.685488 -0.271378 0.675619
vn -0.566227 -0.224164 0.793182
vn -0.431438 -0.170802 0.885826
vn -0.804114 -0.450835 0.387490
vn -0.287773 -0.113927 0.950898
vn -0.141978 -0.056208 0.988273
vn -0.531193 -0.297819 -0.793182
vn -0.643075 -0.360546 -0.675619
vn -0.133194 -0.074676 -0.988273
vn -0.269968 -0.151360 -0.950898
vn -0.735180 -0.412186 -0.538157
vn -0.804114 -0.450835 -0.387490
vn -0.404744 -0.226924 -0.885826
vn -0.848678 -0.475820 -0.230959
vn -0.869772 -0.487646 -0.075490
vn -0.869772 -0.487646 0.075490
vn -0.848678 -0.475819 0.230959
vn -0.735180 -0.412186 0.538157
vn -0.643075 -0.360546 0.675619
vn -0.531193 -0.297819 0.793182
vn -0.404744 -0.226924 0.885826
vn -0.735256 -0.556103 0.387490
vn -0.672225 -0.508430 0.538157
vn -0.269968 -0.151360 0.950898
vn -0.133194 -0.074676 0.988273
vn -0.485706 -0.367358 -0.793182
vn -0.121788 -0.092113 -0.988273
vn -0.246850 -0.186702 -0.950898
vn -0.588007 -0.444733 -0.675619
vn -0.672225 -0.508430 -0.538157
vn -0.370085 -0.279909 -0.885826
vn -0.735256 -0.556103 -0.387490
vn -0.776003 -0.586921 -0.230959
vn -0.795291 -0.601509 -0.075490
vn -0.795291 -0.601509 0.075490
vn -0.776003 -0.586921 0.230959
vn -0.588007 -0.444733 0.675619
vn -0.485706 -0.367358 0.793182
vn -0.370085 -0.279909 0.885826
vn -0.595981 -0.595981 0.538157
vn -0.521315 -0.521315 0.675619
vn -0.121788 -0.092113 0.988273
vn -0.430617 -0.430617 -0.793182
vn -0.107975 -0.107975 -0.988273
vn -0.218852 -0.218853 -0.950898
vn -0.521315 -0.521315 -0.675619
vn -0.595981 -0.595981 -0.538157
vn -0.328110 -0.328110 -0.885826
vn -0.651863 -0.651863 -0.387490
vn -0.687989 -0.687989 -0.230959
vn -0.705089 -0.705089 -0.075490
vn -0.705089 -0.705089 0.075490
vn -0.687989 -0.687989 0.230959
vn -0.651863 -0.651863 0.387490
vn -0.430617 -0.430617 0.793182
vn -0.328110 -0.328110 0.885826
vn -0.246850 -0.186702 0.950898
vn -0.508430 -0.672225 0.538157
vn -0.444733 -0.588007 0.675619
vn -0.107975 -0.107975 0.988273
vn -0.367358 -0.485706 -0.793182
vn -0.092113 -0.121788 -0.988273
vn -0.186702 -0.246850 -0.950898
vn -0.444733 -0.588007 -0.675619
vn -0.508430 -0.672225 -0.538157
vn -0.279910 -0.370085 -0.885826
vn -0.556103 -0.735256 -0.387490
vn -0.586921 -0.776003 -0.230959
vn -0.601509 -0.795291 -0.075490
vn -0.601510 -0.795291 0.075490
vn -0.586921 -0.776003 0.230959
vn -0.556103 -0.735256 0.387490
vn -0.367358 -0.485706 0.793182
vn -0.279909 -0.370085 0.885826
vn -0.218853 -0.218853 0.950898
vn -0.412186 -0.735180 0.538157
vn -0.360547 -0.643075 0.675619
vn -0.092113 -0.121788 0.988273
vn -0.297819 -0.531193 -0.793182
vn -0.074676 -0.133194 -0.988273
vn -0.151360 -0.269968 -0.950898
vn -0.360547 -0.643075 -0.675619
vn -0.412186 -0.735180 -0.538157
vn -0.226924 -0.404744 -0.885826
vn -0.450835 -0.804114 -0.387490
vn -0.475820 -0.848677 -0.230959
vn -0.487646 -0.869771 -0.075490
vn -0.487646 -0.869771 0.075490
vn -0.475820 -0.848677 0.230959
vn -0.450835 -0.804114 0.387490
vn -0.297819 -0.531193 0.793182
vn -0.226924 -0.404744 0.885826
vn -0.186703 -0.246850 0.950898
vn -0.310247 -0.783667 0.538157
vn -0.271378 -0.685488 0.675619
vn -0.074676 -0.133194 0.988273
vn -0.056208 -0.141978 -0.988273
vn -0.113927 -0.287773 -0.950898
vn -0.310247 -0.783667 -0.538157
vn -0.170802 -0.431438 -0.885826
vn -0.339337 -0.857147 -0.387490
vn -0.358143 -0.904650 -0.230959
vn -0.367044 -0.927135 -0.075490
vn -0.367044 -0.927135 0.075490
vn -0.358143 -0.904650 0.230959
vn -0.339337 -0.857147 0.387490
vn -0.224164 -0.566227 0.793182
vn -0.170802 -0.431438 0.885826
vn -0.151361 -0.269968 0.950898
vn -0.205698 -0.817359 0.538157
vn -0.179928 -0.714958 0.675619
vn -0.056208 -0.141978 0.988273
vn -0.179928 -0.714958 -0.675619
vn -0.037267 -0.148082 -0.988273
vn -0.075535 -0.300145 -0.950898
vn -0.205698 -0.817359 -0.538157
vn -0.224986 -0.893998 -0.387490
vn -0.113244 -0.449986 -0.885826
vn -0.237454 -0.943543 -0.230959
vn -0.243356 -0.966995 -0.075490
vn -0.243356 -0.966995 0.075490
vn -0.237454 -0.943543 0.230959
vn -0.224985 -0.893998 0.387490
vn -0.148624 -0.590570 0.793182
vn -0.113244 -0.449986 0.885826
vn -0.113927 -0.287773 0.950898
vn -0.075535 -0.300146 0.950898
vn -0.037252 -0.307254 0.950898
vn -0.037267 -0.148082 0.988273
vn -0.101445 -0.836718 0.538157
vn -0.088736 -0.731892 0.675619
vn -0.073298 -0.604558 -0.793182
vn -0.037252 -0.307254 -0.950898
vn -0.018379 -0.151589 -0.988273
vn -0.088736 -0.731892 -0.675619
vn -0.101445 -0.836718 -0.538157
vn -0.055849 -0.460644 -0.885826
vn -0.110957 -0.915172 -0.387490
vn -0.117106 -0.965890 -0.230959
vn -0.120017 -0.989898 -0.075490
vn -0.120017 -0.989898 0.075490
vn -0.117106 -0.965890 0.230959
vn -0.110957 -0.915172 0.387490
vn -0.073298 -0.604557 0.793182
vn -0.055849 -0.460644 0.885826
vn 0.000000 -0.737251 0.675619
vn 0.000000 -0.842845 0.538157
vn -0.018379 -0.151589 0.988273
vn 0.000000 -0.608985 -0.793182
vn 0.000000 -0.309504 -0.950898
vn 0.000000 -0.152700 -0.988273
vn 0.000000 -0.737251 -0.675619
vn 0.000000 -0.842845 -0.538157
vn 0.000000 -0.464017 -0.885826
vn 0.000000 -0.921874 -0.387490
vn 0.000000 -0.972963 -0.230959
vn 0.000000 -0.997147 -0.075490
vn 0.000000 -0.997147 0.075490
vn 0.000000 -0.972963 0.230959
vn 0.000000 -0.921874 0.387490
vn 0.000000 -0.608985 0.793182
vn 0.000000 -0.464017 0.885826
vn 0.088736 -0.731892 0.675619
vn 0.000000 -0.309504 0.950898
vn 0.000000 -0.152700 0.988273
vn 0.055849 -0.460644 -0.885826
vn 0.073298 -0.604558 -0.793182
vn 0.037252 -0.307254 -0.950898
vn 0.018379 -0.151589 -0.988273
vn 0.088736 -0.731892 -0.675619
vn 0.101445 -0.836718 -0.538157
vn 0.110957 -0.915172 -0.387490
vn 0.117106 -0.965890 -0.230959
vn 0.120017 -0.989898 -0.075490
vn 0.120017 -0.989898 0.075490
vn 0.117106 -0.965890 0.230959
vn 0.110957 -0.915172 0.387490
vn 0.101445 -0.836718 0.538157
vn 0.073298 -0.604557 0.793182
vn 0.055849 -0.460644 0.885826
vn 0.037252 -0.307254 0.950898
vn 0.148624 -0.590570 0.793182
vn 0.148624 -0.590570 -0.793182
vn 0.113244 -0.449986 -0.885826
vn 0.075535 -0.300145 -0.950898
vn 0.037267 -0.148082 -0.988273
vn 0.179928 -0.714958 -0.675619
vn 0.205698 -0.817359 -0.538157
vn 0.224985 -0.893998 -0.387490
vn 0.237454 -0.943543 -0.230959
vn 0.243356 -0.966995 -0.075490
vn 0.243356 -0.966995 0.075490
vn 0.237454 -0.943543 0.230959
vn 0.224985 -0.893998 0.387490
vn 0.205698 -0.817359 0.538157
vn 0.179928 -0.714958 0.675619
vn 0.113244 -0.449986 0.885826
vn 0.075535 -0.300146 0.950898
vn 0.224164 -0.566227 0.793182
vn 0.018379 -0.151589 0.988273
vn 0.224164 -0.566227 -0.793182
vn 0.170802 -0.431438 -0.885826
vn 0.113927 -0.287773 -0.950898
vn 0.056208 -0.141978 -0.988273
vn 0.271378 -0.685488 -0.675619
vn 0.310247 -0.783667 -0.538157
vn 0.339337 -0.857147 -0.387490
vn 0.358143 -0.904650 -0.230959
vn 0.367044 -0.927135 -0.075490
vn 0.367044 -0.927135 0.075490
vn 0.358143 -0.904650 0.230959
vn 0.339337 -0.857147 0.387490
vn 0.310247 -0.783667 0.538157
vn 0.271378 -0.685488 0.675619
vn 0.170802 -0.431438 0.885826
vn 0.113927 -0.287773 0.950898
vn 0.297819 -0.531193 0.793182
vn 0.037267 -0.148082 0.988273
vn 0.297819 -0.531193 -0.793182
vn 0.226924 -0.404744 -0.885826
vn 0.151360 -0.269968 -0.950898
vn 0.074676 -0.133194 -0.988273
vn 0.360547 -0.643075 -0.675619
vn 0.412186 -0.735180 -0.538157
vn 0.450835 -0.804114 -0.387490
vn 0.475820 -0.848677 -0.230959
vn 0.487646 -0.869771 -0.075490
vn 0.487646 -0.869771 0.075490
vn 0.475820 -0.848677 0.230959
vn 0.450835 -0.804114 0.387490
vn 0.412186 -0.735180 0.538157
vn 0.360547 -0.643075 0.675619
vn 0.226924 -0.404744 0.885826
vn 0.151361 -0.269968 0.950898
vn 0.367358 -0.485706 0.793182
vn 0.056208 -0.141978 0.988273
vn 0.279909 -0.370085 -0.885826
vn 0.186702 -0.246850 -0.950898
vn 0.092113 -0.121788 -0.988273
vn 0.444733 -0.588007 -0.675619
vn 0.508430 -0.672225 -0.538157
vn 0.556102 -0.735256 -0.387490
vn 0.586922 -0.776003 -0.230959
vn 0.601509 -0.795291 -0.075490
vn 0.601509 -0.795291 0.075490
vn 0.586922 -0.776003 0.230959
vn 0.556103 -0.735256 0.387490
vn 0.508430 -0.672225 0.538157
vn 0.444732 -0.588007 0.675619
vn 0.279909 -0.370085 0.885826
vn 0.186702 -0.246850 0.950898
vn 0.430617 -0.430617 0.793182
vn 0.074676 -0.133194 0.988273
vn 0.521315 -0.521315 -0.675619
vn 0.218852 -0.218853 -0.950898
vn 0.107975 -0.107975 -0.988273
vn 0.595981 -0.595981 -0.538157
vn 0.651863 -0.651863 -0.387490
vn 0.687989 -0.687989 -0.230959
vn 0.705089 -0.705089 -0.075490
vn 0.705089 -0.705089 0.075490
vn 0.687989 -0.687989 0.230959
vn 0.651863 -0.651863 0.387490
vn 0.595981 -0.595981 0.538157
vn 0.521315 -0.521315 0.675619
vn 0.328110 -0.328110 0.885826
vn 0.218853 -0.218853 0.950898
vn 0.485706 -0.367358 0.793182
vn 0.370085 -0.279909 0.885826
vn 0.107975 -0.107975 0.988273
vn 0.092113 -0.121788 0.988273
vn 0.370085 -0.279909 -0.885826
vn 0.121788 -0.092113 -0.988273
vn 0.246850 -0.186702 -0.950898
vn 0.485706 -0.367358 -0.793182
vn 0.588007 -0.444733 -0.675619
vn 0.672225 -0.508430 -0.538157
vn 0.735256 -0.556103 -0.387490
vn 0.776003 -0.586921 -0.230959
vn 0.795291 -0.601509 -0.075490
vn 0.795291 -0.601509 0.075490
vn 0.776003 -0.586921 0.230959
vn 0.735256 -0.556103 0.387490
vn 0.672225 -0.508430 0.538157
vn 0.588007 -0.444733 0.675619
vn 0.246850 -0.186702 0.950898
vn 0.404744 -0.226924 0.885826
vn 0.269968 -0.151361 0.950898
vn 0.404744 -0.226924 -0.885826
vn 0.133194 -0.074676 -0.988273
vn 0.269968 -0.151360 -0.950898
vn 0.531193 -0.297819 -0.793182
vn 0.643075 -0.360546 -0.675619
vn 0.735180 -0.412186 -0.538157
vn 0.804114 -0.450835 -0.387490
vn 0.848678 -0.475819 -0.230959
vn 0.869772 -0.487646 -0.075490
vn 0.869771 -0.487646 0.075490
vn 0.848678 -0.475819 0.230959
vn 0.804114 -0.450835 0.387490
vn 0.735180 -0.412186 0.538157
vn 0.643075 -0.360547 0.675619
vn 0.531193 -0.297819 0.793182
vn 0.121788 -0.092113 0.988273
vn 0.431438 -0.170802 0.885826
vn 0.287773 -0.113927 0.950898
vn 0.141978 -0.056208 -0.988273
vn 0.287773 -0.113927 -0.950898
vn 0.685488 -0.271378 -0.675619
vn 0.783667 -0.310247 -0.538157
vn 0.857147 -0.339337 -0.387490
vn 0.904650 -0.358143 -0.230959
vn 0.927135 -0.367044 -0.075490
vn 0.927135 -0.367044 0.075490
vn 0.904650 -0.358143 0.230959
vn 0.857147 -0.339337 0.387490
vn 0.783667 -0.310247 0.538157
vn 0.685488 -0.271378 0.675619
vn 0.566227 -0.224164 0.793182
vn 0.133194 -0.074676 0.988273
vn 0.449986 -0.113244 0.885826
vn 0.300146 -0.075535 0.950898
vn 0.590570 -0.148624 -0.793182
vn 0.148082 -0.037267 -0.988273
vn 0.714958 -0.179928 -0.675619
vn 0.817359 -0.205698 -0.538157
vn 0.893998 -0.224985 -0.387490
vn 0.943543 -0.237454 -0.230959
vn 0.966995 -0.243356 -0.075490
vn 0.966995 -0.243356 0.075490
vn 0.943543 -0.237454 0.230959
vn 0.893998 -0.224985 0.387490
vn 0.817359 -0.205698 0.538157
vn 0.714958 -0.179928 0.675619
vn 0.590570 -0.148624 0.793182
vn 0.141978 -0.056208 0.988273
vn 0.148082 -0.037267 0.988273
vn 0.460644 -0.055849 -0.885826
vn 0.604558 -0.073298 -0.793182
vn 0.731892 -0.088736 -0.675619
vn 0.836718 -0.101445 -0.538157
vn 0.915172 -0.110957 -0.387490
vn 0.965890 -0.117106 -0.230959
vn 0.989898 -0.120017 -0.075490
vn 0.989898 -0.120017 0.075490
vn 0.965890 -0.117106 0.230959
vn 0.915172 -0.110957 0.387490
vn 0.836718 -0.101445 0.538157
vn 0.731892 -0.088736 0.675619
vn 0.604557 -0.073298 0.793182
vn 0.460644 -0.055849 0.885826
vn 0.307254 -0.037252 0.950898
vn 0.151589 -0.018379 0.988273
vn 0.464017 0.000000 -0.885826
vn 0.608985 0.000000 -0.793182
vn 0.737251 -0.000000 -0.675619
vn 0.842845 -0.000000 -0.538157
vn 0.921874 0.000000 -0.387490
vn 0.972963 0.000000 -0.230959
vn 0.997147 -0.000000 -0.075490
vn 0.997147 0.000000 0.075490
vn 0.972963 -0.000000 0.230959
vn 0.921874 0.000000 0.387490
vn 0.842845 0.000000 0.538157
vn 0.737251 0.000000 0.675619
vn 0.608985 0.000000 0.793182
vn 0.464017 0.000000 0.885826
vn 0.309504 -0.000000 0.950898
vn 0.152700 -0.000000 0.988273

g brep_1
usemtl mat-1
f 1//1 2//2 3//3
f 1//1 4//4 5//5
f 2//2 1//1 5//5
f 6//6 7//7 4//4
f 8//8 7//7 6//6
f 6//6 9//9 8//8
f 9//9 10//10 8//8
f 9//9 11//11 10//10
f 10//10 11//11 12//12
f 12//12 11//11 13//13
f 13//13 14//14 12//12
f 4//4 7//7 5//5
f 15//15 16//16 14//14
f 15//15 17//17 16//16
f 16//16 17//17 18//18
f 18//18 17//17 19//19
f 13//13 15//15 14//14
f 20//20 21//21 19//19
f 13//13 22//22 15//15
f 19//19 21//21 18//18
f 23//23 24//24 25//25
f 3//3 2//2 24//24
f 25//25 26//26 27//27
f 3//3 24//24 23//23
f 28//28 26//26 29//29
f 27//27 23//23 25//25
f 30//30 31//31 29//29
f 26//26 28//28 27//27
f 31//31 30//30 32//32
f 33//33 34//34 35//35
f 36//36 32//32 30//30
f 37//37 38//38 39//39
f 32//32 36//36 40//40
f 41//41 42//42 43//43
f 44//44 45//45 46//46
f 39//39 47//47 48//48
f 38//38 49//49 47//47
f 49//49 40//40 50//50
f 36//36 50//50 40//40
f 51//51 52//52 27//27
f 28//28 29//29 31//31
f 32//32 53//53 54//54
f 52//52 55//55 23//23
f 32//32 54//54 31//31
f 55//55 56//56 3//3
f 54//54 57//57 31//31
f 56//56 58//58 1//1
f 57//57 28//28 31//31
f 58//58 59//59 4//4
f 51//51 27//27 28//28
f 59//59 60//60 6//6
f 52//52 23//23 27//27
f 60//60 61//61 9//9
f 55//55 3//3 23//23
f 61//61 62//62 11//11
f 56//56 1//1 3//3
f 62//62 22//22 13//13
f 58//58 4//4 1//1
f 22//22 63//63 15//15
f 59//59 6//6 4//4
f 63//63 64//64 17//17
f 60//60 9//9 6//6
f 64//64 65//65 19//19
f 61//61 11//11 9//9
f 66//66 22//22 62//62
f 62//62 13//13 11//11
f 65//65 67//67 20//20
f 68//68 20//20 69//69
f 20//20 68//68 21//21
f 15//15 63//63 17//17
f 17//17 64//64 19//19
f 70//70 69//69 71//71
f 68//68 69//69 70//70
f 49//49 53//53 40//40
f 32//32 40//40 53//53
f 72//72 73//73 52//52
f 51//51 28//28 57//57
f 54//54 74//74 75//75
f 73//73 76//76 55//55
f 54//54 75//75 57//57
f 76//76 77//77 56//56
f 75//75 78//78 57//57
f 77//77 79//79 58//58
f 78//78 51//51 57//57
f 79//79 80//80 59//59
f 72//72 52//52 51//51
f 80//80 81//81 60//60
f 73//73 55//55 52//52
f 81//81 82//82 61//61
f 76//76 56//56 55//55
f 82//82 66//66 62//62
f 77//77 58//58 56//56
f 66//66 83//83 22//22
f 79//79 59//59 58//58
f 83//83 84//84 63//63
f 80//80 60//60 59//59
f 84//84 85//85 64//64
f 81//81 61//61 60//60
f 85//85 86//86 65//65
f 82//82 62//62 61//61
f 87//87 83//83 66//66
f 86//86 88//88 67//67
f 65//65 20//20 19//19
f 83//83 63//63 22//22
f 84//84 64//64 63//63
f 71//71 69//69 67//67
f 20//20 67//67 69//69
f 65//65 64//64 85//85
f 71//71 89//89 70//70
f 49//49 74//74 53//53
f 54//54 53//53 74//74
f 90//90 91//91 73//73
f 72//72 51//51 78//78
f 75//75 92//92 93//93
f 91//91 94//94 76//76
f 75//75 93//93 78//78
f 94//94 95//95 77//77
f 93//93 96//96 78//78
f 95//95 97//97 79//79
f 96//96 72//72 78//78
f 97//97 98//98 80//80
f 90//90 73//73 72//72
f 98//98 99//99 81//81
f 91//91 76//76 73//73
f 99//99 100//100 82//82
f 94//94 77//77 76//76
f 100//100 87//87 66//66
f 95//95 79//79 77//77
f 87//87 101//101 83//83
f 97//97 80//80 79//79
f 101//101 102//102 84//84
f 98//98 81//81 80//80
f 102//102 103//103 85//85
f 99//99 82//82 81//81
f 103//103 104//104 86//86
f 100//100 66//66 82//82
f 105//105 106//106 101//101
f 104//104 107//107 88//88
f 86//86 67//67 65//65
f 101//101 84//84 83//83
f 102//102 85//85 84//84
f 89//89 71//71 88//88
f 67//67 88//88 71//71
f 86//86 85//85 103//103
f 89//89 108//108 70//70
f 49//49 92//92 74//74
f 75//75 74//74 92//92
f 91//91 90//90 109//109
f 90//90 72//72 96//96
f 93//93 110//110 111//111
f 94//94 91//91 112//112
f 93//93 111//111 96//96
f 95//95 94//94 113//113
f 111//111 114//114 96//96
f 97//97 95//95 115//115
f 114//114 109//109 90//90
f 98//98 97//97 116//116
f 109//109 112//112 91//91
f 99//99 98//98 117//117
f 112//112 113//113 94//94
f 100//100 99//99 118//118
f 113//113 115//115 95//95
f 87//87 100//100 119//119
f 115//115 116//116 97//97
f 101//101 87//87 105//105
f 116//116 117//117 98//98
f 102//102 101//101 106//106
f 117//117 118//118 99//99
f 103//103 102//102 120//120
f 118//118 119//119 100//100
f 104//104 103//103 121//121
f 119//119 105//105 87//87
f 107//107 104//104 122//122
f 120//120 123//123 124//124
f 104//104 88//88 86//86
f 106//106 120//120 102//102
f 120//120 121//121 103//103
f 108//108 89//89 107//107
f 88//88 107//107 89//89
f 122//122 104//104 121//121
f 108//108 125//125 70//70
f 49//49 110//110 92//92
f 93//93 92//92 110//110
f 109//109 126//126 112//112
f 114//114 90//90 96//96
f 111//111 127//127 128//128
f 112//112 129//129 113//113
f 111//111 128//128 114//114
f 113//113 130//130 115//115
f 128//128 131//131 114//114
f 115//115 132//132 116//116
f 131//131 126//126 109//109
f 116//116 133//133 117//117
f 126//126 129//129 112//112
f 117//117 134//134 118//118
f 129//129 130//130 113//113
f 118//118 135//135 119//119
f 130//130 132//132 115//115
f 119//119 136//136 105//105
f 132//132 133//133 116//116
f 105//105 137//137 106//106
f 133//133 134//134 117//117
f 106//106 123//123 120//120
f 134//134 135//135 118//118
f 120//120 124//124 121//121
f 135//135 136//136 119//119
f 121//121 138//138 122//122
f 136//136 137//137 105//105
f 122//122 139//139 140//140
f 137//137 123//123 106//106
f 124//124 141//141 142//142
f 108//108 107//107 140//140
f 122//122 140//140 107//107
f 121//121 124//124 138//138
f 122//122 138//138 139//139
f 125//125 143//143 70//70
f 108//108 140//140 125//125
f 49//49 127//127 110//110
f 111//111 110//110 127//127
f 126//126 144//144 129//129
f 131//131 109//109 114//114
f 128//128 145//145 146//146
f 129//129 147//147 130//130
f 128//128 146//146 131//131
f 130//130 148//148 132//132
f 146//146 149//149 131//131
f 132//132 150//150 133//133
f 149//149 144//144 126//126
f 133//133 151//151 134//134
f 144//144 147//147 129//129
f 134//134 152//152 135//135
f 147//147 148//148 130//130
f 135//135 153//153 136//136
f 148//148 150//150 132//132
f 136//136 154//154 137//137
f 150//150 151//151 133//133
f 137//137 155//155 123//123
f 151//151 152//152 134//134
f 123//123 141//141 124//124
f 152//152 153//153 135//135
f 124//124 142//142 138//138
f 153//153 154//154 136//136
f 138//138 156//156 139//139
f 154//154 155//155 137//137
f 139//139 157//157 158//158
f 155//155 141//141 123//123
f 142//142 159//159 160//160
f 125//125 140//140 158//158
f 139//139 158//158 140//140
f 138//138 142//142 156//156
f 139//139 156//156 157//157
f 143//143 161//161 70//70
f 125//125 158//158 143//143
f 49//49 145//145 127//127
f 128//128 127//127 145//145
f 144//144 162//162 147//147
f 149//149 126//126 131//131
f 146//146 163//163 164//164
f 147//147 165//165 148//148
f 146//146 164//164 149//149
f 148//148 166//166 150//150
f 164//164 167//167 149//149
f 150//150 168//168 151//151
f 167//167 162//162 144//144
f 151//151 169//169 152//152
f 162//162 165//165 147//147
f 152//152 170//170 153//153
f 165//165 166//166 148//148
f 153//153 171//171 154//154
f 166//166 168//168 150//150
f 154//154 172//172 155//155
f 168//168 169//169 151//151
f 155//155 173//173 141//141
f 169//169 170//170 152//152
f 141//141 159//159 142//142
f 170//170 171//171 153//153
f 142//142 160//160 156//156
f 171//171 172//172 154//154
f 156//156 174//174 157//157
f 172//172 173//173 155//155
f 157//157 175//175 176//176
f 173//173 159//159 141//141
f 160//160 177//177 178//178
f 143//143 158//158 176//176
f 157//157 176//176 158//158
f 156//156 160//160 174//174
f 157//157 174//174 175//175
f 161//161 179//179 70//70
f 143//143 176//176 161//161
f 49//49 163//163 145//145
f 146//146 145//145 163//163
f 162//162 46//46 165//165
f 167//167 144//144 149//149
f 164//164 180//180 181//181
f 165//165 45//45 166//166
f 164//164 181//181 167//167
f 166//166 182//182 168//168
f 181//181 183//183 167//167
f 168//168 184//184 169//169
f 183//183 46//46 162//162
f 169//169 185//185 170//170
f 46//46 45//45 165//165
f 170//170 186//186 171//171
f 45//45 182//182 166//166
f 171//171 187//187 172//172
f 182//182 184//184 168//168
f 172//172 188//188 173//173
f 184//184 185//185 169//169
f 173//173 189//189 159//159
f 185//185 186//186 170//170
f 159//159 177//177 160//160
f 186//186 187//187 171//171
f 160//160 178//178 174//174
f 187//187 188//188 172//172
f 174//174 190//190 175//175
f 188//188 189//189 173//173
f 175//175 191//191 192//192
f 189//189 177//177 159//159
f 178//178 193//193 194//194
f 161//161 176//176 192//192
f 175//175 192//192 176//176
f 174//174 178//178 190//190
f 175//175 190//190 191//191
f 179//179 195//195 70//70
f 161//161 192//192 179//179
f 49//49 180//180 163//163
f 164//164 163//163 180//180
f 196//196 182//182 45//45
f 183//183 162//162 167//167
f 181//181 197//197 198//198
f 199//199 184//184 182//182
f 181//181 198//198 183//183
f 200//200 185//185 184//184
f 198//198 201//201 183//183
f 202//202 186//186 185//185
f 201//201 44//44 46//46
f 203//203 187//187 186//186
f 44//44 196//196 45//45
f 204//204 188//188 187//187
f 196//196 199//199 182//182
f 205//205 189//189 188//188
f 199//199 200//200 184//184
f 206//206 177//177 189//189
f 200//200 202//202 185//185
f 193//193 178//178 177//177
f 202//202 203//203 186//186
f 194//194 190//190 178//178
f 203//203 204//204 187//187
f 207//207 191//191 190//190
f 204//204 205//205 188//188
f 208//208 209//209 191//191
f 205//205 206//206 189//189
f 210//210 211//211 212//212
f 206//206 193//193 177//177
f 194//194 213//213 214//214
f 179//179 192//192 209//209
f 191//191 209//209 192//192
f 190//190 194//194 207//207
f 191//191 207//207 208//208
f 195//195 212//212 70//70
f 179//179 209//209 195//195
f 49//49 197//197 180//180
f 181//181 180//180 197//197
f 196//196 44//44 215//215
f 201//201 46//46 183//183
f 216//216 198//198 217//217
f 199//199 196//196 218//218
f 201//201 198//198 216//216
f 200//200 199//199 219//219
f 201//201 216//216 220//220
f 202//202 200//200 221//221
f 44//44 220//220 215//215
f 203//203 202//202 222//222
f 196//196 215//215 218//218
f 204//204 203//203 223//223
f 199//199 218//218 219//219
f 205//205 204//204 224//224
f 200//200 219//219 221//221
f 206//206 205//205 225//225
f 202//202 221//221 222//222
f 193//193 206//206 226//226
f 203//203 222//222 223//223
f 194//194 193//193 213//213
f 204//204 223//223 224//224
f 207//207 194//194 214//214
f 205//205 224//224 225//225
f 208//208 207//207 227//227
f 206//206 225//225 226//226
f 210//210 208//208 228//228
f 193//193 226//226 213//213
f 229//229 214//214 230//230
f 195//195 209//209 210//210
f 208//208 210//210 209//209
f 207//207 214//214 227//227
f 208//208 227//227 228//228
f 212//212 231//231 70//70
f 195//195 210//210 212//212
f 49//49 217//217 197//197
f 198//198 197//197 217//217
f 218//218 215//215 232//232
f 220//220 44//44 201//201
f 233//233 216//216 234//234
f 219//219 218//218 235//235
f 220//220 216//216 233//233
f 221//221 219//219 236//236
f 220//220 233//233 237//237
f 222//222 221//221 238//238
f 215//215 237//237 232//232
f 223//223 222//222 239//239
f 218//218 232//232 235//235
f 224//224 223//223 240//240
f 219//219 235//235 236//236
f 225//225 224//224 241//241
f 221//221 236//236 238//238
f 226//226 225//225 242//242
f 222//222 238//238 239//239
f 213//213 226//226 243//243
f 223//223 239//239 240//240
f 214//214 213//213 230//230
f 224//224 240//240 241//241
f 227//227 214//214 229//229
f 225//225 241//241 242//242
f 228//228 227//227 244//244
f 226//226 242//242 243//243
f 211//211 228//228 245//245
f 213//213 243//243 230//230
f 246//246 244//244 229//229
f 231//231 211//211 247//247
f 228//228 211//211 210//210
f 227//227 229//229 244//244
f 228//228 244//244 245//245
f 231//231 248//248 70//70
f 212//212 211//211 231//231
f 49//49 234//234 217//217
f 216//216 217//217 234//234
f 249//249 250//250 232//232
f 237//237 215//215 220//220
f 251//251 233//233 252//252
f 250//250 253//253 235//235
f 237//237 233//233 251//251
f 253//253 254//254 236//236
f 232//232 237//237 249//249
f 254//254 255//255 238//238
f 235//235 232//232 250//250
f 255//255 256//256 239//239
f 236//236 235//235 253//253
f 256//256 257//257 240//240
f 238//238 236//236 254//254
f 257//257 258//258 241//241
f 239//239 238//238 255//255
f 258//258 259//259 242//242
f 240//240 239//239 256//256
f 259//259 260//260 243//243
f 241//241 240//240 257//257
f 260//260 261//261 230//230
f 242//242 241//241 258//258
f 261//261 246//246 229//229
f 243//243 242//242 259//259
f 246//246 262//262 244//244
f 230//230 243//243 260//260
f 262//262 263//263 245//245
f 229//229 230//230 261//261
f 263//263 264//264 247//247
f 262//262 265//265 263//263
f 245//245 247//247 211//211
f 245//245 244//244 262//262
f 247//247 245//245 263//263
f 231//231 247//247 248//248
f 234//234 49//49 252//252
f 233//233 234//234 252//252
f 266//266 250//250 267//267
f 251//251 249//249 237//237
f 268//268 251//251 269//269
f 270//270 253//253 266//266
f 249//249 251//251 268//268
f 271//271 254//254 270//270
f 250//250 249//249 267//267
f 272//272 255//255 271//271
f 253//253 250//250 266//266
f 273//273 256//256 272//272
f 254//254 253//253 270//270
f 274//274 257//257 273//273
f 255//255 254//254 271//271
f 275//275 258//258 274//274
f 256//256 255//255 272//272
f 276//276 259//259 275//275
f 257//257 256//256 273//273
f 277//277 260//260 276//276
f 258//258 257//257 274//274
f 278//278 261//261 277//277
f 259//259 258//258 275//275
f 279//279 246//246 278//278
f 260//260 259//259 276//276
f 265//265 262//262 279//279
f 261//261 260//260 277//277
f 280//280 263//263 265//265
f 246//246 261//261 278//278
f 281//281 264//264 280//280
f 262//262 246//246 279//279
f 265//265 282//282 280//280
f 283//283 248//248 264//264
f 247//247 264//264 248//248
f 280//280 264//264 263//263
f 70//70 248//248 283//283
f 252//252 49//49 269//269
f 251//251 252//252 269//269
f 284//284 266//266 285//285
f 268//268 267//267 249//249
f 286//286 268//268 287//287
f 288//288 270//270 284//284
f 267//267 268//268 286//286
f 289//289 271//271 288//288
f 266//266 267//267 285//285
f 290//290 272//272 289//289
f 270//270 266//266 284//284
f 291//291 273//273 290//290
f 271//271 270//270 288//288
f 292//292 274//274 291//291
f 272//272 271//271 289//289
f 293//293 275//275 292//292
f 273//273 272//272 290//290
f 294//294 276//276 293//293
f 274//274 273//273 291//291
f 295//295 277//277 294//294
f 275//275 274//274 292//292
f 296//296 278//278 295//295
f 276//276 275//275 293//293
f 297//297 279//279 296//296
f 277//277 276//276 294//294
f 282//282 265//265 297//297
f 278//278 277//277 295//295
f 298//298 280//280 282//282
f 279//279 278//278 296//296
f 299//299 281//281 298//298
f 265//265 279//279 297//297
f 282//282 300//300 298//298
f 301//301 283//283 281//281
f 264//264 281//281 283//283
f 298//298 281//281 280//280
f 70//70 283//283 301//301
f 269//269 49//49 287//287
f 268//268 269//269 287//287
f 302//302 284//284 303//303
f 286//286 285//285 267//267
f 304//304 286//286 305//305
f 306//306 288//288 302//302
f 285//285 286//286 304//304
f 307//307 289//289 306//306
f 284//284 285//285 303//303
f 308//308 290//290 307//307
f 288//288 284//284 302//302
f 309//309 291//291 308//308
f 289//289 288//288 306//306
f 310//310 292//292 309//309
f 290//290 289//289 307//307
f 311//311 293//293 310//310
f 291//291 290//290 308//308
f 312//312 294//294 311//311
f 292//292 291//291 309//309
f 313//313 295//295 312//312
f 293//293 292//292 310//310
f 314//314 296//296 313//313
f 294//294 293//293 311//311
f 315//315 297//297 314//314
f 295//295 294//294 312//312
f 300//300 282//282 315//315
f 296//296 295//295 313//313
f 316//316 298//298 300//300
f 297//297 296//296 314//314
f 317//317 299//299 316//316
f 282//282 297//297 315//315
f 300//300 318//318 316//316
f 319//319 301//301 299//299
f 281//281 299//299 301//301
f 316//316 299//299 298//298
f 70//70 301//301 319//319
f 287//287 49//49 305//305
f 286//286 287//287 305//305
f 35//35 302//302 320//320
f 304//304 303//303 285//285
f 321//321 304//304 322//322
f 323//323 306//306 35//35
f 303//303 304//304 321//321
f 324//324 307//307 323//323
f 302//302 303//303 320//320
f 325//325 308//308 324//324
f 306//306 302//302 35//35
f 326//326 309//309 325//325
f 307//307 306//306 323//323
f 327//327 310//310 326//326
f 308//308 307//307 324//324
f 328//328 311//311 327//327
f 309//309 308//308 325//325
f 329//329 312//312 328//328
f 310//310 309//309 326//326
f 330//330 313//313 329//329
f 311//311 310//310 327//327
f 331//331 314//314 330//330
f 312//312 311//311 328//328
f 332//332 315//315 331//331
f 313//313 312//312 329//329
f 318//318 300//300 332//332
f 314//314 313//313 330//330
f 333//333 316//316 318//318
f 315//315 314//314 331//331
f 334//334 317//317 333//333
f 300//300 315//315 332//332
f 318//318 335//335 333//333
f 336//336 319//319 317//317
f 299//299 317//317 319//319
f 333//333 317//317 316//316
f 70//70 319//319 336//336
f 305//305 49//49 322//322
f 304//304 305//305 322//322
f 323//323 34//34 337//337
f 321//321 320//320 303//303
f 338//338 321//321 339//339
f 324//324 337//337 340//340
f 320//320 321//321 338//338
f 325//325 340//340 341//341
f 35//35 320//320 33//33
f 326//326 341//341 342//342
f 323//323 35//35 34//34
f 327//327 342//342 343//343
f 324//324 323//323 337//337
f 328//328 343//343 344//344
f 325//325 324//324 340//340
f 329//329 344//344 345//345
f 326//326 325//325 341//341
f 330//330 345//345 346//346
f 327//327 326//326 342//342
f 331//331 346//346 347//347
f 328//328 327//327 343//343
f 332//332 347//347 348//348
f 329//329 328//328 344//344
f 318//318 348//348 335//335
f 330//330 329//329 345//345
f 333//333 335//335 349//349
f 331//331 330//330 346//346
f 334//334 349//349 350//350
f 332//332 331//331 347//347
f 351//351 352//352 349//349
f 318//318 332//332 348//348
f 353//353 354//354 350//350
f 354//354 336//336 334//334
f 317//317 334//334 336//336
f 349//349 334//334 333//333
f 70//70 336//336 354//354
f 322//322 49//49 339//339
f 321//321 322//322 339//339
f 34//34 33//33 355//355
f 338//338 33//33 320//320
f 356//356 357//357 338//338
f 337//337 34//34 358//358
f 357//357 355//355 33//33
f 340//340 337//337 359//359
f 355//355 358//358 34//34
f 341//341 340//340 360//360
f 358//358 359//359 337//337
f 342//342 341//341 361//361
f 359//359 360//360 340//340
f 343//343 342//342 362//362
f 360//360 361//361 341//341
f 344//344 343//343 363//363
f 361//361 362//362 342//342
f 345//345 344//344 364//364
f 362//362 363//363 343//343
f 346//346 345//345 365//365
f 363//363 364//364 344//344
f 347//347 346//346 366//366
f 364//364 365//365 345//345
f 348//348 347//347 367//367
f 365//365 366//366 346//346
f 335//335 348//348 368//368
f 366//366 367//367 347//347
f 349//349 335//335 351//351
f 367//367 368//368 348//348
f 350//350 349//349 352//352
f 368//368 351//351 335//335
f 353//353 350//350 369//369
f 370//370 371//371 369//369
f 334//334 350//350 354//354
f 352//352 369//369 350//350
f 70//70 354//354 353//353
f 339//339 49//49 356//356
f 338//338 339//339 356//356
f 355//355 372//372 358//358
f 338//338 357//357 33//33
f 373//373 374//374 357//357
f 358//358 375//375 359//359
f 374//374 372//372 355//355
f 359//359 376//376 360//360
f 372//372 375//375 358//358
f 360//360 377//377 361//361
f 375//375 376//376 359//359
f 361//361 378//378 362//362
f 376//376 377//377 360//360
f 362//362 379//379 363//363
f 377//377 378//378 361//361
f 363//363 380//380 364//364
f 378//378 379//379 362//362
f 364//364 381//381 365//365
f 379//379 380//380 363//363
f 365//365 382//382 366//366
f 380//380 381//381 364//364
f 366//366 383//383 367//367
f 381//381 382//382 365//365
f 367//367 384//384 368//368
f 382//382 383//383 366//366
f 368//368 385//385 351//351
f 383//383 384//384 367//367
f 351//351 386//386 352//352
f 384//384 385//385 368//368
f 352//352 370//370 369//369
f 385//385 386//386 351//351
f 369//369 371//371 387//387
f 386//386 370//370 352//352
f 388//388 389//389 371//371
f 70//70 353//353 387//387
f 353//353 369//369 387//387
f 356//356 49//49 373//373
f 357//357 356//356 373//373
f 372//372 41//41 375//375
f 357//357 374//374 355//355
f 390//390 391//391 374//374
f 375//375 43//43 376//376
f 391//391 41//41 372//372
f 376//376 392//392 377//377
f 41//41 43//43 375//375
f 377//377 393//393 378//378
f 43//43 392//392 376//376
f 378//378 394//394 379//379
f 392//392 393//393 377//377
f 379//379 395//395 380//380
f 393//393 394//394 378//378
f 380//380 396//396 381//381
f 394//394 395//395 379//379
f 381//381 397//397 382//382
f 395//395 396//396 380//380
f 382//382 398//398 383//383
f 396//396 397//397 381//381
f 383//383 399//399 384//384
f 397//397 398//398 382//382
f 384//384 400//400 385//385
f 398//398 399//399 383//383
f 385//385 401//401 386//386
f 399//399 400//400 384//384
f 386//386 402//402 370//370
f 400//400 401//401 385//385
f 370//370 388//388 371//371
f 401//401 402//402 386//386
f 371//371 389//389 403//403
f 402//402 388//388 370//370
f 404//404 405//405 389//389
f 70//70 387//387 403//403
f 387//387 371//371 403//403
f 373//373 49//49 390//390
f 374//374 373//373 390//390
f 406//406 392//392 43//43
f 374//374 391//391 372//372
f 407//407 37//37 391//391
f 408//408 393//393 392//392
f 37//37 42//42 41//41
f 409//409 394//394 393//393
f 42//42 406//406 43//43
f 410//410 395//395 394//394
f 406//406 408//408 392//392
f 411//411 396//396 395//395
f 408//408 409//409 393//393
f 412//412 397//397 396//396
f 409//409 410//410 394//394
f 413//413 398//398 397//397
f 410//410 411//411 395//395
f 414//414 399//399 398//398
f 411//411 412//412 396//396
f 415//415 400//400 399//399
f 412//412 413//413 397//397
f 416//416 401//401 400//400
f 413//413 414//414 398//398
f 417//417 402//402 401//401
f 414//414 415//415 399//399
f 418//418 388//388 402//402
f 415//415 416//416 400//400
f 404//404 389//389 388//388
f 416//416 417//417 401//401
f 405//405 419//419 389//389
f 417//417 418//418 402//402
f 419//419 405//405 420//420
f 418//418 404//404 388//388
f 419//419 420//420 70//70
f 70//70 403//403 419//419
f 403//403 389//389 419//419
f 390//390 49//49 407//407
f 391//391 390//390 407//407
f 39//39 421//421 42//42
f 391//391 37//37 41//41
f 39//39 42//42 37//37
f 421//421 422//422 406//406
f 421//421 406//406 42//42
f 422//422 423//423 408//408
f 422//422 408//408 406//406
f 423//423 424//424 409//409
f 423//423 409//409 408//408
f 424//424 425//425 410//410
f 424//424 410//410 409//409
f 425//425 426//426 411//411
f 425//425 411//411 410//410
f 426//426 427//427 412//412
f 426//426 412//412 411//411
f 427//427 428//428 413//413
f 427//427 413//413 412//412
f 428//428 429//429 414//414
f 428//428 414//414 413//413
f 429//429 430//430 415//415
f 429//429 415//415 414//414
f 430//430 431//431 416//416
f 430//430 416//416 415//415
f 431//431 432//432 417//417
f 431//431 417//417 416//416
f 432//432 433//433 418//418
f 432//432 418//418 417//417
f 433//433 434//434 404//404
f 433//433 404//404 418//418
f 434//434 435//435 405//405
f 434//434 405//405 404//404
f 435//435 436//436 420//420
f 436//436 70//70 420//420
f 435//435 420//420 405//405
f 407//407 49//49 38//38
f 37//37 407//407 38//38
f 421//421 48//48 437//437
f 47//47 39//39 38//38
f 422//422 437//437 438//438
f 48//48 421//421 39//39
f 423//423 438//438 439//439
f 437//437 422//422 421//421
f 424//424 439//439 440//440
f 438//438 423//423 422//422
f 425//425 440//440 441//441
f 439//439 424//424 423//423
f 426//426 441//441 442//442
f 440//440 425//425 424//424
f 427//427 442//442 443//443
f 441//441 426//426 425//425
f 428//428 443//443 444//444
f 442//442 427//427 426//426
f 429//429 444//444 445//445
f 443//443 428//428 427//427
f 430//430 445//445 446//446
f 444//444 429//429 428//428
f 431//431 446//446 447//447
f 445//445 430//430 429//429
f 432//432 447//447 448//448
f 446//446 431//431 430//430
f 433//433 448//448 449//449
f 447//447 432//432 431//431
f 434//434 449//449 450//450
f 448//448 433//433 432//432
f 435//435 450//450 451//451
f 449//449 434//434 433//433
f 436//436 451//451 452//452
f 450//450 435//435 434//434
f 452//452 70//70 436//436
f 451//451 436//436 435//435
f 453//453 442//454 454//455
f 453//453 455//456 443//457
f 442//454 453//453 443//457
f 456//458 444//459 455//456
f 445//460 444//459 456//458
f 456//458 457//461 445//460
f 457//461 446//462 445//460
f 457//461 458//463 446//462
f 446//462 458//463 447//464
f 447//464 458//463 459//465
f 459//465 448//466 447//464
f 455//456 444//459 443//457
f 460//467 449//468 448//466
f 460//467 461//469 449//468
f 449//468 461//469 450//470
f 450//470 461//469 462//471
f 459//465 460//467 448//466
f 463//472 451//473 462//471
f 459//465 464//474 460//467
f 462//471 451//473 450//470
f 465//475 441//476 440//477
f 454//455 442//454 441//476
f 440//477 439//478 466//479
f 454//455 441//476 465//475
f 467//480 439//478 438//481
f 466//479 465//475 440//477
f 437//437 468//482 438//481
f 439//478 467//480 466//479
f 468//482 437//437 469//483
f 470//484 471//485 472//486
f 48//487 469//483 437//437
f 473//488 474//489 475//490
f 469//483 48//487 476//491
f 477//492 478//493 479//494
f 480//495 481//496 482//497
f 475//490 50//498 36//36
f 474//489 49//499 50//498
f 49//499 476//491 47//500
f 48//487 47//500 476//491
f 483//501 484//502 466//479
f 467//480 438//481 468//482
f 469//483 485//503 486//504
f 484//502 487//505 465//475
f 469//483 486//504 468//482
f 487//505 488//506 454//455
f 486//504 489//507 468//482
f 488//506 490//508 453//453
f 489//507 467//480 468//482
f 490//508 491//509 455//456
f 483//501 466//479 467//480
f 491//509 492//510 456//458
f 484//502 465//475 466//479
f 492//510 493//511 457//461
f 487//505 454//455 465//475
f 493//511 494//512 458//463
f 488//506 453//453 454//455
f 494//512 464//474 459//465
f 490//508 455//456 453//453
f 464//474 495//513 460//467
f 491//509 456//458 455//456
f 495//513 496//514 461//469
f 492//510 457//461 456//458
f 496//514 497//515 462//471
f 493//511 458//463 457//461
f 498//516 464//474 494//512
f 494//512 459//465 458//463
f 497//515 499//517 463//472
f 452//518 463//472 500//519
f 463//472 452//518 451//473
f 460//467 495//513 461//469
f 461//469 496//514 462//471
f 70//520 500//519 501//521
f 452//518 500//519 70//520
f 49//499 485//503 476//491
f 469//483 476//491 485//503
f 502//522 503//523 484//502
f 483//501 467//480 489//507
f 486//504 504//524 505//525
f 503//523 506//526 487//505
f 486//504 505//525 489//507
f 506//526 507//527 488//506
f 505//525 508//528 489//507
f 507//527 509//529 490//508
f 508//528 483//501 489//507
f 509//529 510//530 491//509
f 502//522 484//502 483//501
f 510//530 511//531 492//510
f 503//523 487//505 484//502
f 511//531 512//532 493//511
f 506//526 488//506 487//505
f 512//532 498//516 494//512
f 507//527 490//508 488//506
f 498//516 513//533 464//474
f 509//529 491//509 490//508
f 513//533 514//534 495//513
f 510//530 492//510 491//509
f 514//534 515//535 496//514
f 511//531 493//511 492//510
f 515//535 516//536 497//515
f 512//532 494//512 493//511
f 517//537 513//533 498//516
f 516//536 518//538 499//517
f 497//515 463//472 462//471
f 513//533 495//513 464//474
f 514//534 496//514 495//513
f 501//521 500//519 499//517
f 463//472 499//517 500//519
f 497//515 496//514 515//535
f 501//521 519//539 70//520
f 49//499 504//524 485//503
f 486//504 485//503 504//524
f 520//540 521//541 503//523
f 502//522 483//501 508//528
f 505//525 522//542 523//543
f 521//541 524//544 506//526
f 505//525 523//543 508//528
f 524//544 525//545 507//527
f 523//543 526//546 508//528
f 525//545 527//547 509//529
f 526//546 502//522 508//528
f 527//547 528//548 510//530
f 520//540 503//523 502//522
f 528//548 529//549 511//531
f 521//541 506//526 503//523
f 529//549 530//550 512//532
f 524//544 507//527 506//526
f 530//550 517//537 498//516
f 525//545 509//529 507//527
f 517//537 531//551 513//533
f 527//547 510//530 509//529
f 531//551 532//552 514//534
f 528//548 511//531 510//530
f 532//552 533//553 515//535
f 529//549 512//532 511//531
f 533//553 534//554 516//536
f 530//550 498//516 512//532
f 535//555 536//556 531//551
f 534//554 537//557 518//538
f 516//536 499//517 497//515
f 531//551 514//534 513//533
f 532//552 515//535 514//534
f 519//539 501//521 518//538
f 499//517 518//538 501//521
f 516//536 515//535 533//553
f 519//539 538//558 70//520
f 49//499 522//542 504//524
f 505//525 504//524 522//542
f 521//541 520//540 539//559
f 520//540 502//522 526//546
f 523//543 540//560 541//561
f 524//544 521//541 542//562
f 523//543 541//561 526//546
f 525//545 524//544 543//563
f 541//561 544//564 526//546
f 527//547 525//545 545//565
f 544//564 539//559 520//540
f 528//548 527//547 546//566
f 539//559 542//562 521//541
f 529//549 528//548 547//567
f 542//562 543//563 524//544
f 530//550 529//549 548//568
f 543//563 545//565 525//545
f 517//537 530//550 549//569
f 545//565 546//566 527//547
f 531//551 517//537 535//555
f 546//566 547//567 528//548
f 532//552 531//551 536//556
f 547//567 548//568 529//549
f 533//553 532//552 550//570
f 548//568 549//569 530//550
f 534//554 533//553 551//571
f 549//569 535//555 517//537
f 537//557 534//554 552//572
f 550//570 553//573 554//574
f 534//554 518//538 516//536
f 536//556 550//570 532//552
f 550//570 551//571 533//553
f 538//558 519//539 537//557
f 518//538 537//557 519//539
f 552//572 534//554 551//571
f 538//558 555//575 70//520
f 49//499 540//560 522//542
f 523//543 522//542 540//560
f 539//559 556//576 542//562
f 544//564 520//540 526//546
f 541//561 557//577 558//578
f 542//562 559//579 543//563
f 541//561 558//578 544//564
f 543//563 560//580 545//565
f 558//578 561//581 544//564
f 545//565 562//582 546//566
f 561//581 556//576 539//559
f 546//566 563//583 547//567
f 556//576 559//579 542//562
f 547//567 564//584 548//568
f 559//579 560//580 543//563
f 548//568 565//585 549//569
f 560//580 562//582 545//565
f 549//569 566//586 535//555
f 562//582 563//583 546//566
f 535//555 567//587 536//556
f 563//583 564//584 547//567
f 536//556 553//573 550//570
f 564//584 565//585 548//568
f 550//570 554//574 551//571
f 565//585 566//586 549//569
f 551//571 568//588 552//572
f 566//586 567//587 535//555
f 552//572 569//589 570//590
f 567//587 553//573 536//556
f 554//574 571//591 572//592
f 538//558 537//557 570//590
f 552//572 570//590 537//557
f 551//571 554//574 568//588
f 552//572 568//588 569//589
f 555//575 573//593 70//520
f 538//558 570//590 555//575
f 49//499 557//577 540//560
f 541//561 540//560 557//577
f 556//576 574//594 559//579
f 561//581 539//559 544//564
f 558//578 575//595 576//596
f 559//579 577//597 560//580
f 558//578 576//596 561//581
f 560//580 578//598 562//582
f 576//596 579//599 561//581
f 562//582 580//600 563//583
f 579//599 574//594 556//576
f 563//583 581//601 564//584
f 574//594 577//597 559//579
f 564//584 582//602 565//585
f 577//597 578//598 560//580
f 565//585 583//603 566//586
f 578//598 580//600 562//582
f 566//586 584//604 567//587
f 580//600 581//601 563//583
f 567//587 585//605 553//573
f 581//601 582//602 564//584
f 553//573 571//591 554//574
f 582//602 583//603 565//585
f 554//574 572//592 568//588
f 583//603 584//604 566//586
f 568//588 586//606 569//589
f 584//604 585//605 567//587
f 569//589 587//607 588//608
f 585//605 571//591 553//573
f 572//592 589//609 590//610
f 555//575 570//590 588//608
f 569//589 588//608 570//590
f 568//588 572//592 586//606
f 569//589 586//606 587//607
f 573//593 591//611 70//520
f 555//575 588//608 573//593
f 49//499 575//595 557//577
f 558//578 557//577 575//595
f 574//594 592//612 577//597
f 579//599 556//576 561//581
f 576//596 593//613 594//614
f 577//597 595//615 578//598
f 576//596 594//614 579//599
f 578//598 596//616 580//600
f 594//614 597//617 579//599
f 580//600 598//618 581//601
f 597//617 592//612 574//594
f 581//601 599//619 582//602
f 592//612 595//615 577//597
f 582//602 600//620 583//603
f 595//615 596//616 578//598
f 583//603 601//621 584//604
f 596//616 598//618 580//600
f 584//604 602//622 585//605
f 598//618 599//619 581//601
f 585//605 603//623 571//591
f 599//619 600//620 582//602
f 571//591 589//609 572//592
f 600//620 601//621 583//603
f 572//592 590//610 586//606
f 601//621 602//622 584//604
f 586//606 604//624 587//607
f 602//622 603//623 585//605
f 587//607 605//625 606//626
f 603//623 589//609 571//591
f 590//610 607//627 608//628
f 573//593 588//608 606//626
f 587//607 606//626 588//608
f 586//606 590//610 604//624
f 587//607 604//624 605//625
f 591//611 609//629 70//520
f 573//593 606//626 591//611
f 49//499 593//613 575//595
f 576//596 575//595 593//613
f 592//612 482//497 595//615
f 597//617 574//594 579//599
f 594//614 610//630 611//631
f 595//615 481//496 596//616
f 594//614 611//631 597//617
f 596//616 612//632 598//618
f 611//631 613//633 597//617
f 598//618 614//634 599//619
f 613//633 482//497 592//612
f 599//619 615//635 600//620
f 482//497 481//496 595//615
f 600//620 616//636 601//621
f 481//496 612//632 596//616
f 601//621 617//637 602//622
f 612//632 614//634 598//618
f 602//622 618//638 603//623
f 614//634 615//635 599//619
f 603//623 619//639 589//609
f 615//635 616//636 600//620
f 589//609 607//627 590//610
f 616//636 617//637 601//621
f 590//610 608//628 604//624
f 617//637 618//638 602//622
f 604//624 620//640 605//625
f 618//638 619//639 603//623
f 605//625 621//641 622//642
f 619//639 607//627 589//609
f 608//628 623//643 624//644
f 591//611 606//626 622//642
f 605//625 622//642 606//626
f 604//624 608//628 620//640
f 605//625 620//640 621//641
f 609//629 625//645 70//520
f 591//611 622//642 609//629
f 49//499 610//630 593//613
f 594//614 593//613 610//630
f 626//646 612//632 481//496
f 613//633 592//612 597//617
f 611//631 627//647 628//648
f 629//649 614//634 612//632
f 611//631 628//648 613//633
f 630//650 615//635 614//634
f 628//648 631//651 613//633
f 632//652 616//636 615//635
f 631//651 480//495 482//497
f 633//653 617//637 616//636
f 480//495 626//646 481//496
f 634//654 618//638 617//637
f 626//646 629//649 612//632
f 635//655 619//639 618//638
f 629//649 630//650 614//634
f 636//656 607//627 619//639
f 630//650 632//652 615//635
f 623//643 608//628 607//627
f 632//652 633//653 616//636
f 624//644 620//640 608//628
f 633//653 634//654 617//637
f 637//657 621//641 620//640
f 634//654 635//655 618//638
f 638//658 639//659 621//641
f 635//655 636//656 619//639
f 640//660 641//661 642//662
f 636//656 623//643 607//627
f 624//644 643//663 644//664
f 609//629 622//642 639//659
f 621//641 639//659 622//642
f 620//640 624//644 637//657
f 621//641 637//657 638//658
f 625//645 642//662 70//520
f 609//629 639//659 625//645
f 49//499 627//647 610//630
f 611//631 610//630 627//647
f 626//646 480//495 645//665
f 631//651 482//497 613//633
f 646//666 628//648 647//667
f 629//649 626//646 648//668
f 631//651 628//648 646//666
f 630//650 629//649 649//669
f 631//651 646//666 650//670
f 632//652 630//650 651//671
f 480//495 650//670 645//665
f 633//653 632//652 652//672
f 626//646 645//665 648//668
f 634//654 633//653 653//673
f 629//649 648//668 649//669
f 635//655 634//654 654//674
f 630//650 649//669 651//671
f 636//656 635//655 655//675
f 632//652 651//671 652//672
f 623//643 636//656 656//676
f 633//653 652//672 653//673
f 624//644 623//643 643//663
f 634//654 653//673 654//674
f 637//657 624//644 644//664
f 635//655 654//674 655//675
f 638//658 637//657 657//677
f 636//656 655//675 656//676
f 640//660 638//658 658//678
f 623//643 656//676 643//663
f 659//679 644//664 660//680
f 625//645 639//659 640//660
f 638//658 640//660 639//659
f 637//657 644//664 657//677
f 638//658 657//677 658//678
f 642//662 661//681 70//520
f 625//645 640//660 642//662
f 49//499 647//667 627//647
f 628//648 627//647 647//667
f 648//668 645//665 662//682
f 650//670 480//495 631//651
f 663//683 646//666 664//684
f 649//669 648//668 665//685
f 650//670 646//666 663//683
f 651//671 649//669 666//686
f 650//670 663//683 667//687
f 652//672 651//671 668//688
f 645//665 667//687 662//682
f 653//673 652//672 669//689
f 648//668 662//682 665//685
f 654//674 653//673 670//690
f 649//669 665//685 666//686
f 655//675 654//674 671//691
f 651//671 666//686 668//688
f 656//676 655//675 672//692
f 652//672 668//688 669//689
f 643//663 656//676 673//693
f 653//673 669//689 670//690
f 644//664 643//663 660//680
f 654//674 670//690 671//691
f 657//677 644//664 659//679
f 655//675 671//691 672//692
f 658//678 657//677 674//694
f 656//676 672//692 673//693
f 641//661 658//678 675//695
f 643//663 673//693 660//680
f 676//696 674//694 659//679
f 661//681 641//661 677//697
f 658//678 641//661 640//660
f 657//677 659//679 674//694
f 658//678 674//694 675//695
f 661//681 678//698 70//520
f 642//662 641//661 661//681
f 49//499 664//684 647//667
f 646//666 647//667 664//684
f 679//699 680//700 662//682
f 667//687 645//665 650//670
f 681//701 663//683 682//702
f 680//700 683//703 665//685
f 667//687 663//683 681//701
f 683//703 684//704 666//686
f 662//682 667//687 679//699
f 684//704 685//705 668//688
f 665//685 662//682 680//700
f 685//705 686//706 669//689
f 666//686 665//685 683//703
f 686//706 687//707 670//690
f 668//688 666//686 684//704
f 687//707 688//708 671//691
f 669//689 668//688 685//705
f 688//708 689//709 672//692
f 670//690 669//689 686//706
f 689//709 690//710 673//693
f 671//691 670//690 687//707
f 690//710 691//711 660//680
f 672//692 671//691 688//708
f 691//711 676//696 659//679
f 673//693 672//692 689//709
f 676//696 692//712 674//694
f 660//680 673//693 690//710
f 692//712 693//713 675//695
f 659//679 660//680 691//711
f 693//713 694//714 677//697
f 692//712 695//715 693//713
f 675//695 677//697 641//661
f 675//695 674//694 692//712
f 677//697 675//695 693//713
f 661//681 677//697 678//698
f 664//684 49//499 682//702
f 663//683 664//684 682//702
f 696//716 680//700 697//717
f 681//701 679//699 667//687
f 698//718 681//701 699//719
f 700//720 683//703 696//716
f 679//699 681//701 698//718
f 701//721 684//704 700//720
f 680//700 679//699 697//717
f 702//722 685//705 701//721
f 683//703 680//700 696//716
f 703//723 686//706 702//722
f 684//704 683//703 700//720
f 704//724 687//707 703//723
f 685//705 684//704 701//721
f 705//725 688//708 704//724
f 686//706 685//705 702//722
f 706//726 689//709 705//725
f 687//707 686//706 703//723
f 707//727 690//710 706//726
f 688//708 687//707 704//724
f 708//728 691//711 707//727
f 689//709 688//708 705//725
f 709//729 676//696 708//728
f 690//710 689//709 706//726
f 695//715 692//712 709//729
f 691//711 690//710 707//727
f 710//730 693//713 695//715
f 676//696 691//711 708//728
f 711//731 694//714 710//730
f 692//712 676//696 709//729
f 695//715 712//732 710//730
f 713//733 678//698 694//714
f 677//697 694//714 678//698
f 710//730 694//714 693//713
f 70//520 678//698 713//733
f 682//702 49//499 699//719
f 681//701 682//702 699//719
f 714//734 696//716 715//735
f 698//718 697//717 679//699
f 716//736 698//718 717//737
f 718//738 700//720 714//734
f 697//717 698//718 716//736
f 719//739 701//721 718//738
f 696//716 697//717 715//735
f 720//740 702//722 719//739
f 700//720 696//716 714//734
f 721//741 703//723 720//740
f 701//721 700//720 718//738
f 722//742 704//724 721//741
f 702//722 701//721 719//739
f 723//743 705//725 722//742
f 703//723 702//722 720//740
f 724//744 706//726 723//743
f 704//724 703//723 721//741
f 725//745 707//727 724//744
f 705//725 704//724 722//742
f 726//746 708//728 725//745
f 706//726 705//725 723//743
f 727//747 709//729 726//746
f 707//727 706//726 724//744
f 712//732 695//715 727//747
f 708//728 707//727 725//745
f 728//748 710//730 712//732
f 709//729 708//728 726//746
f 729//749 711//731 728//748
f 695//715 709//729 727//747
f 712//732 730//750 728//748
f 731//751 713//733 711//731
f 694//714 711//731 713//733
f 728//748 711//731 710//730
f 70//520 713//733 731//751
f 699//719 49//499 717//737
f 698//718 699//719 717//737
f 732//752 714//734 733//753
f 716//736 715//735 697//717
f 734//754 716//736 735//755
f 736//756 718//738 732//752
f 715//735 716//736 734//754
f 737//757 719//739 736//756
f 714//734 715//735 733//753
f 738//758 720//740 737//757
f 718//738 714//734 732//752
f 739//759 721//741 738//758
f 719//739 718//738 736//756
f 740//760 722//742 739//759
f 720//740 719//739 737//757
f 741//761 723//743 740//760
f 721//741 720//740 738//758
f 742//762 724//744 741//761
f 722//742 721//741 739//759
f 743//763 725//745 742//762
f 723//743 722//742 740//760
f 744//764 726//746 743//763
f 724//744 723//743 741//761
f 745//765 727//747 744//764
f 725//745 724//744 742//762
f 730//750 712//732 745//765
f 726//746 725//745 743//763
f 746//766 728//748 730//750
f 727//747 726//746 744//764
f 747//767 729//749 746//766
f 712//732 727//747 745//765
f 730//750 748//768 746//766
f 749//769 731//751 729//749
f 711//731 729//749 731//751
f 746//766 729//749 728//748
f 70//520 731//751 749//769
f 717//737 49//499 735//755
f 716//736 717//737 735//755
f 472//486 732//752 750//770
f 734//754 733//753 715//735
f 751//771 734//754 752//772
f 753//773 736//756 472//486
f 733//753 734//754 751//771
f 754//774 737//757 753//773
f 732//752 733//753 750//770
f 755//775 738//758 754//774
f 736//756 732//752 472//486
f 756//776 739//759 755//775
f 737//757 736//756 753//773
f 757//777 740//760 756//776
f 738//758 737//757 754//774
f 758//778 741//761 757//777
f 739//759 738//758 755//775
f 759//779 742//762 758//778
f 740//760 739//759 756//776
f 760//780 743//763 759//779
f 741//761 740//760 757//777
f 761//781 744//764 760//780
f 742//762 741//761 758//778
f 762//782 745//765 761//781
f 743//763 742//762 759//779
f 748//768 730//750 762//782
f 744//764 743//763 760//780
f 763//783 746//766 748//768
f 745//765 744//764 761//781
f 764//784 747//767 763//783
f 730//750 745//765 762//782
f 748//768 765//785 763//783
f 766//786 749//769 747//767
f 729//749 747//767 749//769
f 763//783 747//767 746//766
f 70//520 749//769 766//786
f 735//755 49//499 752//772
f 734//754 735//755 752//772
f 753//773 471//485 767//787
f 751//771 750//770 733//753
f 768//788 751//771 769//789
f 754//774 767//787 770//790
f 750//770 751//771 768//788
f 755//775 770//790 771//791
f 472//486 750//770 470//484
f 756//776 771//791 772//792
f 753//773 472//486 471//485
f 757//777 772//792 773//793
f 754//774 753//773 767//787
f 758//778 773//793 774//794
f 755//775 754//774 770//790
f 759//779 774//794 775//795
f 756//776 755//775 771//791
f 760//780 775//795 776//796
f 757//777 756//776 772//792
f 761//781 776//796 777//797
f 758//778 757//777 773//793
f 762//782 777//797 778//798
f 759//779 758//778 774//794
f 748//768 778//798 765//785
f 760//780 759//779 775//795
f 763//783 765//785 779//799
f 761//781 760//780 776//796
f 764//784 779//799 780//800
f 762//782 761//781 777//797
f 781//801 782//802 779//799
f 748//768 762//782 778//798
f 783//803 784//804 780//800
f 784//804 766//786 764//784
f 747//767 764//784 766//786
f 779//799 764//784 763//783
f 70//520 766//786 784//804
f 752//772 49//499 769//789
f 751//771 752//772 769//789
f 471//485 470//484 785//805
f 768//788 470//484 750//770
f 786//806 787//807 768//788
f 767//787 471//485 788//808
f 787//807 785//805 470//484
f 770//790 767//787 789//809
f 785//805 788//808 471//485
f 771//791 770//790 790//810
f 788//808 789//809 767//787
f 772//792 771//791 791//811
f 789//809 790//810 770//790
f 773//793 772//792 792//812
f 790//810 791//811 771//791
f 774//794 773//793 793//813
f 791//811 792//812 772//792
f 775//795 774//794 794//814
f 792//812 793//813 773//793
f 776//796 775//795 795//815
f 793//813 794//814 774//794
f 777//797 776//796 796//816
f 794//814 795//815 775//795
f 778//798 777//797 797//817
f 795//815 796//816 776//796
f 765//785 778//798 798//818
f 796//816 797//817 777//797
f 779//799 765//785 781//801
f 797//817 798//818 778//798
f 780//800 779//799 782//802
f 798//818 781//801 765//785
f 783//803 780//800 799//819
f 800//820 801//821 799//819
f 764//784 780//800 784//804
f 782//802 799//819 780//800
f 70//520 784//804 783//803
f 769//789 49//499 786//806
f 768//788 769//789 786//806
f 785//805 802//822 788//808
f 768//788 787//807 470//484
f 803//823 804//824 787//807
f 788//808 805//825 789//809
f 804//824 802//822 785//805
f 789//809 806//826 790//810
f 802//822 805//825 788//808
f 790//810 807//827 791//811
f 805//825 806//826 789//809
f 791//811 808//828 792//812
f 806//826 807//827 790//810
f 792//812 809//829 793//813
f 807//827 808//828 791//811
f 793//813 810//830 794//814
f 808//828 809//829 792//812
f 794//814 811//831 795//815
f 809//829 810//830 793//813
f 795//815 812//832 796//816
f 810//830 811//831 794//814
f 796//816 813//833 797//817
f 811//831 812//832 795//815
f 797//817 814//834 798//818
f 812//832 813//833 796//816
f 798//818 815//835 781//801
f 813//833 814//834 797//817
f 781//801 816//836 782//802
f 814//834 815//835 798//818
f 782//802 800//820 799//819
f 815//835 816//836 781//801
f 799//819 801//821 817//837
f 816//836 800//820 782//802
f 818//838 819//839 801//821
f 70//520 783//803 817//837
f 783//803 799//819 817//837
f 786//806 49//499 803//823
f 787//807 786//806 803//823
f 802//822 477//492 805//825
f 787//807 804//824 785//805
f 820//840 821//841 804//824
f 805//825 479//494 806//826
f 821//841 477//492 802//822
f 806//826 822//842 807//827
f 477//492 479//494 805//825
f 807//827 823//843 808//828
f 479//494 822//842 806//826
f 808//828 824//844 809//829
f 822//842 823//843 807//827
f 809//829 825//845 810//830
f 823//843 824//844 808//828
f 810//830 826//846 811//831
f 824//844 825//845 809//829
f 811//831 827//847 812//832
f 825//845 826//846 810//830
f 812//832 828//848 813//833
f 826//846 827//847 811//831
f 813//833 829//849 814//834
f 827//847 828//848 812//832
f 814//834 830//850 815//835
f 828//848 829//849 813//833
f 815//835 831//851 816//836
f 829//849 830//850 814//834
f 816//836 832//852 800//820
f 830//850 831//851 815//835
f 800//820 818//838 801//821
f 831//851 832//852 816//836
f 801//821 819//839 833//853
f 832//852 818//838 800//820
f 834//854 835//855 819//839
f 70//520 817//837 833//853
f 817//837 801//821 833//853
f 803//823 49//499 820//840
f 804//824 803//823 820//840
f 836//856 822//842 479//494
f 804//824 821//841 802//822
f 837//857 473//488 821//841
f 838//858 823//843 822//842
f 473//488 478//493 477//492
f 839//859 824//844 823//843
f 478//493 836//856 479//494
f 840//860 825//845 824//844
f 836//856 838//858 822//842
f 841//861 826//846 825//845
f 838//858 839//859 823//843
f 842//862 827//847 826//846
f 839//859 840//860 824//844
f 843//863 828//848 827//847
f 840//860 841//861 825//845
f 844//864 829//849 828//848
f 841//861 842//862 826//846
f 845//865 830//850 829//849
f 842//862 843//863 827//847
f 846//866 831//851 830//850
f 843//863 844//864 828//848
f 847//867 832//852 831//851
f 844//864 845//865 829//849
f 848//868 818//838 832//852
f 845//865 846//866 830//850
f 834//854 819//839 818//838
f 846//866 847//867 831//851
f 835//855 849//869 819//839
f 847//867 848//868 832//852
f 849//869 835//855 850//870
f 848//868 834//854 818//838
f 849//869 850//870 70//520
f 70//520 833//853 849//869
f 833//853 819//839 849//869
f 820//840 49//499 837//857
f 821//841 820//840 837//857
f 475//490 851//871 478//493
f 821//841 473//488 477//492
f 475//490 478//493 473//488
f 851//871 852//872 836//856
f 851//871 836//856 478//493
f 852//872 853//873 838//858
f 852//872 838//858 836//856
f 853//873 854//874 839//859
f 853//873 839//859 838//858
f 854//874 855//875 840//860
f 854//874 840//860 839//859
f 855//875 856//876 841//861
f 855//875 841//861 840//860
f 856//876 857//877 842//862
f 856//876 842//862 841//861
f 857//877 858//878 843//863
f 857//877 843//863 842//862
f 858//878 859//879 844//864
f 858//878 844//864 843//863
f 859//879 860//880 845//865
f 859//879 845//865 844//864
f 860//880 861//881 846//866
f 860//880 846//866 845//865
f 861//881 862//882 847//867
f 861//881 847//867 846//866
f 862//882 863//883 848//868
f 862//882 848//868 847//867
f 863//883 864//884 834//854
f 863//883 834//854 848//868
f 864//884 865//885 835//855
f 864//884 835//855 834//854
f 865//885 866//886 850//870
f 866//886 70//520 850//870
f 865//885 850//870 835//855
f 837//857 49//499 474//489
f 473//488 837//857 474//489
f 851//871 36//36 30//887
f 50//498 475//490 474//489
f 852//872 30//887 29//888
f 36//36 851//871 475//490
f 853//873 29//888 26//889
f 30//887 852//872 851//871
f 854//874 26//889 25//890
f 29//888 853//873 852//872
f 855//875 25//890 24//891
f 26//889 854//874 853//873
f 856//876 24//891 2//892
f 25//890 855//875 854//874
f 857//877 2//892 5//893
f 24//891 856//876 855//875
f 858//878 5//893 7//894
f 2//892 857//877 856//876
f 859//879 7//894 8//895
f 5//893 858//878 857//877
f 860//880 8//895 10//896
f 7//894 859//879 858//878
f 861//881 10//896 12//897
f 8//895 860//880 859//879
f 862//882 12//897 14//898
f 10//896 861//881 860//880
f 863//883 14//898 16//899
f 12//897 862//882 861//881
f 864//884 16//899 18//900
f 14//898 863//883 862//882
f 865//885 18//900 21//901
f 16//899 864//884 863//883
f 866//886 21//901 68//902
f 18//900 865//885 864//884
f 68//902 70//520 866//886
f 21//901 866//886 865//885
#
#	object brep_2
#
v 3530.941650 -1599.422852 -78.234734
v 3530.977051 -1600.008423 -78.234734
v 3530.688232 -1599.453613 -79.017395
v 3531.061768 -1599.408325 -77.457390
v 3531.098145 -1600.008423 -77.457390
v 3531.061768 -1599.408325 -76.702492
v 3531.098145 -1600.008423 -76.702492
v 3530.977051 -1600.008423 -75.925148
v 3530.941650 -1599.422852 -75.925148
v 3530.721680 -1600.008423 -75.142487
v 3530.688232 -1599.453613 -75.142487
v 3530.326416 -1600.008423 -74.389160
v 3530.295898 -1599.501221 -74.389160
v 3529.798584 -1600.008423 -73.701843
v 3529.771729 -1599.564697 -73.701843
v 3529.157227 -1600.008423 -73.114029
v 3529.135010 -1599.641968 -73.114029
v 3528.432373 -1600.008423 -72.650810
v 3528.415527 -1599.729126 -72.650810
v 3527.648682 -1599.822144 -72.325447
v 3527.659912 -1600.008423 -72.325447
v 3530.199219 -1598.979980 -74.389160
v 3530.295898 -1599.501221 -79.770721
v 3530.721680 -1600.008423 -79.017395
v 3530.326416 -1600.008423 -79.770721
v 3529.798584 -1600.008423 -80.458038
v 3529.771729 -1599.564697 -80.458038
v 3529.135010 -1599.641968 -81.045853
v 3529.157227 -1600.008423 -81.045853
v 3528.432373 -1600.008423 -81.509071
v 3528.415527 -1599.729126 -81.509071
v 3527.648682 -1599.822144 -81.834435
v 3524.471680 -1598.367920 -81.509071
v 3523.959229 -1597.855347 -81.045853
v 3524.275635 -1597.579834 -81.045853
v 3527.659912 -1600.008423 -81.834435
v 3524.611572 -1599.630737 -81.834435
v 3525.354248 -1599.916504 -82.021301
v 3524.575928 -1599.822144 -81.834435
v 3526.870361 -1599.916504 -82.021301
v 3523.955078 -1599.154419 -81.509071
v 3523.862305 -1599.442261 -81.509071
v 3523.281250 -1598.887573 -81.045853
v 3526.855469 -1597.055542 -81.045853
v 3527.469238 -1596.580933 -80.458038
v 3527.233154 -1597.177246 -81.045853
v 3525.348877 -1600.008423 -82.021301
v 3524.564697 -1600.008423 -81.834435
v 3526.112305 -1600.008423 -82.079941
v 3526.875732 -1600.008423 -82.021301
v 3529.065186 -1599.265259 -81.045853
v 3529.687012 -1599.108765 -80.458038
v 3526.852783 -1599.822144 -82.021301
v 3527.613037 -1599.630737 -81.834435
v 3530.199219 -1598.979980 -79.770721
v 3530.582275 -1598.883545 -79.017395
v 3528.362305 -1599.442261 -81.509071
v 3530.830078 -1598.821167 -78.234734
v 3530.947266 -1598.791626 -77.457390
v 3530.947266 -1598.791626 -76.702492
v 3530.830078 -1598.821167 -75.925148
v 3530.582275 -1598.883545 -75.142487
v 3529.687012 -1599.108765 -73.701843
v 3529.065186 -1599.265259 -73.114029
v 3528.362305 -1599.442261 -72.650810
v 3530.397949 -1598.311768 -75.142487
v 3527.613037 -1599.630737 -72.325447
v 3526.875732 -1600.008423 -72.138580
v 3526.870361 -1599.916504 -72.138580
v 3526.112305 -1600.008423 -72.079941
v 3526.852783 -1599.822144 -72.138580
v 3528.943359 -1598.887573 -81.045853
v 3529.539795 -1598.651489 -80.458038
v 3526.822266 -1599.727417 -82.021301
v 3527.551270 -1599.438843 -81.834435
v 3530.030762 -1598.457153 -79.770721
v 3530.397949 -1598.311768 -79.017395
v 3528.269531 -1599.154419 -81.509071
v 3530.635498 -1598.217651 -78.234734
v 3530.748047 -1598.173218 -77.457390
v 3530.748047 -1598.173218 -76.702492
v 3530.635498 -1598.217651 -75.925148
v 3530.030762 -1598.457153 -74.389160
v 3529.539795 -1598.651489 -73.701843
v 3528.943359 -1598.887573 -73.114029
v 3528.269531 -1599.154419 -72.650810
v 3530.132813 -1597.754272 -75.142487
v 3527.551270 -1599.438843 -72.325447
v 3526.822266 -1599.727417 -72.138580
v 3528.768311 -1598.519287 -81.045853
v 3529.327637 -1598.205688 -80.458038
v 3526.778320 -1599.635010 -82.021301
v 3527.462158 -1599.251587 -81.834435
v 3529.788086 -1597.947510 -79.770721
v 3530.132813 -1597.754272 -79.017395
v 3528.135986 -1598.873779 -81.509071
v 3530.355713 -1597.629272 -78.234734
v 3530.461182 -1597.570190 -77.457390
v 3530.461182 -1597.570190 -76.702492
v 3530.355713 -1597.629272 -75.925148
v 3529.788086 -1597.947510 -74.389160
v 3529.327637 -1598.205688 -73.701843
v 3528.768311 -1598.519287 -73.114029
v 3528.135986 -1598.873779 -72.650810
v 3529.788574 -1597.227905 -75.142487
v 3529.473389 -1597.466309 -74.389160
v 3527.462158 -1599.251587 -72.325447
v 3526.778320 -1599.635010 -72.138580
v 3528.540771 -1598.171631 -81.045853
v 3526.721191 -1599.547852 -82.021301
v 3527.346436 -1599.074951 -81.834435
v 3529.052246 -1597.784790 -80.458038
v 3529.473389 -1597.466309 -79.770721
v 3527.962646 -1598.608887 -81.509071
v 3529.788574 -1597.227905 -79.017395
v 3529.992432 -1597.073853 -78.234734
v 3530.088867 -1597.000854 -77.457390
v 3530.088867 -1597.000854 -76.702492
v 3529.992432 -1597.073853 -75.925148
v 3529.052246 -1597.784790 -73.701843
v 3528.540771 -1598.171631 -73.114029
v 3527.962646 -1598.608887 -72.650810
v 3529.092285 -1597.028564 -74.389160
v 3528.718994 -1597.401855 -73.701843
v 3526.721191 -1599.547852 -72.138580
v 3528.265381 -1597.855347 -81.045853
v 3526.652100 -1599.468506 -82.021301
v 3527.206543 -1598.914185 -81.834435
v 3528.718994 -1597.401855 -80.458038
v 3529.092285 -1597.028564 -79.770721
v 3527.752930 -1598.367920 -81.509071
v 3529.371582 -1596.749146 -79.017395
v 3529.552246 -1596.568481 -78.234734
v 3529.637695 -1596.483032 -77.457390
v 3529.637695 -1596.483032 -76.702492
v 3529.552246 -1596.568481 -75.925148
v 3529.371582 -1596.749146 -75.142487
v 3528.265381 -1597.855347 -73.114029
v 3527.752930 -1598.367920 -72.650810
v 3527.346436 -1599.074951 -72.325447
v 3528.654541 -1596.647339 -74.389160
v 3528.335938 -1597.068359 -73.701843
v 3526.652100 -1599.468506 -72.138580
v 3527.948975 -1597.579834 -81.045853
v 3526.572754 -1599.399536 -82.021301
v 3527.045898 -1598.774170 -81.834435
v 3528.335938 -1597.068359 -80.458038
v 3528.654541 -1596.647339 -79.770721
v 3527.511963 -1598.157959 -81.509071
v 3528.892822 -1596.332153 -79.017395
v 3529.046875 -1596.128418 -78.234734
v 3529.119873 -1596.031982 -77.457390
v 3529.119873 -1596.031982 -76.702492
v 3529.046875 -1596.128418 -75.925148
v 3528.892822 -1596.332153 -75.142487
v 3527.948975 -1597.579834 -73.114029
v 3527.511963 -1598.157959 -72.650810
v 3527.206543 -1598.914185 -72.325447
v 3528.173340 -1596.332520 -74.389160
v 3527.915039 -1596.793091 -73.701843
v 3526.572754 -1599.399536 -72.138580
v 3527.601318 -1597.352417 -81.045853
v 3526.485596 -1599.342407 -82.021301
v 3526.869141 -1598.658569 -81.834435
v 3527.915039 -1596.793091 -80.458038
v 3528.173340 -1596.332520 -79.770721
v 3527.246826 -1597.984741 -81.509071
v 3528.366455 -1595.987793 -79.017395
v 3528.491455 -1595.765015 -78.234734
v 3528.550537 -1595.659546 -77.457390
v 3528.550537 -1595.659546 -76.702492
v 3528.491455 -1595.765015 -75.925148
v 3528.366455 -1595.987793 -75.142487
v 3527.601318 -1597.352417 -73.114029
v 3527.246826 -1597.984741 -72.650810
v 3527.045898 -1598.774170 -72.325447
v 3527.663574 -1596.090088 -74.389160
v 3527.469238 -1596.580933 -73.701843
v 3526.485596 -1599.342407 -72.138580
v 3526.393311 -1599.298584 -82.021301
v 3526.681885 -1598.569580 -81.834435
v 3527.663574 -1596.090088 -79.770721
v 3526.966309 -1597.851196 -81.509071
v 3527.809082 -1595.722656 -79.017395
v 3527.903076 -1595.485229 -78.234734
v 3527.947510 -1595.372803 -77.457390
v 3527.947510 -1595.372803 -76.702492
v 3527.903076 -1595.485229 -75.925148
v 3527.809082 -1595.722656 -75.142487
v 3527.233154 -1597.177246 -73.114029
v 3526.966309 -1597.851196 -72.650810
v 3526.869141 -1598.658569 -72.325447
v 3527.140869 -1595.921631 -74.389160
v 3527.011963 -1596.433594 -73.701843
v 3526.393311 -1599.298584 -72.138580
v 3527.011963 -1596.433594 -80.458038
v 3526.298584 -1599.268066 -82.021301
v 3526.489990 -1598.507690 -81.834435
v 3527.140869 -1595.921631 -79.770721
v 3527.237305 -1595.538452 -79.017395
v 3526.678467 -1597.758545 -81.509071
v 3527.299561 -1595.290649 -78.234734
v 3527.329102 -1595.173462 -77.457390
v 3527.329102 -1595.173462 -76.702492
v 3527.299561 -1595.290649 -75.925148
v 3527.237305 -1595.538452 -75.142487
v 3526.855469 -1597.055542 -73.114029
v 3526.678467 -1597.758545 -72.650810
v 3526.681885 -1598.569580 -72.325447
v 3526.489990 -1598.507690 -72.325447
v 3526.298584 -1598.472168 -72.325447
v 3526.298584 -1599.268066 -72.138580
v 3526.619629 -1595.824829 -74.389160
v 3526.555908 -1596.348999 -73.701843
v 3526.478760 -1596.985596 -81.045853
v 3526.298584 -1598.472168 -81.834435
v 3526.204102 -1599.250488 -82.021301
v 3526.555908 -1596.348999 -80.458038
v 3526.619629 -1595.824829 -79.770721
v 3526.391602 -1597.705200 -81.509071
v 3526.666992 -1595.432617 -79.017395
v 3526.697754 -1595.178955 -78.234734
v 3526.712402 -1595.058960 -77.457390
v 3526.712402 -1595.058960 -76.702492
v 3526.697754 -1595.178955 -75.925148
v 3526.666992 -1595.432617 -75.142487
v 3526.478760 -1596.985596 -73.114029
v 3526.391602 -1597.705200 -72.650810
v 3526.112305 -1596.322144 -73.701843
v 3526.112305 -1595.794189 -74.389160
v 3526.204102 -1599.250488 -72.138580
v 3526.112305 -1596.963501 -81.045853
v 3526.112305 -1598.460938 -81.834435
v 3526.112305 -1599.244873 -82.021301
v 3526.112305 -1596.322144 -80.458038
v 3526.112305 -1595.794189 -79.770721
v 3526.112305 -1597.688354 -81.509071
v 3526.112305 -1595.399048 -79.017395
v 3526.112305 -1595.143555 -78.234734
v 3526.112305 -1595.022705 -77.457390
v 3526.112305 -1595.022705 -76.702492
v 3526.112305 -1595.143555 -75.925148
v 3526.112305 -1595.399048 -75.142487
v 3526.112305 -1596.963501 -73.114029
v 3526.112305 -1597.688354 -72.650810
v 3525.668701 -1596.348999 -73.701843
v 3526.112305 -1598.460938 -72.325447
v 3526.112305 -1599.244873 -72.138580
v 3525.833008 -1597.705200 -81.509071
v 3525.745850 -1596.985596 -81.045853
v 3525.926025 -1598.472168 -81.834435
v 3526.020508 -1599.250488 -82.021301
v 3525.668701 -1596.348999 -80.458038
v 3525.604980 -1595.824829 -79.770721
v 3525.557617 -1595.432617 -79.017395
v 3525.526855 -1595.178955 -78.234734
v 3525.512207 -1595.058960 -77.457390
v 3525.512207 -1595.058960 -76.702492
v 3525.526855 -1595.178955 -75.925148
v 3525.557617 -1595.432617 -75.142487
v 3525.604980 -1595.824829 -74.389160
v 3525.745850 -1596.985596 -73.114029
v 3525.833008 -1597.705200 -72.650810
v 3525.926025 -1598.472168 -72.325447
v 3525.369141 -1597.055542 -73.114029
v 3525.369141 -1597.055542 -81.045853
v 3525.546143 -1597.758545 -81.509071
v 3525.734619 -1598.507690 -81.834435
v 3525.926025 -1599.268066 -82.021301
v 3525.212646 -1596.433594 -80.458038
v 3525.083740 -1595.921631 -79.770721
v 3524.987305 -1595.538452 -79.017395
v 3524.925049 -1595.290649 -78.234734
v 3524.895508 -1595.173462 -77.457390
v 3524.895508 -1595.173462 -76.702492
v 3524.925049 -1595.290649 -75.925148
v 3524.987305 -1595.538452 -75.142487
v 3525.083740 -1595.921631 -74.389160
v 3525.212646 -1596.433594 -73.701843
v 3525.546143 -1597.758545 -72.650810
v 3525.734619 -1598.507690 -72.325447
v 3524.991455 -1597.177246 -73.114029
v 3526.020508 -1599.250488 -72.138580
v 3524.991455 -1597.177246 -81.045853
v 3525.258301 -1597.851196 -81.509071
v 3525.542725 -1598.569580 -81.834435
v 3525.831299 -1599.298584 -82.021301
v 3524.755371 -1596.580933 -80.458038
v 3524.561035 -1596.090088 -79.770721
v 3524.415527 -1595.722656 -79.017395
v 3524.321533 -1595.485229 -78.234734
v 3524.277100 -1595.372803 -77.457390
v 3524.277100 -1595.372803 -76.702492
v 3524.321533 -1595.485229 -75.925148
v 3524.415527 -1595.722656 -75.142487
v 3524.561035 -1596.090088 -74.389160
v 3524.755371 -1596.580933 -73.701843
v 3525.258301 -1597.851196 -72.650810
v 3525.542725 -1598.569580 -72.325447
v 3524.623291 -1597.352417 -73.114029
v 3525.926025 -1599.268066 -72.138580
v 3524.623291 -1597.352417 -81.045853
v 3524.977783 -1597.984741 -81.509071
v 3525.355469 -1598.658569 -81.834435
v 3525.739014 -1599.342407 -82.021301
v 3524.309570 -1596.793091 -80.458038
v 3524.051270 -1596.332520 -79.770721
v 3523.858154 -1595.987793 -79.017395
v 3523.733154 -1595.765015 -78.234734
v 3523.674072 -1595.659546 -77.457390
v 3523.674072 -1595.659546 -76.702492
v 3523.733154 -1595.765015 -75.925148
v 3523.858154 -1595.987793 -75.142487
v 3524.051270 -1596.332520 -74.389160
v 3524.309570 -1596.793091 -73.701843
v 3524.977783 -1597.984741 -72.650810
v 3525.355469 -1598.658569 -72.325447
v 3524.275635 -1597.579834 -73.114029
v 3525.831299 -1599.298584 -72.138580
v 3524.712646 -1598.157959 -81.509071
v 3525.178711 -1598.774170 -81.834435
v 3525.651855 -1599.399536 -82.021301
v 3523.888672 -1597.068359 -80.458038
v 3523.570068 -1596.647339 -79.770721
v 3523.331787 -1596.332153 -79.017395
v 3523.177734 -1596.128418 -78.234734
v 3523.104736 -1596.031982 -77.457390
v 3523.104736 -1596.031982 -76.702492
v 3523.177734 -1596.128418 -75.925148
v 3523.331787 -1596.332153 -75.142487
v 3523.570068 -1596.647339 -74.389160
v 3523.888672 -1597.068359 -73.701843
v 3524.712646 -1598.157959 -72.650810
v 3525.178711 -1598.774170 -72.325447
v 3523.959229 -1597.855347 -73.114029
v 3525.739014 -1599.342407 -72.138580
v 3523.505615 -1597.401855 -80.458038
v 3525.018066 -1598.914185 -81.834435
v 3525.572510 -1599.468506 -82.021301
v 3523.132324 -1597.028564 -79.770721
v 3522.853027 -1596.749146 -79.017395
v 3522.672363 -1596.568481 -78.234734
v 3522.586914 -1596.483032 -77.457390
v 3522.586914 -1596.483032 -76.702492
v 3522.672363 -1596.568481 -75.925148
v 3522.853027 -1596.749146 -75.142487
v 3523.132324 -1597.028564 -74.389160
v 3523.505615 -1597.401855 -73.701843
v 3524.471680 -1598.367920 -72.650810
v 3525.018066 -1598.914185 -72.325447
v 3523.683838 -1598.171631 -73.114029
v 3524.261963 -1598.608887 -72.650810
v 3525.572510 -1599.468506 -72.138580
v 3525.651855 -1599.399536 -72.138580
v 3524.261963 -1598.608887 -81.509071
v 3525.503418 -1599.547852 -82.021301
v 3524.878174 -1599.074951 -81.834435
v 3523.683838 -1598.171631 -81.045853
v 3523.172363 -1597.784790 -80.458038
v 3522.751221 -1597.466309 -79.770721
v 3522.436035 -1597.227905 -79.017395
v 3522.232178 -1597.073853 -78.234734
v 3522.135742 -1597.000854 -77.457390
v 3522.135742 -1597.000854 -76.702492
v 3522.232178 -1597.073853 -75.925148
v 3522.436035 -1597.227905 -75.142487
v 3522.751221 -1597.466309 -74.389160
v 3523.172363 -1597.784790 -73.701843
v 3524.878174 -1599.074951 -72.325447
v 3524.088623 -1598.873779 -72.650810
v 3524.762451 -1599.251587 -72.325447
v 3524.088623 -1598.873779 -81.509071
v 3525.446289 -1599.635010 -82.021301
v 3524.762451 -1599.251587 -81.834435
v 3523.456299 -1598.519287 -81.045853
v 3522.896973 -1598.205688 -80.458038
v 3522.436523 -1597.947510 -79.770721
v 3522.091797 -1597.754272 -79.017395
v 3521.868896 -1597.629272 -78.234734
v 3521.763428 -1597.570190 -77.457390
v 3521.763428 -1597.570190 -76.702492
v 3521.868896 -1597.629272 -75.925148
v 3522.091797 -1597.754272 -75.142487
v 3522.436523 -1597.947510 -74.389160
v 3522.896973 -1598.205688 -73.701843
v 3523.456299 -1598.519287 -73.114029
v 3525.503418 -1599.547852 -72.138580
v 3523.955078 -1599.154419 -72.650810
v 3524.673340 -1599.438843 -72.325447
v 3525.402344 -1599.727417 -82.021301
v 3524.673340 -1599.438843 -81.834435
v 3522.684814 -1598.651489 -80.458038
v 3522.193848 -1598.457153 -79.770721
v 3521.826660 -1598.311768 -79.017395
v 3521.589111 -1598.217651 -78.234734
v 3521.476563 -1598.173218 -77.457390
v 3521.476563 -1598.173218 -76.702492
v 3521.589111 -1598.217651 -75.925148
v 3521.826660 -1598.311768 -75.142487
v 3522.193848 -1598.457153 -74.389160
v 3522.684814 -1598.651489 -73.701843
v 3523.281250 -1598.887573 -73.114029
v 3525.446289 -1599.635010 -72.138580
v 3523.862305 -1599.442261 -72.650810
v 3524.611572 -1599.630737 -72.325447
v 3523.159424 -1599.265259 -81.045853
v 3525.371826 -1599.822144 -82.021301
v 3522.537598 -1599.108765 -80.458038
v 3522.025391 -1598.979980 -79.770721
v 3521.642334 -1598.883545 -79.017395
v 3521.394531 -1598.821167 -78.234734
v 3521.277344 -1598.791626 -77.457390
v 3521.277344 -1598.791626 -76.702492
v 3521.394531 -1598.821167 -75.925148
v 3521.642334 -1598.883545 -75.142487
v 3522.025391 -1598.979980 -74.389160
v 3522.537598 -1599.108765 -73.701843
v 3523.159424 -1599.265259 -73.114029
v 3525.402344 -1599.727417 -72.138580
v 3525.371826 -1599.822144 -72.138580
v 3523.809082 -1599.729126 -81.509071
v 3523.089600 -1599.641968 -81.045853
v 3522.452881 -1599.564697 -80.458038
v 3521.928711 -1599.501221 -79.770721
v 3521.536377 -1599.453613 -79.017395
v 3521.282959 -1599.422852 -78.234734
v 3521.162842 -1599.408325 -77.457390
v 3521.162842 -1599.408325 -76.702492
v 3521.282959 -1599.422852 -75.925148
v 3521.536377 -1599.453613 -75.142487
v 3521.928711 -1599.501221 -74.389160
v 3522.452881 -1599.564697 -73.701843
v 3523.089600 -1599.641968 -73.114029
v 3523.809082 -1599.729126 -72.650810
v 3524.575928 -1599.822144 -72.325447
v 3525.354248 -1599.916504 -72.138580
v 3523.792236 -1600.008423 -81.509071
v 3523.067383 -1600.008423 -81.045853
v 3522.426025 -1600.008423 -80.458038
v 3521.898193 -1600.008423 -79.770721
v 3521.502930 -1600.008423 -79.017395
v 3521.247559 -1600.008423 -78.234734
v 3521.126465 -1600.008423 -77.457390
v 3521.126465 -1600.008423 -76.702492
v 3521.247559 -1600.008423 -75.925148
v 3521.502930 -1600.008423 -75.142487
v 3521.898193 -1600.008423 -74.389160
v 3522.426025 -1600.008423 -73.701843
v 3523.067383 -1600.008423 -73.114029
v 3523.792236 -1600.008423 -72.650810
v 3524.564697 -1600.008423 -72.325447
v 3525.348877 -1600.008423 -72.138580
v 3521.282959 -1600.593994 -78.234734
v 3521.536377 -1600.563232 -79.017395
v 3521.162842 -1600.608521 -77.457390
v 3521.162842 -1600.608521 -76.702492
v 3521.282959 -1600.593994 -75.925148
v 3521.536377 -1600.563232 -75.142487
v 3521.928711 -1600.515625 -74.389160
v 3522.452881 -1600.452148 -73.701843
v 3523.089600 -1600.374878 -73.114029
v 3523.809082 -1600.287720 -72.650810
v 3524.575928 -1600.194702 -72.325447
v 3522.025391 -1601.036865 -74.389160
v 3521.928711 -1600.515625 -79.770721
v 3522.452881 -1600.452148 -80.458038
v 3523.089600 -1600.374878 -81.045853
v 3523.809082 -1600.287720 -81.509071
v 3524.575928 -1600.194702 -81.834435
v 3527.752930 -1601.648926 -81.509071
v 3528.265381 -1602.161499 -81.045853
v 3527.948975 -1602.437012 -81.045853
v 3527.613037 -1600.386108 -81.834435
v 3526.870361 -1600.100342 -82.021301
v 3527.648682 -1600.194702 -81.834435
v 3525.354248 -1600.100342 -82.021301
v 3528.269531 -1600.862427 -81.509071
v 3528.362305 -1600.574585 -81.509071
v 3528.943359 -1601.129272 -81.045853
v 3525.369141 -1602.961304 -81.045853
v 3524.755371 -1603.435913 -80.458038
v 3524.991455 -1602.839600 -81.045853
v 3523.159424 -1600.751587 -81.045853
v 3522.537598 -1600.908081 -80.458038
v 3525.371826 -1600.194702 -82.021301
v 3524.611572 -1600.386108 -81.834435
v 3522.025391 -1601.036865 -79.770721
v 3521.642334 -1601.133301 -79.017395
v 3523.862305 -1600.574585 -81.509071
v 3521.394531 -1601.195679 -78.234734
v 3521.277344 -1601.225220 -77.457390
v 3521.277344 -1601.225220 -76.702492
v 3521.394531 -1601.195679 -75.925148
v 3521.642334 -1601.133301 -75.142487
v 3522.537598 -1600.908081 -73.701843
v 3523.159424 -1600.751587 -73.114029
v 3523.862305 -1600.574585 -72.650810
v 3521.826660 -1601.705078 -75.142487
v 3524.611572 -1600.386108 -72.325447
v 3525.354248 -1600.100342 -72.138580
v 3525.371826 -1600.194702 -72.138580
v 3523.281250 -1601.129272 -81.045853
v 3522.684814 -1601.365356 -80.458038
v 3525.402344 -1600.289429 -82.021301
v 3524.673340 -1600.578003 -81.834435
v 3522.193848 -1601.559692 -79.770721
v 3521.826660 -1601.705078 -79.017395
v 3523.955078 -1600.862427 -81.509071
v 3521.589111 -1601.799194 -78.234734
v 3521.476563 -1601.843628 -77.457390
v 3521.476563 -1601.843628 -76.702492
v 3521.589111 -1601.799194 -75.925148
v 3522.193848 -1601.559692 -74.389160
v 3522.684814 -1601.365356 -73.701843
v 3523.281250 -1601.129272 -73.114029
v 3523.955078 -1600.862427 -72.650810
v 3522.091797 -1602.262573 -75.142487
v 3524.673340 -1600.578003 -72.325447
v 3525.402344 -1600.289429 -72.138580
v 3523.456299 -1601.497559 -81.045853
v 3522.896973 -1601.811157 -80.458038
v 3525.446289 -1600.381836 -82.021301
v 3524.762451 -1600.765259 -81.834435
v 3522.436523 -1602.069336 -79.770721
v 3522.091797 -1602.262573 -79.017395
v 3524.088623 -1601.143066 -81.509071
v 3521.868896 -1602.387573 -78.234734
v 3521.763428 -1602.446655 -77.457390
v 3521.763428 -1602.446655 -76.702492
v 3521.868896 -1602.387573 -75.925148
v 3522.436523 -1602.069336 -74.389160
v 3522.896973 -1601.811157 -73.701843
v 3523.456299 -1601.497559 -73.114029
v 3524.088623 -1601.143066 -72.650810
v 3522.436035 -1602.788940 -75.142487
v 3522.751221 -1602.550537 -74.389160
v 3524.762451 -1600.765259 -72.325447
v 3525.446289 -1600.381836 -72.138580
v 3523.683838 -1601.845215 -81.045853
v 3525.503418 -1600.468994 -82.021301
v 3524.878174 -1600.941895 -81.834435
v 3523.172363 -1602.232056 -80.458038
v 3522.751221 -1602.550537 -79.770721
v 3524.261963 -1601.407959 -81.509071
v 3522.436035 -1602.788940 -79.017395
v 3522.232178 -1602.942993 -78.234734
v 3522.135742 -1603.015991 -77.457390
v 3522.135742 -1603.015991 -76.702492
v 3522.232178 -1602.942993 -75.925148
v 3523.172363 -1602.232056 -73.701843
v 3523.683838 -1601.845215 -73.114029
v 3524.261963 -1601.407959 -72.650810
v 3523.132324 -1602.988281 -74.389160
v 3523.505615 -1602.614990 -73.701843
v 3525.503418 -1600.468994 -72.138580
v 3523.959229 -1602.161499 -81.045853
v 3525.572510 -1600.548340 -82.021301
v 3525.018066 -1601.102661 -81.834435
v 3523.505615 -1602.614990 -80.458038
v 3523.132324 -1602.988281 -79.770721
v 3524.471680 -1601.648926 -81.509071
v 3522.853027 -1603.267700 -79.017395
v 3522.672363 -1603.448364 -78.234734
v 3522.586914 -1603.533813 -77.457390
v 3522.586914 -1603.533813 -76.702492
v 3522.672363 -1603.448364 -75.925148
v 3522.853027 -1603.267700 -75.142487
v 3523.959229 -1602.161499 -73.114029
v 3524.471680 -1601.648926 -72.650810
v 3524.878174 -1600.941895 -72.325447
v 3523.570068 -1603.369507 -74.389160
v 3523.888672 -1602.948486 -73.701843
v 3525.572510 -1600.548340 -72.138580
v 3524.275635 -1602.437012 -81.045853
v 3525.651855 -1600.617310 -82.021301
v 3525.178711 -1601.242676 -81.834435
v 3523.888672 -1602.948486 -80.458038
v 3523.570068 -1603.369507 -79.770721
v 3524.712646 -1601.858887 -81.509071
v 3523.331787 -1603.684692 -79.017395
v 3523.177734 -1603.888428 -78.234734
v 3523.104736 -1603.984863 -77.457390
v 3523.104736 -1603.984863 -76.702492
v 3523.177734 -1603.888428 -75.925148
v 3523.331787 -1603.684692 -75.142487
v 3524.275635 -1602.437012 -73.114029
v 3524.712646 -1601.858887 -72.650810
v 3525.018066 -1601.102661 -72.325447
v 3524.051270 -1603.684326 -74.389160
v 3524.309570 -1603.223755 -73.701843
v 3525.651855 -1600.617310 -72.138580
v 3524.623291 -1602.664429 -81.045853
v 3525.739014 -1600.674438 -82.021301
v 3525.355469 -1601.358276 -81.834435
v 3524.309570 -1603.223755 -80.458038
v 3524.051270 -1603.684326 -79.770721
v 3524.977783 -1602.032104 -81.509071
v 3523.858154 -1604.029053 -79.017395
v 3523.733154 -1604.251831 -78.234734
v 3523.674072 -1604.357300 -77.457390
v 3523.674072 -1604.357300 -76.702492
v 3523.733154 -1604.251831 -75.925148
v 3523.858154 -1604.029053 -75.142487
v 3524.623291 -1602.664429 -73.114029
v 3524.977783 -1602.032104 -72.650810
v 3525.178711 -1601.242676 -72.325447
v 3524.561035 -1603.926758 -74.389160
v 3524.755371 -1603.435913 -73.701843
v 3525.739014 -1600.674438 -72.138580
v 3525.831299 -1600.718262 -82.021301
v 3525.542725 -1601.447266 -81.834435
v 3524.561035 -1603.926758 -79.770721
v 3525.258301 -1602.165649 -81.509071
v 3524.415527 -1604.294189 -79.017395
v 3524.321533 -1604.531616 -78.234734
v 3524.277100 -1604.644043 -77.457390
v 3524.277100 -1604.644043 -76.702492
v 3524.321533 -1604.531616 -75.925148
v 3524.415527 -1604.294189 -75.142487
v 3524.991455 -1602.839600 -73.114029
v 3525.258301 -1602.165649 -72.650810
v 3525.355469 -1601.358276 -72.325447
v 3525.083740 -1604.095215 -74.389160
v 3525.212646 -1603.583252 -73.701843
v 3525.831299 -1600.718262 -72.138580
v 3525.212646 -1603.583252 -80.458038
v 3525.926025 -1600.748779 -82.021301
v 3525.734619 -1601.509155 -81.834435
v 3525.083740 -1604.095215 -79.770721
v 3524.987305 -1604.478394 -79.017395
v 3525.546143 -1602.258301 -81.509071
v 3524.925049 -1604.726196 -78.234734
v 3524.895508 -1604.843384 -77.457390
v 3524.895508 -1604.843384 -76.702492
v 3524.925049 -1604.726196 -75.925148
v 3524.987305 -1604.478394 -75.142487
v 3525.369141 -1602.961304 -73.114029
v 3525.546143 -1602.258301 -72.650810
v 3525.542725 -1601.447266 -72.325447
v 3525.734619 -1601.509155 -72.325447
v 3525.926025 -1601.544678 -72.325447
v 3525.926025 -1600.748779 -72.138580
v 3525.604980 -1604.192017 -74.389160
v 3525.668701 -1603.667847 -73.701843
v 3525.745850 -1603.031250 -81.045853
v 3525.926025 -1601.544678 -81.834435
v 3526.020508 -1600.766357 -82.021301
v 3525.668701 -1603.667847 -80.458038
v 3525.604980 -1604.192017 -79.770721
v 3525.833008 -1602.311646 -81.509071
v 3525.557617 -1604.584229 -79.017395
v 3525.526855 -1604.837891 -78.234734
v 3525.512207 -1604.957886 -77.457390
v 3525.512207 -1604.957886 -76.702492
v 3525.526855 -1604.837891 -75.925148
v 3525.557617 -1604.584229 -75.142487
v 3525.745850 -1603.031250 -73.114029
v 3525.833008 -1602.311646 -72.650810
v 3526.112305 -1603.694702 -73.701843
v 3526.112305 -1604.222656 -74.389160
v 3526.020508 -1600.766357 -72.138580
v 3526.112305 -1603.053345 -81.045853
v 3526.112305 -1601.555908 -81.834435
v 3526.112305 -1600.771973 -82.021301
v 3526.112305 -1603.694702 -80.458038
v 3526.112305 -1604.222656 -79.770721
v 3526.112305 -1602.328491 -81.509071
v 3526.112305 -1604.617798 -79.017395
v 3526.112305 -1604.873291 -78.234734
v 3526.112305 -1604.994141 -77.457390
v 3526.112305 -1604.994141 -76.702492
v 3526.112305 -1604.873291 -75.925148
v 3526.112305 -1604.617798 -75.142487
v 3526.112305 -1603.053345 -73.114029
v 3526.112305 -1602.328491 -72.650810
v 3526.555908 -1603.667847 -73.701843
v 3526.112305 -1601.555908 -72.325447
v 3526.112305 -1600.771973 -72.138580
v 3526.391602 -1602.311646 -81.509071
v 3526.478760 -1603.031250 -81.045853
v 3526.298584 -1601.544678 -81.834435
v 3526.204102 -1600.766357 -82.021301
v 3526.555908 -1603.667847 -80.458038
v 3526.619629 -1604.192017 -79.770721
v 3526.666992 -1604.584229 -79.017395
v 3526.697754 -1604.837891 -78.234734
v 3526.712402 -1604.957886 -77.457390
v 3526.712402 -1604.957886 -76.702492
v 3526.697754 -1604.837891 -75.925148
v 3526.666992 -1604.584229 -75.142487
v 3526.619629 -1604.192017 -74.389160
v 3526.478760 -1603.031250 -73.114029
v 3526.391602 -1602.311646 -72.650810
v 3526.298584 -1601.544678 -72.325447
v 3526.855469 -1602.961304 -73.114029
v 3526.855469 -1602.961304 -81.045853
v 3526.678467 -1602.258301 -81.509071
v 3526.489990 -1601.509155 -81.834435
v 3526.298584 -1600.748779 -82.021301
v 3527.011963 -1603.583252 -80.458038
v 3527.140869 -1604.095215 -79.770721
v 3527.237305 -1604.478394 -79.017395
v 3527.299561 -1604.726196 -78.234734
v 3527.329102 -1604.843384 -77.457390
v 3527.329102 -1604.843384 -76.702492
v 3527.299561 -1604.726196 -75.925148
v 3527.237305 -1604.478394 -75.142487
v 3527.140869 -1604.095215 -74.389160
v 3527.011963 -1603.583252 -73.701843
v 3526.678467 -1602.258301 -72.650810
v 3526.489990 -1601.509155 -72.325447
v 3527.233154 -1602.839600 -73.114029
v 3526.204102 -1600.766357 -72.138580
v 3527.233154 -1602.839600 -81.045853
v 3526.966309 -1602.165649 -81.509071
v 3526.681885 -1601.447266 -81.834435
v 3526.393311 -1600.718262 -82.021301
v 3527.469238 -1603.435913 -80.458038
v 3527.663574 -1603.926758 -79.770721
v 3527.809082 -1604.294189 -79.017395
v 3527.903076 -1604.531616 -78.234734
v 3527.947510 -1604.644043 -77.457390
v 3527.947510 -1604.644043 -76.702492
v 3527.903076 -1604.531616 -75.925148
v 3527.809082 -1604.294189 -75.142487
v 3527.663574 -1603.926758 -74.389160
v 3527.469238 -1603.435913 -73.701843
v 3526.966309 -1602.165649 -72.650810
v 3526.681885 -1601.447266 -72.325447
v 3527.601318 -1602.664429 -73.114029
v 3526.298584 -1600.748779 -72.138580
v 3527.601318 -1602.664429 -81.045853
v 3527.246826 -1602.032104 -81.509071
v 3526.869141 -1601.358276 -81.834435
v 3526.485596 -1600.674438 -82.021301
v 3527.915039 -1603.223755 -80.458038
v 3528.173340 -1603.684326 -79.770721
v 3528.366455 -1604.029053 -79.017395
v 3528.491455 -1604.251831 -78.234734
v 3528.550537 -1604.357300 -77.457390
v 3528.550537 -1604.357300 -76.702492
v 3528.491455 -1604.251831 -75.925148
v 3528.366455 -1604.029053 -75.142487
v 3528.173340 -1603.684326 -74.389160
v 3527.915039 -1603.223755 -73.701843
v 3527.246826 -1602.032104 -72.650810
v 3526.869141 -1601.358276 -72.325447
v 3527.948975 -1602.437012 -73.114029
v 3526.393311 -1600.718262 -72.138580
v 3527.511963 -1601.858887 -81.509071
v 3527.045898 -1601.242676 -81.834435
v 3526.572754 -1600.617310 -82.021301
v 3528.335938 -1602.948486 -80.458038
v 3528.654541 -1603.369507 -79.770721
v 3528.892822 -1603.684692 -79.017395
v 3529.046875 -1603.888428 -78.234734
v 3529.119873 -1603.984863 -77.457390
v 3529.119873 -1603.984863 -76.702492
v 3529.046875 -1603.888428 -75.925148
v 3528.892822 -1603.684692 -75.142487
v 3528.654541 -1603.369507 -74.389160
v 3528.335938 -1602.948486 -73.701843
v 3527.511963 -1601.858887 -72.650810
v 3527.045898 -1601.242676 -72.325447
v 3528.265381 -1602.161499 -73.114029
v 3526.485596 -1600.674438 -72.138580
v 3528.718994 -1602.614990 -80.458038
v 3527.206543 -1601.102661 -81.834435
v 3526.652100 -1600.548340 -82.021301
v 3529.092285 -1602.988281 -79.770721
v 3529.371582 -1603.267700 -79.017395
v 3529.552246 -1603.448364 -78.234734
v 3529.637695 -1603.533813 -77.457390
v 3529.637695 -1603.533813 -76.702492
v 3529.552246 -1603.448364 -75.925148
v 3529.371582 -1603.267700 -75.142487
v 3529.092285 -1602.988281 -74.389160
v 3528.718994 -1602.614990 -73.701843
v 3527.752930 -1601.648926 -72.650810
v 3527.206543 -1601.102661 -72.325447
v 3528.540771 -1601.845215 -73.114029
v 3527.962646 -1601.407959 -72.650810
v 3526.652100 -1600.548340 -72.138580
v 3526.572754 -1600.617310 -72.138580
v 3527.962646 -1601.407959 -81.509071
v 3526.721191 -1600.468994 -82.021301
v 3527.346436 -1600.941895 -81.834435
v 3528.540771 -1601.845215 -81.045853
v 3529.052246 -1602.232056 -80.458038
v 3529.473389 -1602.550537 -79.770721
v 3529.788574 -1602.788940 -79.017395
v 3529.992432 -1602.942993 -78.234734
v 3530.088867 -1603.015991 -77.457390
v 3530.088867 -1603.015991 -76.702492
v 3529.992432 -1602.942993 -75.925148
v 3529.788574 -1602.788940 -75.142487
v 3529.473389 -1602.550537 -74.389160
v 3529.052246 -1602.232056 -73.701843
v 3527.346436 -1600.941895 -72.325447
v 3528.135986 -1601.143066 -72.650810
v 3527.462158 -1600.765259 -72.325447
v 3528.135986 -1601.143066 -81.509071
v 3526.778320 -1600.381836 -82.021301
v 3527.462158 -1600.765259 -81.834435
v 3528.768311 -1601.497559 -81.045853
v 3529.327637 -1601.811157 -80.458038
v 3529.788086 -1602.069336 -79.770721
v 3530.132813 -1602.262573 -79.017395
v 3530.355713 -1602.387573 -78.234734
v 3530.461182 -1602.446655 -77.457390
v 3530.461182 -1602.446655 -76.702492
v 3530.355713 -1602.387573 -75.925148
v 3530.132813 -1602.262573 -75.142487
v 3529.788086 -1602.069336 -74.389160
v 3529.327637 -1601.811157 -73.701843
v 3528.768311 -1601.497559 -73.114029
v 3526.721191 -1600.468994 -72.138580
v 3528.269531 -1600.862427 -72.650810
v 3527.551270 -1600.578003 -72.325447
v 3526.822266 -1600.289429 -82.021301
v 3527.551270 -1600.578003 -81.834435
v 3529.539795 -1601.365356 -80.458038
v 3530.030762 -1601.559692 -79.770721
v 3530.397949 -1601.705078 -79.017395
v 3530.635498 -1601.799194 -78.234734
v 3530.748047 -1601.843628 -77.457390
v 3530.748047 -1601.843628 -76.702492
v 3530.635498 -1601.799194 -75.925148
v 3530.397949 -1601.705078 -75.142487
v 3530.030762 -1601.559692 -74.389160
v 3529.539795 -1601.365356 -73.701843
v 3528.943359 -1601.129272 -73.114029
v 3526.778320 -1600.381836 -72.138580
v 3528.362305 -1600.574585 -72.650810
v 3527.613037 -1600.386108 -72.325447
v 3529.065186 -1600.751587 -81.045853
v 3526.852783 -1600.194702 -82.021301
v 3529.687012 -1600.908081 -80.458038
v 3530.199219 -1601.036865 -79.770721
v 3530.582275 -1601.133301 -79.017395
v 3530.830078 -1601.195679 -78.234734
v 3530.947266 -1601.225220 -77.457390
v 3530.947266 -1601.225220 -76.702492
v 3530.830078 -1601.195679 -75.925148
v 3530.582275 -1601.133301 -75.142487
v 3530.199219 -1601.036865 -74.389160
v 3529.687012 -1600.908081 -73.701843
v 3529.065186 -1600.751587 -73.114029
v 3526.822266 -1600.289429 -72.138580
v 3526.852783 -1600.194702 -72.138580
v 3528.415527 -1600.287720 -81.509071
v 3529.135010 -1600.374878 -81.045853
v 3529.771729 -1600.452148 -80.458038
v 3530.295898 -1600.515625 -79.770721
v 3530.688232 -1600.563232 -79.017395
v 3530.941650 -1600.593994 -78.234734
v 3531.061768 -1600.608521 -77.457390
v 3531.061768 -1600.608521 -76.702492
v 3530.941650 -1600.593994 -75.925148
v 3530.688232 -1600.563232 -75.142487
v 3530.295898 -1600.515625 -74.389160
v 3529.771729 -1600.452148 -73.701843
v 3529.135010 -1600.374878 -73.114029
v 3528.415527 -1600.287720 -72.650810
v 3527.648682 -1600.194702 -72.325447
v 3526.870361 -1600.100342 -72.138580
vn 0.965890 0.117106 -0.230959
vn 0.972963 -0.000000 -0.230959
vn 0.915172 0.110957 -0.387490
vn 0.989898 0.120017 -0.075490
vn 0.997147 -0.000000 -0.075490
vn 0.989898 0.120017 0.075490
vn 0.997147 0.000000 0.075490
vn 0.972963 0.000000 0.230959
vn 0.965890 0.117106 0.230959
vn 0.921874 -0.000000 0.387490
vn 0.915172 0.110957 0.387490
vn 0.842845 -0.000000 0.538157
vn 0.836718 0.101445 0.538157
vn 0.737251 0.000000 0.675619
vn 0.731892 0.088736 0.675619
vn 0.608985 -0.000000 0.793182
vn 0.604557 0.073298 0.793182
vn 0.464017 -0.000000 0.885826
vn 0.460644 0.055849 0.885826
vn 0.307254 0.037252 0.950898
vn 0.309504 0.000000 0.950898
vn 0.817359 0.205698 0.538157
vn 0.836718 0.101445 -0.538157
vn 0.921874 -0.000000 -0.387490
vn 0.842845 -0.000000 -0.538157
vn 0.737251 0.000000 -0.675619
vn 0.731892 0.088736 -0.675619
vn 0.604558 0.073298 -0.793182
vn 0.608985 -0.000000 -0.793182
vn 0.464017 0.000000 -0.885826
vn 0.460644 0.055849 -0.885826
vn 0.307254 0.037252 -0.950898
vn -0.328110 0.328110 -0.885826
vn -0.430617 0.430617 -0.793182
vn -0.367358 0.485706 -0.793182
vn 0.309504 -0.000000 -0.950898
vn -0.300145 0.075535 -0.950898
vn -0.151589 0.018379 -0.988273
vn -0.307254 0.037252 -0.950898
vn 0.151589 0.018379 -0.988273
vn -0.431438 0.170802 -0.885826
vn -0.449986 0.113244 -0.885826
vn -0.566227 0.224164 -0.793182
vn 0.148624 0.590570 -0.793182
vn 0.271378 0.685488 -0.675619
vn 0.224164 0.566227 -0.793182
vn -0.152700 0.000000 -0.988273
vn -0.309504 0.000000 -0.950898
vn -0.028445 -0.000000 -0.999595
vn 0.152700 0.000000 -0.988273
vn 0.590570 0.148624 -0.793182
vn 0.714958 0.179928 -0.675619
vn 0.148082 0.037267 -0.988273
vn 0.300145 0.075535 -0.950898
vn 0.817359 0.205698 -0.538157
vn 0.893998 0.224985 -0.387490
vn 0.449986 0.113244 -0.885826
vn 0.943543 0.237454 -0.230959
vn 0.966995 0.243356 -0.075490
vn 0.966995 0.243356 0.075490
vn 0.943543 0.237454 0.230959
vn 0.893998 0.224985 0.387490
vn 0.714958 0.179928 0.675619
vn 0.590570 0.148624 0.793182
vn 0.449986 0.113244 0.885826
vn 0.857147 0.339337 0.387490
vn 0.300146 0.075535 0.950898
vn 0.152700 0.000000 0.988273
vn 0.151589 0.018379 0.988273
vn 0.028445 0.000000 0.999595
vn 0.148082 0.037267 0.988273
vn 0.566227 0.224164 -0.793182
vn 0.685488 0.271378 -0.675619
vn 0.141978 0.056208 -0.988273
vn 0.287773 0.113927 -0.950898
vn 0.783667 0.310247 -0.538157
vn 0.857147 0.339337 -0.387490
vn 0.431438 0.170802 -0.885826
vn 0.904650 0.358143 -0.230959
vn 0.927135 0.367044 -0.075490
vn 0.927135 0.367044 0.075490
vn 0.904650 0.358143 0.230959
vn 0.783667 0.310247 0.538157
vn 0.685488 0.271378 0.675619
vn 0.566227 0.224164 0.793182
vn 0.431438 0.170802 0.885826
vn 0.804114 0.450835 0.387490
vn 0.287773 0.113927 0.950898
vn 0.141978 0.056208 0.988273
vn 0.531193 0.297819 -0.793182
vn 0.643075 0.360547 -0.675619
vn 0.133194 0.074676 -0.988273
vn 0.269968 0.151360 -0.950898
vn 0.735180 0.412186 -0.538157
vn 0.804114 0.450835 -0.387490
vn 0.404744 0.226924 -0.885826
vn 0.848677 0.475820 -0.230959
vn 0.869771 0.487646 -0.075490
vn 0.869771 0.487646 0.075490
vn 0.848677 0.475820 0.230959
vn 0.735180 0.412186 0.538157
vn 0.643075 0.360547 0.675619
vn 0.531193 0.297819 0.793182
vn 0.404744 0.226924 0.885826
vn 0.735256 0.556103 0.387490
vn 0.672225 0.508430 0.538157
vn 0.269968 0.151360 0.950898
vn 0.133194 0.074676 0.988273
vn 0.485706 0.367358 -0.793182
vn 0.121788 0.092113 -0.988273
vn 0.246850 0.186702 -0.950898
vn 0.588007 0.444733 -0.675619
vn 0.672225 0.508430 -0.538157
vn 0.370085 0.279909 -0.885826
vn 0.735256 0.556103 -0.387490
vn 0.776003 0.586921 -0.230959
vn 0.795291 0.601510 -0.075490
vn 0.795291 0.601510 0.075490
vn 0.776003 0.586921 0.230959
vn 0.588007 0.444733 0.675619
vn 0.485706 0.367358 0.793182
vn 0.370085 0.279909 0.885826
vn 0.595981 0.595981 0.538157
vn 0.521315 0.521315 0.675619
vn 0.121788 0.092113 0.988273
vn 0.430617 0.430617 -0.793182
vn 0.107975 0.107975 -0.988273
vn 0.218853 0.218853 -0.950898
vn 0.521315 0.521315 -0.675619
vn 0.595981 0.595981 -0.538157
vn 0.328110 0.328110 -0.885826
vn 0.651863 0.651863 -0.387490
vn 0.687989 0.687989 -0.230959
vn 0.705089 0.705089 -0.075490
vn 0.705089 0.705089 0.075490
vn 0.687989 0.687989 0.230959
vn 0.651863 0.651863 0.387490
vn 0.430617 0.430617 0.793182
vn 0.328110 0.328110 0.885826
vn 0.246850 0.186702 0.950898
vn 0.508430 0.672225 0.538157
vn 0.444733 0.588007 0.675619
vn 0.107975 0.107975 0.988273
vn 0.367358 0.485706 -0.793182
vn 0.092113 0.121788 -0.988273
vn 0.186702 0.246850 -0.950898
vn 0.444733 0.588007 -0.675619
vn 0.508430 0.672225 -0.538157
vn 0.279909 0.370085 -0.885826
vn 0.556103 0.735256 -0.387490
vn 0.586922 0.776003 -0.230959
vn 0.601509 0.795291 -0.075490
vn 0.601510 0.795291 0.075490
vn 0.586921 0.776003 0.230959
vn 0.556103 0.735256 0.387490
vn 0.367358 0.485706 0.793182
vn 0.279909 0.370085 0.885826
vn 0.218853 0.218853 0.950898
vn 0.412186 0.735180 0.538157
vn 0.360547 0.643075 0.675619
vn 0.092113 0.121788 0.988273
vn 0.297819 0.531193 -0.793182
vn 0.074676 0.133194 -0.988273
vn 0.151360 0.269968 -0.950898
vn 0.360546 0.643075 -0.675619
vn 0.412186 0.735180 -0.538157
vn 0.226924 0.404744 -0.885826
vn 0.450835 0.804114 -0.387490
vn 0.475820 0.848677 -0.230959
vn 0.487646 0.869771 -0.075490
vn 0.487646 0.869771 0.075490
vn 0.475820 0.848677 0.230959
vn 0.450835 0.804114 0.387490
vn 0.297819 0.531193 0.793182
vn 0.226924 0.404744 0.885826
vn 0.186703 0.246850 0.950898
vn 0.310247 0.783667 0.538157
vn 0.271378 0.685488 0.675619
vn 0.074676 0.133194 0.988273
vn 0.056208 0.141978 -0.988273
vn 0.113927 0.287773 -0.950898
vn 0.310247 0.783667 -0.538157
vn 0.170802 0.431438 -0.885826
vn 0.339337 0.857147 -0.387490
vn 0.358143 0.904650 -0.230959
vn 0.367044 0.927135 -0.075490
vn 0.367044 0.927135 0.075490
vn 0.358143 0.904650 0.230959
vn 0.339337 0.857147 0.387490
vn 0.224164 0.566227 0.793182
vn 0.170802 0.431438 0.885826
vn 0.151360 0.269968 0.950898
vn 0.205698 0.817359 0.538157
vn 0.179928 0.714958 0.675619
vn 0.056208 0.141978 0.988273
vn 0.179928 0.714958 -0.675619
vn 0.037267 0.148082 -0.988273
vn 0.075535 0.300145 -0.950898
vn 0.205698 0.817359 -0.538157
vn 0.224985 0.893998 -0.387490
vn 0.113244 0.449986 -0.885826
vn 0.237454 0.943543 -0.230959
vn 0.243356 0.966995 -0.075490
vn 0.243356 0.966995 0.075490
vn 0.237454 0.943543 0.230959
vn 0.224985 0.893998 0.387490
vn 0.148624 0.590570 0.793182
vn 0.113244 0.449986 0.885826
vn 0.113927 0.287773 0.950898
vn 0.075535 0.300146 0.950898
vn 0.037252 0.307254 0.950898
vn 0.037267 0.148082 0.988273
vn 0.101445 0.836718 0.538157
vn 0.088736 0.731892 0.675619
vn 0.073298 0.604558 -0.793182
vn 0.037252 0.307254 -0.950898
vn 0.018379 0.151589 -0.988273
vn 0.088736 0.731892 -0.675619
vn 0.101445 0.836718 -0.538157
vn 0.055849 0.460644 -0.885826
vn 0.110957 0.915172 -0.387490
vn 0.117106 0.965890 -0.230959
vn 0.120017 0.989898 -0.075490
vn 0.120017 0.989898 0.075490
vn 0.117106 0.965890 0.230959
vn 0.110957 0.915172 0.387490
vn 0.073298 0.604557 0.793182
vn 0.055849 0.460644 0.885826
vn 0.000000 0.737251 0.675619
vn -0.000000 0.842845 0.538157
vn 0.018379 0.151589 0.988273
vn 0.000000 0.608985 -0.793182
vn -0.000000 0.309504 -0.950898
vn 0.000000 0.152700 -0.988273
vn 0.000000 0.737251 -0.675619
vn -0.000000 0.842845 -0.538157
vn -0.000000 0.464017 -0.885826
vn 0.000000 0.921874 -0.387490
vn 0.000000 0.972963 -0.230959
vn -0.000000 0.997147 -0.075490
vn 0.000000 0.997147 0.075490
vn 0.000000 0.972963 0.230959
vn 0.000000 0.921874 0.387490
vn 0.000000 0.608985 0.793182
vn -0.000000 0.464017 0.885826
vn -0.088736 0.731892 0.675619
vn 0.000000 0.309504 0.950898
vn 0.000000 0.152700 0.988273
vn -0.055849 0.460644 -0.885826
vn -0.073298 0.604558 -0.793182
vn -0.037252 0.307254 -0.950898
vn -0.018379 0.151589 -0.988273
vn -0.088736 0.731892 -0.675619
vn -0.101445 0.836718 -0.538157
vn -0.110957 0.915172 -0.387490
vn -0.117106 0.965890 -0.230959
vn -0.120017 0.989898 -0.075490
vn -0.120017 0.989898 0.075490
vn -0.117106 0.965890 0.230959
vn -0.110957 0.915172 0.387490
vn -0.101445 0.836718 0.538157
vn -0.073298 0.604557 0.793182
vn -0.055849 0.460644 0.885826
vn -0.037252 0.307254 0.950898
vn -0.148624 0.590570 0.793182
vn -0.148624 0.590570 -0.793182
vn -0.113244 0.449986 -0.885826
vn -0.075535 0.300145 -0.950898
vn -0.037267 0.148082 -0.988273
vn -0.179928 0.714958 -0.675619
vn -0.205698 0.817359 -0.538157
vn -0.224985 0.893998 -0.387490
vn -0.237454 0.943543 -0.230959
vn -0.243356 0.966995 -0.075490
vn -0.243356 0.966995 0.075490
vn -0.237454 0.943543 0.230959
vn -0.224985 0.893998 0.387490
vn -0.205698 0.817359 0.538157
vn -0.179928 0.714958 0.675619
vn -0.113244 0.449986 0.885826
vn -0.075535 0.300146 0.950898
vn -0.224164 0.566227 0.793182
vn -0.018379 0.151589 0.988273
vn -0.224164 0.566227 -0.793182
vn -0.170802 0.431438 -0.885826
vn -0.113927 0.287773 -0.950898
vn -0.056208 0.141978 -0.988273
vn -0.271378 0.685488 -0.675619
vn -0.310247 0.783667 -0.538157
vn -0.339337 0.857147 -0.387490
vn -0.358143 0.904650 -0.230959
vn -0.367044 0.927135 -0.075490
vn -0.367044 0.927135 0.075490
vn -0.358143 0.904650 0.230959
vn -0.339337 0.857148 0.387490
vn -0.310247 0.783667 0.538157
vn -0.271378 0.685488 0.675619
vn -0.170802 0.431438 0.885826
vn -0.113927 0.287773 0.950898
vn -0.297819 0.531193 0.793182
vn -0.037267 0.148082 0.988273
vn -0.297819 0.531193 -0.793182
vn -0.226924 0.404744 -0.885826
vn -0.151360 0.269968 -0.950898
vn -0.074676 0.133194 -0.988273
vn -0.360547 0.643075 -0.675619
vn -0.412186 0.735180 -0.538157
vn -0.450835 0.804114 -0.387490
vn -0.475820 0.848678 -0.230959
vn -0.487646 0.869771 -0.075490
vn -0.487646 0.869771 0.075490
vn -0.475820 0.848677 0.230959
vn -0.450835 0.804114 0.387490
vn -0.412186 0.735180 0.538157
vn -0.360547 0.643075 0.675619
vn -0.226924 0.404744 0.885826
vn -0.151361 0.269968 0.950898
vn -0.367358 0.485706 0.793182
vn -0.056208 0.141978 0.988273
vn -0.279909 0.370085 -0.885826
vn -0.186702 0.246850 -0.950898
vn -0.092113 0.121788 -0.988273
vn -0.444733 0.588007 -0.675619
vn -0.508430 0.672225 -0.538157
vn -0.556103 0.735256 -0.387490
vn -0.586922 0.776003 -0.230959
vn -0.601510 0.795291 -0.075490
vn -0.601509 0.795291 0.075490
vn -0.586922 0.776003 0.230959
vn -0.556103 0.735256 0.387490
vn -0.508430 0.672225 0.538157
vn -0.444733 0.588007 0.675619
vn -0.279910 0.370085 0.885826
vn -0.186702 0.246850 0.950898
vn -0.430617 0.430617 0.793182
vn -0.074676 0.133194 0.988273
vn -0.521315 0.521315 -0.675619
vn -0.218853 0.218853 -0.950898
vn -0.107975 0.107975 -0.988273
vn -0.595981 0.595981 -0.538157
vn -0.651863 0.651863 -0.387490
vn -0.687989 0.687989 -0.230959
vn -0.705089 0.705089 -0.075490
vn -0.705089 0.705089 0.075490
vn -0.687989 0.687989 0.230959
vn -0.651863 0.651863 0.387490
vn -0.595981 0.595981 0.538157
vn -0.521315 0.521315 0.675619
vn -0.328110 0.328110 0.885826
vn -0.218853 0.218853 0.950898
vn -0.485706 0.367358 0.793182
vn -0.370085 0.279909 0.885826
vn -0.107975 0.107975 0.988273
vn -0.092113 0.121788 0.988273
vn -0.370085 0.279909 -0.885826
vn -0.121788 0.092113 -0.988273
vn -0.246850 0.186702 -0.950898
vn -0.485706 0.367358 -0.793182
vn -0.588007 0.444733 -0.675619
vn -0.672225 0.508430 -0.538157
vn -0.735256 0.556103 -0.387490
vn -0.776003 0.586922 -0.230959
vn -0.795291 0.601510 -0.075490
vn -0.795291 0.601509 0.075490
vn -0.776003 0.586922 0.230959
vn -0.735256 0.556103 0.387490
vn -0.672225 0.508430 0.538157
vn -0.588007 0.444733 0.675619
vn -0.246850 0.186702 0.950898
vn -0.404744 0.226924 0.885826
vn -0.269968 0.151361 0.950898
vn -0.404744 0.226924 -0.885826
vn -0.133194 0.074676 -0.988273
vn -0.269968 0.151360 -0.950898
vn -0.531193 0.297819 -0.793182
vn -0.643075 0.360547 -0.675619
vn -0.735180 0.412186 -0.538157
vn -0.804114 0.450835 -0.387490
vn -0.848678 0.475820 -0.230959
vn -0.869772 0.487646 -0.075490
vn -0.869772 0.487646 0.075490
vn -0.848678 0.475820 0.230959
vn -0.804114 0.450835 0.387490
vn -0.735180 0.412186 0.538157
vn -0.643075 0.360547 0.675619
vn -0.531193 0.297819 0.793182
vn -0.121788 0.092113 0.988273
vn -0.431438 0.170802 0.885826
vn -0.287773 0.113927 0.950898
vn -0.141978 0.056208 -0.988273
vn -0.287773 0.113927 -0.950898
vn -0.685488 0.271378 -0.675619
vn -0.783667 0.310247 -0.538157
vn -0.857147 0.339337 -0.387490
vn -0.904650 0.358143 -0.230959
vn -0.927135 0.367044 -0.075490
vn -0.927135 0.367044 0.075490
vn -0.904650 0.358143 0.230959
vn -0.857147 0.339337 0.387490
vn -0.783667 0.310247 0.538157
vn -0.685488 0.271378 0.675619
vn -0.566227 0.224164 0.793182
vn -0.133194 0.074676 0.988273
vn -0.449986 0.113244 0.885826
vn -0.300146 0.075535 0.950898
vn -0.590570 0.148624 -0.793182
vn -0.148082 0.037267 -0.988273
vn -0.714958 0.179928 -0.675619
vn -0.817359 0.205698 -0.538157
vn -0.893998 0.224985 -0.387490
vn -0.943543 0.237454 -0.230959
vn -0.966995 0.243356 -0.075490
vn -0.966995 0.243356 0.075490
vn -0.943543 0.237454 0.230959
vn -0.893998 0.224985 0.387490
vn -0.817359 0.205698 0.538157
vn -0.714958 0.179928 0.675619
vn -0.590570 0.148624 0.793182
vn -0.141978 0.056208 0.988273
vn -0.148082 0.037267 0.988273
vn -0.460644 0.055849 -0.885826
vn -0.604558 0.073298 -0.793182
vn -0.731892 0.088736 -0.675619
vn -0.836718 0.101445 -0.538157
vn -0.915172 0.110957 -0.387490
vn -0.965890 0.117106 -0.230959
vn -0.989898 0.120017 -0.075490
vn -0.989898 0.120017 0.075490
vn -0.965890 0.117106 0.230959
vn -0.915172 0.110957 0.387490
vn -0.836718 0.101445 0.538157
vn -0.731892 0.088736 0.675619
vn -0.604557 0.073298 0.793182
vn -0.460644 0.055849 0.885826
vn -0.307254 0.037252 0.950898
vn -0.151589 0.018379 0.988273
vn -0.464017 0.000000 -0.885826
vn -0.608985 0.000000 -0.793182
vn -0.737251 -0.000000 -0.675619
vn -0.842845 -0.000000 -0.538157
vn -0.921874 -0.000000 -0.387490
vn -0.972963 -0.000000 -0.230959
vn -0.997147 0.000000 -0.075490
vn -0.997147 0.000000 0.075490
vn -0.972963 0.000000 0.230959
vn -0.921874 0.000000 0.387490
vn -0.842845 0.000000 0.538157
vn -0.737251 -0.000000 0.675619
vn -0.608985 -0.000000 0.793182
vn -0.464017 0.000000 0.885826
vn -0.309504 -0.000000 0.950898
vn -0.152700 0.000000 0.988273
vn -0.965890 -0.117106 -0.230959
vn -0.972963 0.000000 -0.230959
vn -0.915172 -0.110957 -0.387490
vn -0.989898 -0.120017 -0.075490
vn -0.997147 -0.000000 -0.075490
vn -0.989898 -0.120017 0.075490
vn -0.997147 0.000000 0.075490
vn -0.972963 0.000000 0.230959
vn -0.965890 -0.117106 0.230959
vn -0.921874 -0.000000 0.387490
vn -0.915172 -0.110957 0.387490
vn -0.842845 -0.000000 0.538157
vn -0.836718 -0.101445 0.538157
vn -0.737251 0.000000 0.675619
vn -0.731892 -0.088736 0.675619
vn -0.608985 -0.000000 0.793182
vn -0.604557 -0.073298 0.793182
vn -0.464017 0.000000 0.885826
vn -0.460644 -0.055849 0.885826
vn -0.307254 -0.037252 0.950898
vn -0.309504 0.000000 0.950898
vn -0.817359 -0.205698 0.538157
vn -0.836718 -0.101445 -0.538157
vn -0.921874 -0.000000 -0.387490
vn -0.842845 0.000000 -0.538157
vn -0.737251 -0.000000 -0.675619
vn -0.731892 -0.088736 -0.675619
vn -0.604558 -0.073298 -0.793182
vn -0.608985 0.000000 -0.793182
vn -0.464017 0.000000 -0.885826
vn -0.460644 -0.055849 -0.885826
vn -0.307254 -0.037252 -0.950898
vn 0.328110 -0.328110 -0.885826
vn 0.430617 -0.430617 -0.793182
vn 0.367358 -0.485706 -0.793182
vn -0.309504 -0.000000 -0.950898
vn 0.300145 -0.075535 -0.950898
vn 0.151589 -0.018379 -0.988273
vn 0.307254 -0.037252 -0.950898
vn -0.151589 -0.018379 -0.988273
vn 0.431438 -0.170802 -0.885826
vn 0.449986 -0.113244 -0.885826
vn 0.566227 -0.224164 -0.793182
vn -0.148624 -0.590570 -0.793182
vn -0.271378 -0.685488 -0.675619
vn -0.224164 -0.566227 -0.793182
vn 0.152700 -0.000000 -0.988273
vn 0.309504 -0.000000 -0.950898
vn 0.028445 -0.000000 -0.999595
vn -0.152700 0.000000 -0.988273
vn -0.590570 -0.148624 -0.793182
vn -0.714958 -0.179928 -0.675619
vn -0.148082 -0.037267 -0.988273
vn -0.300145 -0.075535 -0.950898
vn -0.817359 -0.205698 -0.538157
vn -0.893998 -0.224985 -0.387490
vn -0.449986 -0.113244 -0.885826
vn -0.943543 -0.237454 -0.230959
vn -0.966995 -0.243356 -0.075490
vn -0.966995 -0.243356 0.075490
vn -0.943543 -0.237454 0.230959
vn -0.893998 -0.224985 0.387490
vn -0.714958 -0.179928 0.675619
vn -0.590570 -0.148624 0.793182
vn -0.449986 -0.113244 0.885826
vn -0.857147 -0.339337 0.387490
vn -0.300146 -0.075535 0.950898
vn -0.152700 0.000000 0.988273
vn -0.151589 -0.018379 0.988273
vn -0.028445 0.000000 0.999595
vn -0.148082 -0.037267 0.988273
vn -0.566227 -0.224164 -0.793182
vn -0.685488 -0.271378 -0.675619
vn -0.141978 -0.056208 -0.988273
vn -0.287773 -0.113927 -0.950898
vn -0.783667 -0.310247 -0.538157
vn -0.857147 -0.339337 -0.387490
vn -0.431438 -0.170802 -0.885826
vn -0.904650 -0.358143 -0.230959
vn -0.927135 -0.367044 -0.075490
vn -0.927135 -0.367044 0.075490
vn -0.904650 -0.358143 0.230959
vn -0.783667 -0.310247 0.538157
vn -0.685488 -0.271378 0.675619
vn -0.566227 -0.224164 0.793182
vn -0.431438 -0.170802 0.885826
vn -0.804114 -0.450835 0.387490
vn -0.287773 -0.113927 0.950898
vn -0.141978 -0.056208 0.988273
vn -0.531193 -0.297819 -0.793182
vn -0.643075 -0.360546 -0.675619
vn -0.133194 -0.074676 -0.988273
vn -0.269968 -0.151360 -0.950898
vn -0.735180 -0.412186 -0.538157
vn -0.804114 -0.450835 -0.387490
vn -0.404744 -0.226924 -0.885826
vn -0.848678 -0.475820 -0.230959
vn -0.869772 -0.487646 -0.075490
vn -0.869772 -0.487646 0.075490
vn -0.848678 -0.475819 0.230959
vn -0.735180 -0.412186 0.538157
vn -0.643075 -0.360546 0.675619
vn -0.531193 -0.297819 0.793182
vn -0.404744 -0.226924 0.885826
vn -0.735256 -0.556103 0.387490
vn -0.672225 -0.508430 0.538157
vn -0.269968 -0.151360 0.950898
vn -0.133194 -0.074676 0.988273
vn -0.485706 -0.367358 -0.793182
vn -0.121788 -0.092113 -0.988273
vn -0.246850 -0.186702 -0.950898
vn -0.588007 -0.444733 -0.675619
vn -0.672225 -0.508430 -0.538157
vn -0.370085 -0.279909 -0.885826
vn -0.735256 -0.556103 -0.387490
vn -0.776003 -0.586921 -0.230959
vn -0.795291 -0.601509 -0.075490
vn -0.795291 -0.601509 0.075490
vn -0.776003 -0.586921 0.230959
vn -0.588007 -0.444733 0.675619
vn -0.485706 -0.367358 0.793182
vn -0.370085 -0.279909 0.885826
vn -0.595981 -0.595981 0.538157
vn -0.521315 -0.521315 0.675619
vn -0.121788 -0.092113 0.988273
vn -0.430617 -0.430617 -0.793182
vn -0.107975 -0.107975 -0.988273
vn -0.218852 -0.218853 -0.950898
vn -0.521315 -0.521315 -0.675619
vn -0.595981 -0.595981 -0.538157
vn -0.328110 -0.328110 -0.885826
vn -0.651863 -0.651863 -0.387490
vn -0.687989 -0.687989 -0.230959
vn -0.705089 -0.705089 -0.075490
vn -0.705089 -0.705089 0.075490
vn -0.687989 -0.687989 0.230959
vn -0.651863 -0.651863 0.387490
vn -0.430617 -0.430617 0.793182
vn -0.328110 -0.328110 0.885826
vn -0.246850 -0.186702 0.950898
vn -0.508430 -0.672225 0.538157
vn -0.444733 -0.588007 0.675619
vn -0.107975 -0.107975 0.988273
vn -0.367358 -0.485706 -0.793182
vn -0.092113 -0.121788 -0.988273
vn -0.186702 -0.246850 -0.950898
vn -0.444733 -0.588007 -0.675619
vn -0.508430 -0.672225 -0.538157
vn -0.279910 -0.370085 -0.885826
vn -0.556103 -0.735256 -0.387490
vn -0.586921 -0.776003 -0.230959
vn -0.601509 -0.795291 -0.075490
vn -0.601510 -0.795291 0.075490
vn -0.586921 -0.776003 0.230959
vn -0.556103 -0.735256 0.387490
vn -0.367358 -0.485706 0.793182
vn -0.279909 -0.370085 0.885826
vn -0.218853 -0.218853 0.950898
vn -0.412186 -0.735180 0.538157
vn -0.360547 -0.643075 0.675619
vn -0.092113 -0.121788 0.988273
vn -0.297819 -0.531193 -0.793182
vn -0.074676 -0.133194 -0.988273
vn -0.151360 -0.269968 -0.950898
vn -0.360547 -0.643075 -0.675619
vn -0.412186 -0.735180 -0.538157
vn -0.226924 -0.404744 -0.885826
vn -0.450835 -0.804114 -0.387490
vn -0.475820 -0.848677 -0.230959
vn -0.487646 -0.869771 -0.075490
vn -0.487646 -0.869771 0.075490
vn -0.475820 -0.848677 0.230959
vn -0.450835 -0.804114 0.387490
vn -0.297819 -0.531193 0.793182
vn -0.226924 -0.404744 0.885826
vn -0.186703 -0.246850 0.950898
vn -0.310247 -0.783667 0.538157
vn -0.271378 -0.685488 0.675619
vn -0.074676 -0.133194 0.988273
vn -0.056208 -0.141978 -0.988273
vn -0.113927 -0.287773 -0.950898
vn -0.310247 -0.783667 -0.538157
vn -0.170802 -0.431438 -0.885826
vn -0.339337 -0.857147 -0.387490
vn -0.358143 -0.904650 -0.230959
vn -0.367044 -0.927135 -0.075490
vn -0.367044 -0.927135 0.075490
vn -0.358143 -0.904650 0.230959
vn -0.339337 -0.857147 0.387490
vn -0.224164 -0.566227 0.793182
vn -0.170802 -0.431438 0.885826
vn -0.151361 -0.269968 0.950898
vn -0.205698 -0.817359 0.538157
vn -0.179928 -0.714958 0.675619
vn -0.056208 -0.141978 0.988273
vn -0.179928 -0.714958 -0.675619
vn -0.037267 -0.148082 -0.988273
vn -0.075535 -0.300145 -0.950898
vn -0.205698 -0.817359 -0.538157
vn -0.224986 -0.893998 -0.387490
vn -0.113244 -0.449986 -0.885826
vn -0.237454 -0.943543 -0.230959
vn -0.243356 -0.966995 -0.075490
vn -0.243356 -0.966995 0.075490
vn -0.237454 -0.943543 0.230959
vn -0.224985 -0.893998 0.387490
vn -0.148624 -0.590570 0.793182
vn -0.113244 -0.449986 0.885826
vn -0.113927 -0.287773 0.950898
vn -0.075535 -0.300146 0.950898
vn -0.037252 -0.307254 0.950898
vn -0.037267 -0.148082 0.988273
vn -0.101445 -0.836718 0.538157
vn -0.088736 -0.731892 0.675619
vn -0.073298 -0.604558 -0.793182
vn -0.037252 -0.307254 -0.950898
vn -0.018379 -0.151589 -0.988273
vn -0.088736 -0.731892 -0.675619
vn -0.101445 -0.836718 -0.538157
vn -0.055849 -0.460644 -0.885826
vn -0.110957 -0.915172 -0.387490
vn -0.117106 -0.965890 -0.230959
vn -0.120017 -0.989898 -0.075490
vn -0.120017 -0.989898 0.075490
vn -0.117106 -0.965890 0.230959
vn -0.110957 -0.915172 0.387490
vn -0.073298 -0.604557 0.793182
vn -0.055849 -0.460644 0.885826
vn 0.000000 -0.737251 0.675619
vn 0.000000 -0.842845 0.538157
vn -0.018379 -0.151589 0.988273
vn 0.000000 -0.608985 -0.793182
vn 0.000000 -0.309504 -0.950898
vn 0.000000 -0.152700 -0.988273
vn 0.000000 -0.737251 -0.675619
vn 0.000000 -0.842845 -0.538157
vn 0.000000 -0.464017 -0.885826
vn 0.000000 -0.921874 -0.387490
vn 0.000000 -0.972963 -0.230959
vn 0.000000 -0.997147 -0.075490
vn 0.000000 -0.997147 0.075490
vn 0.000000 -0.972963 0.230959
vn 0.000000 -0.921874 0.387490
vn 0.000000 -0.608985 0.793182
vn 0.000000 -0.464017 0.885826
vn 0.088736 -0.731892 0.675619
vn 0.000000 -0.309504 0.950898
vn 0.000000 -0.152700 0.988273
vn 0.055849 -0.460644 -0.885826
vn 0.073298 -0.604558 -0.793182
vn 0.037252 -0.307254 -0.950898
vn 0.018379 -0.151589 -0.988273
vn 0.088736 -0.731892 -0.675619
vn 0.101445 -0.836718 -0.538157
vn 0.110957 -0.915172 -0.387490
vn 0.117106 -0.965890 -0.230959
vn 0.120017 -0.989898 -0.075490
vn 0.120017 -0.989898 0.075490
vn 0.117106 -0.965890 0.230959
vn 0.110957 -0.915172 0.387490
vn 0.101445 -0.836718 0.538157
vn 0.073298 -0.604557 0.793182
vn 0.055849 -0.460644 0.885826
vn 0.037252 -0.307254 0.950898
vn 0.148624 -0.590570 0.793182
vn 0.148624 -0.590570 -0.793182
vn 0.113244 -0.449986 -0.885826
vn 0.075535 -0.300145 -0.950898
vn 0.037267 -0.148082 -0.988273
vn 0.179928 -0.714958 -0.675619
vn 0.205698 -0.817359 -0.538157
vn 0.224985 -0.893998 -0.387490
vn 0.237454 -0.943543 -0.230959
vn 0.243356 -0.966995 -0.075490
vn 0.243356 -0.966995 0.075490
vn 0.237454 -0.943543 0.230959
vn 0.224985 -0.893998 0.387490
vn 0.205698 -0.817359 0.538157
vn 0.179928 -0.714958 0.675619
vn 0.113244 -0.449986 0.885826
vn 0.075535 -0.300146 0.950898
vn 0.224164 -0.566227 0.793182
vn 0.018379 -0.151589 0.988273
vn 0.224164 -0.566227 -0.793182
vn 0.170802 -0.431438 -0.885826
vn 0.113927 -0.287773 -0.950898
vn 0.056208 -0.141978 -0.988273
vn 0.271378 -0.685488 -0.675619
vn 0.310247 -0.783667 -0.538157
vn 0.339337 -0.857147 -0.387490
vn 0.358143 -0.904650 -0.230959
vn 0.367044 -0.927135 -0.075490
vn 0.367044 -0.927135 0.075490
vn 0.358143 -0.904650 0.230959
vn 0.339337 -0.857147 0.387490
vn 0.310247 -0.783667 0.538157
vn 0.271378 -0.685488 0.675619
vn 0.170802 -0.431438 0.885826
vn 0.113927 -0.287773 0.950898
vn 0.297819 -0.531193 0.793182
vn 0.037267 -0.148082 0.988273
vn 0.297819 -0.531193 -0.793182
vn 0.226924 -0.404744 -0.885826
vn 0.151360 -0.269968 -0.950898
vn 0.074676 -0.133194 -0.988273
vn 0.360547 -0.643075 -0.675619
vn 0.412186 -0.735180 -0.538157
vn 0.450835 -0.804114 -0.387490
vn 0.475820 -0.848677 -0.230959
vn 0.487646 -0.869771 -0.075490
vn 0.487646 -0.869771 0.075490
vn 0.475820 -0.848677 0.230959
vn 0.450835 -0.804114 0.387490
vn 0.412186 -0.735180 0.538157
vn 0.360547 -0.643075 0.675619
vn 0.226924 -0.404744 0.885826
vn 0.151361 -0.269968 0.950898
vn 0.367358 -0.485706 0.793182
vn 0.056208 -0.141978 0.988273
vn 0.279909 -0.370085 -0.885826
vn 0.186702 -0.246850 -0.950898
vn 0.092113 -0.121788 -0.988273
vn 0.444733 -0.588007 -0.675619
vn 0.508430 -0.672225 -0.538157
vn 0.556102 -0.735256 -0.387490
vn 0.586922 -0.776003 -0.230959
vn 0.601509 -0.795291 -0.075490
vn 0.601509 -0.795291 0.075490
vn 0.586922 -0.776003 0.230959
vn 0.556103 -0.735256 0.387490
vn 0.508430 -0.672225 0.538157
vn 0.444732 -0.588007 0.675619
vn 0.279909 -0.370085 0.885826
vn 0.186702 -0.246850 0.950898
vn 0.430617 -0.430617 0.793182
vn 0.074676 -0.133194 0.988273
vn 0.521315 -0.521315 -0.675619
vn 0.218852 -0.218853 -0.950898
vn 0.107975 -0.107975 -0.988273
vn 0.595981 -0.595981 -0.538157
vn 0.651863 -0.651863 -0.387490
vn 0.687989 -0.687989 -0.230959
vn 0.705089 -0.705089 -0.075490
vn 0.705089 -0.705089 0.075490
vn 0.687989 -0.687989 0.230959
vn 0.651863 -0.651863 0.387490
vn 0.595981 -0.595981 0.538157
vn 0.521315 -0.521315 0.675619
vn 0.328110 -0.328110 0.885826
vn 0.218853 -0.218853 0.950898
vn 0.485706 -0.367358 0.793182
vn 0.370085 -0.279909 0.885826
vn 0.107975 -0.107975 0.988273
vn 0.092113 -0.121788 0.988273
vn 0.370085 -0.279909 -0.885826
vn 0.121788 -0.092113 -0.988273
vn 0.246850 -0.186702 -0.950898
vn 0.485706 -0.367358 -0.793182
vn 0.588007 -0.444733 -0.675619
vn 0.672225 -0.508430 -0.538157
vn 0.735256 -0.556103 -0.387490
vn 0.776003 -0.586921 -0.230959
vn 0.795291 -0.601509 -0.075490
vn 0.795291 -0.601509 0.075490
vn 0.776003 -0.586921 0.230959
vn 0.735256 -0.556103 0.387490
vn 0.672225 -0.508430 0.538157
vn 0.588007 -0.444733 0.675619
vn 0.246850 -0.186702 0.950898
vn 0.404744 -0.226924 0.885826
vn 0.269968 -0.151361 0.950898
vn 0.404744 -0.226924 -0.885826
vn 0.133194 -0.074676 -0.988273
vn 0.269968 -0.151360 -0.950898
vn 0.531193 -0.297819 -0.793182
vn 0.643075 -0.360546 -0.675619
vn 0.735180 -0.412186 -0.538157
vn 0.804114 -0.450835 -0.387490
vn 0.848678 -0.475819 -0.230959
vn 0.869772 -0.487646 -0.075490
vn 0.869771 -0.487646 0.075490
vn 0.848678 -0.475819 0.230959
vn 0.804114 -0.450835 0.387490
vn 0.735180 -0.412186 0.538157
vn 0.643075 -0.360547 0.675619
vn 0.531193 -0.297819 0.793182
vn 0.121788 -0.092113 0.988273
vn 0.431438 -0.170802 0.885826
vn 0.287773 -0.113927 0.950898
vn 0.141978 -0.056208 -0.988273
vn 0.287773 -0.113927 -0.950898
vn 0.685488 -0.271378 -0.675619
vn 0.783667 -0.310247 -0.538157
vn 0.857147 -0.339337 -0.387490
vn 0.904650 -0.358143 -0.230959
vn 0.927135 -0.367044 -0.075490
vn 0.927135 -0.367044 0.075490
vn 0.904650 -0.358143 0.230959
vn 0.857147 -0.339337 0.387490
vn 0.783667 -0.310247 0.538157
vn 0.685488 -0.271378 0.675619
vn 0.566227 -0.224164 0.793182
vn 0.133194 -0.074676 0.988273
vn 0.449986 -0.113244 0.885826
vn 0.300146 -0.075535 0.950898
vn 0.590570 -0.148624 -0.793182
vn 0.148082 -0.037267 -0.988273
vn 0.714958 -0.179928 -0.675619
vn 0.817359 -0.205698 -0.538157
vn 0.893998 -0.224985 -0.387490
vn 0.943543 -0.237454 -0.230959
vn 0.966995 -0.243356 -0.075490
vn 0.966995 -0.243356 0.075490
vn 0.943543 -0.237454 0.230959
vn 0.893998 -0.224985 0.387490
vn 0.817359 -0.205698 0.538157
vn 0.714958 -0.179928 0.675619
vn 0.590570 -0.148624 0.793182
vn 0.141978 -0.056208 0.988273
vn 0.148082 -0.037267 0.988273
vn 0.460644 -0.055849 -0.885826
vn 0.604558 -0.073298 -0.793182
vn 0.731892 -0.088736 -0.675619
vn 0.836718 -0.101445 -0.538157
vn 0.915172 -0.110957 -0.387490
vn 0.965890 -0.117106 -0.230959
vn 0.989898 -0.120017 -0.075490
vn 0.989898 -0.120017 0.075490
vn 0.965890 -0.117106 0.230959
vn 0.915172 -0.110957 0.387490
vn 0.836718 -0.101445 0.538157
vn 0.731892 -0.088736 0.675619
vn 0.604557 -0.073298 0.793182
vn 0.460644 -0.055849 0.885826
vn 0.307254 -0.037252 0.950898
vn 0.151589 -0.018379 0.988273
vn 0.464017 0.000000 -0.885826
vn 0.608985 0.000000 -0.793182
vn 0.737251 -0.000000 -0.675619
vn 0.842845 -0.000000 -0.538157
vn 0.921874 0.000000 -0.387490
vn 0.972963 0.000000 -0.230959
vn 0.997147 -0.000000 -0.075490
vn 0.997147 0.000000 0.075490
vn 0.972963 -0.000000 0.230959
vn 0.921874 0.000000 0.387490
vn 0.842845 0.000000 0.538157
vn 0.737251 -0.000000 0.675619
vn 0.608985 0.000000 0.793182
vn 0.464017 0.000000 0.885826
vn 0.309504 -0.000000 0.950898

g brep_2
usemtl mat-1
f 867//903 868//904 869//905
f 867//903 870//906 871//907
f 868//904 867//903 871//907
f 872//908 873//909 870//906
f 874//910 873//909 872//908
f 872//908 875//911 874//910
f 875//911 876//912 874//910
f 875//911 877//913 876//912
f 876//912 877//913 878//914
f 878//914 877//913 879//915
f 879//915 880//916 878//914
f 870//906 873//909 871//907
f 881//917 882//918 880//916
f 881//917 883//919 882//918
f 882//918 883//919 884//920
f 884//920 883//919 885//921
f 879//915 881//917 880//916
f 886//922 887//923 885//921
f 879//915 888//924 881//917
f 885//921 887//923 884//920
f 889//925 890//926 891//927
f 869//905 868//904 890//926
f 891//927 892//928 893//929
f 869//905 890//926 889//925
f 894//930 892//928 895//931
f 893//929 889//925 891//927
f 896//932 897//933 895//931
f 892//928 894//930 893//929
f 897//933 896//932 898//934
f 899//935 900//936 901//937
f 902//938 898//934 896//932
f 903//939 904//940 905//941
f 898//934 902//938 906//942
f 907//943 908//944 909//945
f 910//946 911//947 912//948
f 905//941 913//949 914//950
f 904//940 915//951 913//949
f 915//951 906//942 916//952
f 902//938 916//952 906//942
f 917//953 918//954 893//929
f 894//930 895//931 897//933
f 898//934 919//955 920//956
f 918//954 921//957 889//925
f 898//934 920//956 897//933
f 921//957 922//958 869//905
f 920//956 923//959 897//933
f 922//958 924//960 867//903
f 923//959 894//930 897//933
f 924//960 925//961 870//906
f 917//953 893//929 894//930
f 925//961 926//962 872//908
f 918//954 889//925 893//929
f 926//962 927//963 875//911
f 921//957 869//905 889//925
f 927//963 928//964 877//913
f 922//958 867//903 869//905
f 928//964 888//924 879//915
f 924//960 870//906 867//903
f 888//924 929//965 881//917
f 925//961 872//908 870//906
f 929//965 930//966 883//919
f 926//962 875//911 872//908
f 930//966 931//967 885//921
f 927//963 877//913 875//911
f 932//968 888//924 928//964
f 928//964 879//915 877//913
f 931//967 933//969 886//922
f 934//970 886//922 935//971
f 886//922 934//970 887//923
f 881//917 929//965 883//919
f 883//919 930//966 885//921
f 936//972 935//971 937//973
f 934//970 935//971 936//972
f 915//951 919//955 906//942
f 898//934 906//942 919//955
f 938//974 939//975 918//954
f 917//953 894//930 923//959
f 920//956 940//976 941//977
f 939//975 942//978 921//957
f 920//956 941//977 923//959
f 942//978 943//979 922//958
f 941//977 944//980 923//959
f 943//979 945//981 924//960
f 944//980 917//953 923//959
f 945//981 946//982 925//961
f 938//974 918//954 917//953
f 946//982 947//983 926//962
f 939//975 921//957 918//954
f 947//983 948//984 927//963
f 942//978 922//958 921//957
f 948//984 932//968 928//964
f 943//979 924//960 922//958
f 932//968 949//985 888//924
f 945//981 925//961 924//960
f 949//985 950//986 929//965
f 946//982 926//962 925//961
f 950//986 951//987 930//966
f 947//983 927//963 926//962
f 951//987 952//988 931//967
f 948//984 928//964 927//963
f 953//989 949//985 932//968
f 952//988 954//990 933//969
f 931//967 886//922 885//921
f 949//985 929//965 888//924
f 950//986 930//966 929//965
f 937//973 935//971 933//969
f 886//922 933//969 935//971
f 931//967 930//966 951//987
f 937//973 955//991 936//972
f 915//951 940//976 919//955
f 920//956 919//955 940//976
f 956//992 957//993 939//975
f 938//974 917//953 944//980
f 941//977 958//994 959//995
f 957//993 960//996 942//978
f 941//977 959//995 944//980
f 960//996 961//997 943//979
f 959//995 962//998 944//980
f 961//997 963//999 945//981
f 962//998 938//974 944//980
f 963//999 964//1000 946//982
f 956//992 939//975 938//974
f 964//1000 965//1001 947//983
f 957//993 942//978 939//975
f 965//1001 966//1002 948//984
f 960//996 943//979 942//978
f 966//1002 953//989 932//968
f 961//997 945//981 943//979
f 953//989 967//1003 949//985
f 963//999 946//982 945//981
f 967//1003 968//1004 950//986
f 964//1000 947//983 946//982
f 968//1004 969//1005 951//987
f 965//1001 948//984 947//983
f 969//1005 970//1006 952//988
f 966//1002 932//968 948//984
f 971//1007 972//1008 967//1003
f 970//1006 973//1009 954//990
f 952//988 933//969 931//967
f 967//1003 950//986 949//985
f 968//1004 951//987 950//986
f 955//991 937//973 954//990
f 933//969 954//990 937//973
f 952//988 951//987 969//1005
f 955//991 974//1010 936//972
f 915//951 958//994 940//976
f 941//977 940//976 958//994
f 957//993 956//992 975//1011
f 956//992 938//974 962//998
f 959//995 976//1012 977//1013
f 960//996 957//993 978//1014
f 959//995 977//1013 962//998
f 961//997 960//996 979//1015
f 977//1013 980//1016 962//998
f 963//999 961//997 981//1017
f 980//1016 975//1011 956//992
f 964//1000 963//999 982//1018
f 975//1011 978//1014 957//993
f 965//1001 964//1000 983//1019
f 978//1014 979//1015 960//996
f 966//1002 965//1001 984//1020
f 979//1015 981//1017 961//997
f 953//989 966//1002 985//1021
f 981//1017 982//1018 963//999
f 967//1003 953//989 971//1007
f 982//1018 983//1019 964//1000
f 968//1004 967//1003 972//1008
f 983//1019 984//1020 965//1001
f 969//1005 968//1004 986//1022
f 984//1020 985//1021 966//1002
f 970//1006 969//1005 987//1023
f 985//1021 971//1007 953//989
f 973//1009 970//1006 988//1024
f 986//1022 989//1025 990//1026
f 970//1006 954//990 952//988
f 972//1008 986//1022 968//1004
f 986//1022 987//1023 969//1005
f 974//1010 955//991 973//1009
f 954//990 973//1009 955//991
f 988//1024 970//1006 987//1023
f 974//1010 991//1027 936//972
f 915//951 976//1012 958//994
f 959//995 958//994 976//1012
f 975//1011 992//1028 978//1014
f 980//1016 956//992 962//998
f 977//1013 993//1029 994//1030
f 978//1014 995//1031 979//1015
f 977//1013 994//1030 980//1016
f 979//1015 996//1032 981//1017
f 994//1030 997//1033 980//1016
f 981//1017 998//1034 982//1018
f 997//1033 992//1028 975//1011
f 982//1018 999//1035 983//1019
f 992//1028 995//1031 978//1014
f 983//1019 1000//1036 984//1020
f 995//1031 996//1032 979//1015
f 984//1020 1001//1037 985//1021
f 996//1032 998//1034 981//1017
f 985//1021 1002//1038 971//1007
f 998//1034 999//1035 982//1018
f 971//1007 1003//1039 972//1008
f 999//1035 1000//1036 983//1019
f 972//1008 989//1025 986//1022
f 1000//1036 1001//1037 984//1020
f 986//1022 990//1026 987//1023
f 1001//1037 1002//1038 985//1021
f 987//1023 1004//1040 988//1024
f 1002//1038 1003//1039 971//1007
f 988//1024 1005//1041 1006//1042
f 1003//1039 989//1025 972//1008
f 990//1026 1007//1043 1008//1044
f 974//1010 973//1009 1006//1042
f 988//1024 1006//1042 973//1009
f 987//1023 990//1026 1004//1040
f 988//1024 1004//1040 1005//1041
f 991//1027 1009//1045 936//972
f 974//1010 1006//1042 991//1027
f 915//951 993//1029 976//1012
f 977//1013 976//1012 993//1029
f 992//1028 1010//1046 995//1031
f 997//1033 975//1011 980//1016
f 994//1030 1011//1047 1012//1048
f 995//1031 1013//1049 996//1032
f 994//1030 1012//1048 997//1033
f 996//1032 1014//1050 998//1034
f 1012//1048 1015//1051 997//1033
f 998//1034 1016//1052 999//1035
f 1015//1051 1010//1046 992//1028
f 999//1035 1017//1053 1000//1036
f 1010//1046 1013//1049 995//1031
f 1000//1036 1018//1054 1001//1037
f 1013//1049 1014//1050 996//1032
f 1001//1037 1019//1055 1002//1038
f 1014//1050 1016//1052 998//1034
f 1002//1038 1020//1056 1003//1039
f 1016//1052 1017//1053 999//1035
f 1003//1039 1021//1057 989//1025
f 1017//1053 1018//1054 1000//1036
f 989//1025 1007//1043 990//1026
f 1018//1054 1019//1055 1001//1037
f 990//1026 1008//1044 1004//1040
f 1019//1055 1020//1056 1002//1038
f 1004//1040 1022//1058 1005//1041
f 1020//1056 1021//1057 1003//1039
f 1005//1041 1023//1059 1024//1060
f 1021//1057 1007//1043 989//1025
f 1008//1044 1025//1061 1026//1062
f 991//1027 1006//1042 1024//1060
f 1005//1041 1024//1060 1006//1042
f 1004//1040 1008//1044 1022//1058
f 1005//1041 1022//1058 1023//1059
f 1009//1045 1027//1063 936//972
f 991//1027 1024//1060 1009//1045
f 915//951 1011//1047 993//1029
f 994//1030 993//1029 1011//1047
f 1010//1046 1028//1064 1013//1049
f 1015//1051 992//1028 997//1033
f 1012//1048 1029//1065 1030//1066
f 1013//1049 1031//1067 1014//1050
f 1012//1048 1030//1066 1015//1051
f 1014//1050 1032//1068 1016//1052
f 1030//1066 1033//1069 1015//1051
f 1016//1052 1034//1070 1017//1053
f 1033//1069 1028//1064 1010//1046
f 1017//1053 1035//1071 1018//1054
f 1028//1064 1031//1067 1013//1049
f 1018//1054 1036//1072 1019//1055
f 1031//1067 1032//1068 1014//1050
f 1019//1055 1037//1073 1020//1056
f 1032//1068 1034//1070 1016//1052
f 1020//1056 1038//1074 1021//1057
f 1034//1070 1035//1071 1017//1053
f 1021//1057 1039//1075 1007//1043
f 1035//1071 1036//1072 1018//1054
f 1007//1043 1025//1061 1008//1044
f 1036//1072 1037//1073 1019//1055
f 1008//1044 1026//1062 1022//1058
f 1037//1073 1038//1074 1020//1056
f 1022//1058 1040//1076 1023//1059
f 1038//1074 1039//1075 1021//1057
f 1023//1059 1041//1077 1042//1078
f 1039//1075 1025//1061 1007//1043
f 1026//1062 1043//1079 1044//1080
f 1009//1045 1024//1060 1042//1078
f 1023//1059 1042//1078 1024//1060
f 1022//1058 1026//1062 1040//1076
f 1023//1059 1040//1076 1041//1077
f 1027//1063 1045//1081 936//972
f 1009//1045 1042//1078 1027//1063
f 915//951 1029//1065 1011//1047
f 1012//1048 1011//1047 1029//1065
f 1028//1064 912//948 1031//1067
f 1033//1069 1010//1046 1015//1051
f 1030//1066 1046//1082 1047//1083
f 1031//1067 911//947 1032//1068
f 1030//1066 1047//1083 1033//1069
f 1032//1068 1048//1084 1034//1070
f 1047//1083 1049//1085 1033//1069
f 1034//1070 1050//1086 1035//1071
f 1049//1085 912//948 1028//1064
f 1035//1071 1051//1087 1036//1072
f 912//948 911//947 1031//1067
f 1036//1072 1052//1088 1037//1073
f 911//947 1048//1084 1032//1068
f 1037//1073 1053//1089 1038//1074
f 1048//1084 1050//1086 1034//1070
f 1038//1074 1054//1090 1039//1075
f 1050//1086 1051//1087 1035//1071
f 1039//1075 1055//1091 1025//1061
f 1051//1087 1052//1088 1036//1072
f 1025//1061 1043//1079 1026//1062
f 1052//1088 1053//1089 1037//1073
f 1026//1062 1044//1080 1040//1076
f 1053//1089 1054//1090 1038//1074
f 1040//1076 1056//1092 1041//1077
f 1054//1090 1055//1091 1039//1075
f 1041//1077 1057//1093 1058//1094
f 1055//1091 1043//1079 1025//1061
f 1044//1080 1059//1095 1060//1096
f 1027//1063 1042//1078 1058//1094
f 1041//1077 1058//1094 1042//1078
f 1040//1076 1044//1080 1056//1092
f 1041//1077 1056//1092 1057//1093
f 1045//1081 1061//1097 936//972
f 1027//1063 1058//1094 1045//1081
f 915//951 1046//1082 1029//1065
f 1030//1066 1029//1065 1046//1082
f 1062//1098 1048//1084 911//947
f 1049//1085 1028//1064 1033//1069
f 1047//1083 1063//1099 1064//1100
f 1065//1101 1050//1086 1048//1084
f 1047//1083 1064//1100 1049//1085
f 1066//1102 1051//1087 1050//1086
f 1064//1100 1067//1103 1049//1085
f 1068//1104 1052//1088 1051//1087
f 1067//1103 910//946 912//948
f 1069//1105 1053//1089 1052//1088
f 910//946 1062//1098 911//947
f 1070//1106 1054//1090 1053//1089
f 1062//1098 1065//1101 1048//1084
f 1071//1107 1055//1091 1054//1090
f 1065//1101 1066//1102 1050//1086
f 1072//1108 1043//1079 1055//1091
f 1066//1102 1068//1104 1051//1087
f 1059//1095 1044//1080 1043//1079
f 1068//1104 1069//1105 1052//1088
f 1060//1096 1056//1092 1044//1080
f 1069//1105 1070//1106 1053//1089
f 1073//1109 1057//1093 1056//1092
f 1070//1106 1071//1107 1054//1090
f 1074//1110 1075//1111 1057//1093
f 1071//1107 1072//1108 1055//1091
f 1076//1112 1077//1113 1078//1114
f 1072//1108 1059//1095 1043//1079
f 1060//1096 1079//1115 1080//1116
f 1045//1081 1058//1094 1075//1111
f 1057//1093 1075//1111 1058//1094
f 1056//1092 1060//1096 1073//1109
f 1057//1093 1073//1109 1074//1110
f 1061//1097 1078//1114 936//972
f 1045//1081 1075//1111 1061//1097
f 915//951 1063//1099 1046//1082
f 1047//1083 1046//1082 1063//1099
f 1062//1098 910//946 1081//1117
f 1067//1103 912//948 1049//1085
f 1082//1118 1064//1100 1083//1119
f 1065//1101 1062//1098 1084//1120
f 1067//1103 1064//1100 1082//1118
f 1066//1102 1065//1101 1085//1121
f 1067//1103 1082//1118 1086//1122
f 1068//1104 1066//1102 1087//1123
f 910//946 1086//1122 1081//1117
f 1069//1105 1068//1104 1088//1124
f 1062//1098 1081//1117 1084//1120
f 1070//1106 1069//1105 1089//1125
f 1065//1101 1084//1120 1085//1121
f 1071//1107 1070//1106 1090//1126
f 1066//1102 1085//1121 1087//1123
f 1072//1108 1071//1107 1091//1127
f 1068//1104 1087//1123 1088//1124
f 1059//1095 1072//1108 1092//1128
f 1069//1105 1088//1124 1089//1125
f 1060//1096 1059//1095 1079//1115
f 1070//1106 1089//1125 1090//1126
f 1073//1109 1060//1096 1080//1116
f 1071//1107 1090//1126 1091//1127
f 1074//1110 1073//1109 1093//1129
f 1072//1108 1091//1127 1092//1128
f 1076//1112 1074//1110 1094//1130
f 1059//1095 1092//1128 1079//1115
f 1095//1131 1080//1116 1096//1132
f 1061//1097 1075//1111 1076//1112
f 1074//1110 1076//1112 1075//1111
f 1073//1109 1080//1116 1093//1129
f 1074//1110 1093//1129 1094//1130
f 1078//1114 1097//1133 936//972
f 1061//1097 1076//1112 1078//1114
f 915//951 1083//1119 1063//1099
f 1064//1100 1063//1099 1083//1119
f 1084//1120 1081//1117 1098//1134
f 1086//1122 910//946 1067//1103
f 1099//1135 1082//1118 1100//1136
f 1085//1121 1084//1120 1101//1137
f 1086//1122 1082//1118 1099//1135
f 1087//1123 1085//1121 1102//1138
f 1086//1122 1099//1135 1103//1139
f 1088//1124 1087//1123 1104//1140
f 1081//1117 1103//1139 1098//1134
f 1089//1125 1088//1124 1105//1141
f 1084//1120 1098//1134 1101//1137
f 1090//1126 1089//1125 1106//1142
f 1085//1121 1101//1137 1102//1138
f 1091//1127 1090//1126 1107//1143
f 1087//1123 1102//1138 1104//1140
f 1092//1128 1091//1127 1108//1144
f 1088//1124 1104//1140 1105//1141
f 1079//1115 1092//1128 1109//1145
f 1089//1125 1105//1141 1106//1142
f 1080//1116 1079//1115 1096//1132
f 1090//1126 1106//1142 1107//1143
f 1093//1129 1080//1116 1095//1131
f 1091//1127 1107//1143 1108//1144
f 1094//1130 1093//1129 1110//1146
f 1092//1128 1108//1144 1109//1145
f 1077//1113 1094//1130 1111//1147
f 1079//1115 1109//1145 1096//1132
f 1112//1148 1110//1146 1095//1131
f 1097//1133 1077//1113 1113//1149
f 1094//1130 1077//1113 1076//1112
f 1093//1129 1095//1131 1110//1146
f 1094//1130 1110//1146 1111//1147
f 1097//1133 1114//1150 936//972
f 1078//1114 1077//1113 1097//1133
f 915//951 1100//1136 1083//1119
f 1082//1118 1083//1119 1100//1136
f 1115//1151 1116//1152 1098//1134
f 1103//1139 1081//1117 1086//1122
f 1117//1153 1099//1135 1118//1154
f 1116//1152 1119//1155 1101//1137
f 1103//1139 1099//1135 1117//1153
f 1119//1155 1120//1156 1102//1138
f 1098//1134 1103//1139 1115//1151
f 1120//1156 1121//1157 1104//1140
f 1101//1137 1098//1134 1116//1152
f 1121//1157 1122//1158 1105//1141
f 1102//1138 1101//1137 1119//1155
f 1122//1158 1123//1159 1106//1142
f 1104//1140 1102//1138 1120//1156
f 1123//1159 1124//1160 1107//1143
f 1105//1141 1104//1140 1121//1157
f 1124//1160 1125//1161 1108//1144
f 1106//1142 1105//1141 1122//1158
f 1125//1161 1126//1162 1109//1145
f 1107//1143 1106//1142 1123//1159
f 1126//1162 1127//1163 1096//1132
f 1108//1144 1107//1143 1124//1160
f 1127//1163 1112//1148 1095//1131
f 1109//1145 1108//1144 1125//1161
f 1112//1148 1128//1164 1110//1146
f 1096//1132 1109//1145 1126//1162
f 1128//1164 1129//1165 1111//1147
f 1095//1131 1096//1132 1127//1163
f 1129//1165 1130//1166 1113//1149
f 1128//1164 1131//1167 1129//1165
f 1111//1147 1113//1149 1077//1113
f 1111//1147 1110//1146 1128//1164
f 1113//1149 1111//1147 1129//1165
f 1097//1133 1113//1149 1114//1150
f 1100//1136 915//951 1118//1154
f 1099//1135 1100//1136 1118//1154
f 1132//1168 1116//1152 1133//1169
f 1117//1153 1115//1151 1103//1139
f 1134//1170 1117//1153 1135//1171
f 1136//1172 1119//1155 1132//1168
f 1115//1151 1117//1153 1134//1170
f 1137//1173 1120//1156 1136//1172
f 1116//1152 1115//1151 1133//1169
f 1138//1174 1121//1157 1137//1173
f 1119//1155 1116//1152 1132//1168
f 1139//1175 1122//1158 1138//1174
f 1120//1156 1119//1155 1136//1172
f 1140//1176 1123//1159 1139//1175
f 1121//1157 1120//1156 1137//1173
f 1141//1177 1124//1160 1140//1176
f 1122//1158 1121//1157 1138//1174
f 1142//1178 1125//1161 1141//1177
f 1123//1159 1122//1158 1139//1175
f 1143//1179 1126//1162 1142//1178
f 1124//1160 1123//1159 1140//1176
f 1144//1180 1127//1163 1143//1179
f 1125//1161 1124//1160 1141//1177
f 1145//1181 1112//1148 1144//1180
f 1126//1162 1125//1161 1142//1178
f 1131//1167 1128//1164 1145//1181
f 1127//1163 1126//1162 1143//1179
f 1146//1182 1129//1165 1131//1167
f 1112//1148 1127//1163 1144//1180
f 1147//1183 1130//1166 1146//1182
f 1128//1164 1112//1148 1145//1181
f 1131//1167 1148//1184 1146//1182
f 1149//1185 1114//1150 1130//1166
f 1113//1149 1130//1166 1114//1150
f 1146//1182 1130//1166 1129//1165
f 936//972 1114//1150 1149//1185
f 1118//1154 915//951 1135//1171
f 1117//1153 1118//1154 1135//1171
f 1150//1186 1132//1168 1151//1187
f 1134//1170 1133//1169 1115//1151
f 1152//1188 1134//1170 1153//1189
f 1154//1190 1136//1172 1150//1186
f 1133//1169 1134//1170 1152//1188
f 1155//1191 1137//1173 1154//1190
f 1132//1168 1133//1169 1151//1187
f 1156//1192 1138//1174 1155//1191
f 1136//1172 1132//1168 1150//1186
f 1157//1193 1139//1175 1156//1192
f 1137//1173 1136//1172 1154//1190
f 1158//1194 1140//1176 1157//1193
f 1138//1174 1137//1173 1155//1191
f 1159//1195 1141//1177 1158//1194
f 1139//1175 1138//1174 1156//1192
f 1160//1196 1142//1178 1159//1195
f 1140//1176 1139//1175 1157//1193
f 1161//1197 1143//1179 1160//1196
f 1141//1177 1140//1176 1158//1194
f 1162//1198 1144//1180 1161//1197
f 1142//1178 1141//1177 1159//1195
f 1163//1199 1145//1181 1162//1198
f 1143//1179 1142//1178 1160//1196
f 1148//1184 1131//1167 1163//1199
f 1144//1180 1143//1179 1161//1197
f 1164//1200 1146//1182 1148//1184
f 1145//1181 1144//1180 1162//1198
f 1165//1201 1147//1183 1164//1200
f 1131//1167 1145//1181 1163//1199
f 1148//1184 1166//1202 1164//1200
f 1167//1203 1149//1185 1147//1183
f 1130//1166 1147//1183 1149//1185
f 1164//1200 1147//1183 1146//1182
f 936//972 1149//1185 1167//1203
f 1135//1171 915//951 1153//1189
f 1134//1170 1135//1171 1153//1189
f 1168//1204 1150//1186 1169//1205
f 1152//1188 1151//1187 1133//1169
f 1170//1206 1152//1188 1171//1207
f 1172//1208 1154//1190 1168//1204
f 1151//1187 1152//1188 1170//1206
f 1173//1209 1155//1191 1172//1208
f 1150//1186 1151//1187 1169//1205
f 1174//1210 1156//1192 1173//1209
f 1154//1190 1150//1186 1168//1204
f 1175//1211 1157//1193 1174//1210
f 1155//1191 1154//1190 1172//1208
f 1176//1212 1158//1194 1175//1211
f 1156//1192 1155//1191 1173//1209
f 1177//1213 1159//1195 1176//1212
f 1157//1193 1156//1192 1174//1210
f 1178//1214 1160//1196 1177//1213
f 1158//1194 1157//1193 1175//1211
f 1179//1215 1161//1197 1178//1214
f 1159//1195 1158//1194 1176//1212
f 1180//1216 1162//1198 1179//1215
f 1160//1196 1159//1195 1177//1213
f 1181//1217 1163//1199 1180//1216
f 1161//1197 1160//1196 1178//1214
f 1166//1202 1148//1184 1181//1217
f 1162//1198 1161//1197 1179//1215
f 1182//1218 1164//1200 1166//1202
f 1163//1199 1162//1198 1180//1216
f 1183//1219 1165//1201 1182//1218
f 1148//1184 1163//1199 1181//1217
f 1166//1202 1184//1220 1182//1218
f 1185//1221 1167//1203 1165//1201
f 1147//1183 1165//1201 1167//1203
f 1182//1218 1165//1201 1164//1200
f 936//972 1167//1203 1185//1221
f 1153//1189 915//951 1171//1207
f 1152//1188 1153//1189 1171//1207
f 901//937 1168//1204 1186//1222
f 1170//1206 1169//1205 1151//1187
f 1187//1223 1170//1206 1188//1224
f 1189//1225 1172//1208 901//937
f 1169//1205 1170//1206 1187//1223
f 1190//1226 1173//1209 1189//1225
f 1168//1204 1169//1205 1186//1222
f 1191//1227 1174//1210 1190//1226
f 1172//1208 1168//1204 901//937
f 1192//1228 1175//1211 1191//1227
f 1173//1209 1172//1208 1189//1225
f 1193//1229 1176//1212 1192//1228
f 1174//1210 1173//1209 1190//1226
f 1194//1230 1177//1213 1193//1229
f 1175//1211 1174//1210 1191//1227
f 1195//1231 1178//1214 1194//1230
f 1176//1212 1175//1211 1192//1228
f 1196//1232 1179//1215 1195//1231
f 1177//1213 1176//1212 1193//1229
f 1197//1233 1180//1216 1196//1232
f 1178//1214 1177//1213 1194//1230
f 1198//1234 1181//1217 1197//1233
f 1179//1215 1178//1214 1195//1231
f 1184//1220 1166//1202 1198//1234
f 1180//1216 1179//1215 1196//1232
f 1199//1235 1182//1218 1184//1220
f 1181//1217 1180//1216 1197//1233
f 1200//1236 1183//1219 1199//1235
f 1166//1202 1181//1217 1198//1234
f 1184//1220 1201//1237 1199//1235
f 1202//1238 1185//1221 1183//1219
f 1165//1201 1183//1219 1185//1221
f 1199//1235 1183//1219 1182//1218
f 936//972 1185//1221 1202//1238
f 1171//1207 915//951 1188//1224
f 1170//1206 1171//1207 1188//1224
f 1189//1225 900//936 1203//1239
f 1187//1223 1186//1222 1169//1205
f 1204//1240 1187//1223 1205//1241
f 1190//1226 1203//1239 1206//1242
f 1186//1222 1187//1223 1204//1240
f 1191//1227 1206//1242 1207//1243
f 901//937 1186//1222 899//935
f 1192//1228 1207//1243 1208//1244
f 1189//1225 901//937 900//936
f 1193//1229 1208//1244 1209//1245
f 1190//1226 1189//1225 1203//1239
f 1194//1230 1209//1245 1210//1246
f 1191//1227 1190//1226 1206//1242
f 1195//1231 1210//1246 1211//1247
f 1192//1228 1191//1227 1207//1243
f 1196//1232 1211//1247 1212//1248
f 1193//1229 1192//1228 1208//1244
f 1197//1233 1212//1248 1213//1249
f 1194//1230 1193//1229 1209//1245
f 1198//1234 1213//1249 1214//1250
f 1195//1231 1194//1230 1210//1246
f 1184//1220 1214//1250 1201//1237
f 1196//1232 1195//1231 1211//1247
f 1199//1235 1201//1237 1215//1251
f 1197//1233 1196//1232 1212//1248
f 1200//1236 1215//1251 1216//1252
f 1198//1234 1197//1233 1213//1249
f 1217//1253 1218//1254 1215//1251
f 1184//1220 1198//1234 1214//1250
f 1219//1255 1220//1256 1216//1252
f 1220//1256 1202//1238 1200//1236
f 1183//1219 1200//1236 1202//1238
f 1215//1251 1200//1236 1199//1235
f 936//972 1202//1238 1220//1256
f 1188//1224 915//951 1205//1241
f 1187//1223 1188//1224 1205//1241
f 900//936 899//935 1221//1257
f 1204//1240 899//935 1186//1222
f 1222//1258 1223//1259 1204//1240
f 1203//1239 900//936 1224//1260
f 1223//1259 1221//1257 899//935
f 1206//1242 1203//1239 1225//1261
f 1221//1257 1224//1260 900//936
f 1207//1243 1206//1242 1226//1262
f 1224//1260 1225//1261 1203//1239
f 1208//1244 1207//1243 1227//1263
f 1225//1261 1226//1262 1206//1242
f 1209//1245 1208//1244 1228//1264
f 1226//1262 1227//1263 1207//1243
f 1210//1246 1209//1245 1229//1265
f 1227//1263 1228//1264 1208//1244
f 1211//1247 1210//1246 1230//1266
f 1228//1264 1229//1265 1209//1245
f 1212//1248 1211//1247 1231//1267
f 1229//1265 1230//1266 1210//1246
f 1213//1249 1212//1248 1232//1268
f 1230//1266 1231//1267 1211//1247
f 1214//1250 1213//1249 1233//1269
f 1231//1267 1232//1268 1212//1248
f 1201//1237 1214//1250 1234//1270
f 1232//1268 1233//1269 1213//1249
f 1215//1251 1201//1237 1217//1253
f 1233//1269 1234//1270 1214//1250
f 1216//1252 1215//1251 1218//1254
f 1234//1270 1217//1253 1201//1237
f 1219//1255 1216//1252 1235//1271
f 1236//1272 1237//1273 1235//1271
f 1200//1236 1216//1252 1220//1256
f 1218//1254 1235//1271 1216//1252
f 936//972 1220//1256 1219//1255
f 1205//1241 915//951 1222//1258
f 1204//1240 1205//1241 1222//1258
f 1221//1257 1238//1274 1224//1260
f 1204//1240 1223//1259 899//935
f 1239//1275 1240//1276 1223//1259
f 1224//1260 1241//1277 1225//1261
f 1240//1276 1238//1274 1221//1257
f 1225//1261 1242//1278 1226//1262
f 1238//1274 1241//1277 1224//1260
f 1226//1262 1243//1279 1227//1263
f 1241//1277 1242//1278 1225//1261
f 1227//1263 1244//1280 1228//1264
f 1242//1278 1243//1279 1226//1262
f 1228//1264 1245//1281 1229//1265
f 1243//1279 1244//1280 1227//1263
f 1229//1265 1246//1282 1230//1266
f 1244//1280 1245//1281 1228//1264
f 1230//1266 1247//1283 1231//1267
f 1245//1281 1246//1282 1229//1265
f 1231//1267 1248//1284 1232//1268
f 1246//1282 1247//1283 1230//1266
f 1232//1268 1249//1285 1233//1269
f 1247//1283 1248//1284 1231//1267
f 1233//1269 1250//1286 1234//1270
f 1248//1284 1249//1285 1232//1268
f 1234//1270 1251//1287 1217//1253
f 1249//1285 1250//1286 1233//1269
f 1217//1253 1252//1288 1218//1254
f 1250//1286 1251//1287 1234//1270
f 1218//1254 1236//1272 1235//1271
f 1251//1287 1252//1288 1217//1253
f 1235//1271 1237//1273 1253//1289
f 1252//1288 1236//1272 1218//1254
f 1254//1290 1255//1291 1237//1273
f 936//972 1219//1255 1253//1289
f 1219//1255 1235//1271 1253//1289
f 1222//1258 915//951 1239//1275
f 1223//1259 1222//1258 1239//1275
f 1238//1274 907//943 1241//1277
f 1223//1259 1240//1276 1221//1257
f 1256//1292 1257//1293 1240//1276
f 1241//1277 909//945 1242//1278
f 1257//1293 907//943 1238//1274
f 1242//1278 1258//1294 1243//1279
f 907//943 909//945 1241//1277
f 1243//1279 1259//1295 1244//1280
f 909//945 1258//1294 1242//1278
f 1244//1280 1260//1296 1245//1281
f 1258//1294 1259//1295 1243//1279
f 1245//1281 1261//1297 1246//1282
f 1259//1295 1260//1296 1244//1280
f 1246//1282 1262//1298 1247//1283
f 1260//1296 1261//1297 1245//1281
f 1247//1283 1263//1299 1248//1284
f 1261//1297 1262//1298 1246//1282
f 1248//1284 1264//1300 1249//1285
f 1262//1298 1263//1299 1247//1283
f 1249//1285 1265//1301 1250//1286
f 1263//1299 1264//1300 1248//1284
f 1250//1286 1266//1302 1251//1287
f 1264//1300 1265//1301 1249//1285
f 1251//1287 1267//1303 1252//1288
f 1265//1301 1266//1302 1250//1286
f 1252//1288 1268//1304 1236//1272
f 1266//1302 1267//1303 1251//1287
f 1236//1272 1254//1290 1237//1273
f 1267//1303 1268//1304 1252//1288
f 1237//1273 1255//1291 1269//1305
f 1268//1304 1254//1290 1236//1272
f 1270//1306 1271//1307 1255//1291
f 936//972 1253//1289 1269//1305
f 1253//1289 1237//1273 1269//1305
f 1239//1275 915//951 1256//1292
f 1240//1276 1239//1275 1256//1292
f 1272//1308 1258//1294 909//945
f 1240//1276 1257//1293 1238//1274
f 1273//1309 903//939 1257//1293
f 1274//1310 1259//1295 1258//1294
f 903//939 908//944 907//943
f 1275//1311 1260//1296 1259//1295
f 908//944 1272//1308 909//945
f 1276//1312 1261//1297 1260//1296
f 1272//1308 1274//1310 1258//1294
f 1277//1313 1262//1298 1261//1297
f 1274//1310 1275//1311 1259//1295
f 1278//1314 1263//1299 1262//1298
f 1275//1311 1276//1312 1260//1296
f 1279//1315 1264//1300 1263//1299
f 1276//1312 1277//1313 1261//1297
f 1280//1316 1265//1301 1264//1300
f 1277//1313 1278//1314 1262//1298
f 1281//1317 1266//1302 1265//1301
f 1278//1314 1279//1315 1263//1299
f 1282//1318 1267//1303 1266//1302
f 1279//1315 1280//1316 1264//1300
f 1283//1319 1268//1304 1267//1303
f 1280//1316 1281//1317 1265//1301
f 1284//1320 1254//1290 1268//1304
f 1281//1317 1282//1318 1266//1302
f 1270//1306 1255//1291 1254//1290
f 1282//1318 1283//1319 1267//1303
f 1271//1307 1285//1321 1255//1291
f 1283//1319 1284//1320 1268//1304
f 1285//1321 1271//1307 1286//1322
f 1284//1320 1270//1306 1254//1290
f 1285//1321 1286//1322 936//972
f 936//972 1269//1305 1285//1321
f 1269//1305 1255//1291 1285//1321
f 1256//1292 915//951 1273//1309
f 1257//1293 1256//1292 1273//1309
f 905//941 1287//1323 908//944
f 1257//1293 903//939 907//943
f 905//941 908//944 903//939
f 1287//1323 1288//1324 1272//1308
f 1287//1323 1272//1308 908//944
f 1288//1324 1289//1325 1274//1310
f 1288//1324 1274//1310 1272//1308
f 1289//1325 1290//1326 1275//1311
f 1289//1325 1275//1311 1274//1310
f 1290//1326 1291//1327 1276//1312
f 1290//1326 1276//1312 1275//1311
f 1291//1327 1292//1328 1277//1313
f 1291//1327 1277//1313 1276//1312
f 1292//1328 1293//1329 1278//1314
f 1292//1328 1278//1314 1277//1313
f 1293//1329 1294//1330 1279//1315
f 1293//1329 1279//1315 1278//1314
f 1294//1330 1295//1331 1280//1316
f 1294//1330 1280//1316 1279//1315
f 1295//1331 1296//1332 1281//1317
f 1295//1331 1281//1317 1280//1316
f 1296//1332 1297//1333 1282//1318
f 1296//1332 1282//1318 1281//1317
f 1297//1333 1298//1334 1283//1319
f 1297//1333 1283//1319 1282//1318
f 1298//1334 1299//1335 1284//1320
f 1298//1334 1284//1320 1283//1319
f 1299//1335 1300//1336 1270//1306
f 1299//1335 1270//1306 1284//1320
f 1300//1336 1301//1337 1271//1307
f 1300//1336 1271//1307 1270//1306
f 1301//1337 1302//1338 1286//1322
f 1302//1338 936//972 1286//1322
f 1301//1337 1286//1322 1271//1307
f 1273//1309 915//951 904//940
f 903//939 1273//1309 904//940
f 1287//1323 914//950 1303//1339
f 913//949 905//941 904//940
f 1288//1324 1303//1339 1304//1340
f 914//950 1287//1323 905//941
f 1289//1325 1304//1340 1305//1341
f 1303//1339 1288//1324 1287//1323
f 1290//1326 1305//1341 1306//1342
f 1304//1340 1289//1325 1288//1324
f 1291//1327 1306//1342 1307//1343
f 1305//1341 1290//1326 1289//1325
f 1292//1328 1307//1343 1308//1344
f 1306//1342 1291//1327 1290//1326
f 1293//1329 1308//1344 1309//1345
f 1307//1343 1292//1328 1291//1327
f 1294//1330 1309//1345 1310//1346
f 1308//1344 1293//1329 1292//1328
f 1295//1331 1310//1346 1311//1347
f 1309//1345 1294//1330 1293//1329
f 1296//1332 1311//1347 1312//1348
f 1310//1346 1295//1331 1294//1330
f 1297//1333 1312//1348 1313//1349
f 1311//1347 1296//1332 1295//1331
f 1298//1334 1313//1349 1314//1350
f 1312//1348 1297//1333 1296//1332
f 1299//1335 1314//1350 1315//1351
f 1313//1349 1298//1334 1297//1333
f 1300//1336 1315//1351 1316//1352
f 1314//1350 1299//1335 1298//1334
f 1301//1337 1316//1352 1317//1353
f 1315//1351 1300//1336 1299//1335
f 1302//1338 1317//1353 1318//1354
f 1316//1352 1301//1337 1300//1336
f 1318//1354 936//972 1302//1338
f 1317//1353 1302//1338 1301//1337
f 1319//1355 1308//1356 1320//1357
f 1319//1355 1321//1358 1309//1359
f 1308//1356 1319//1355 1309//1359
f 1322//1360 1310//1361 1321//1358
f 1311//1362 1310//1361 1322//1360
f 1322//1360 1323//1363 1311//1362
f 1323//1363 1312//1364 1311//1362
f 1323//1363 1324//1365 1312//1364
f 1312//1364 1324//1365 1313//1366
f 1313//1366 1324//1365 1325//1367
f 1325//1367 1314//1368 1313//1366
f 1321//1358 1310//1361 1309//1359
f 1326//1369 1315//1370 1314//1368
f 1326//1369 1327//1371 1315//1370
f 1315//1370 1327//1371 1316//1372
f 1316//1372 1327//1371 1328//1373
f 1325//1367 1326//1369 1314//1368
f 1329//1374 1317//1375 1328//1373
f 1325//1367 1330//1376 1326//1369
f 1328//1373 1317//1375 1316//1372
f 1331//1377 1307//1378 1306//1379
f 1320//1357 1308//1356 1307//1378
f 1306//1379 1305//1380 1332//1381
f 1320//1357 1307//1378 1331//1377
f 1333//1382 1305//1380 1304//1383
f 1332//1381 1331//1377 1306//1379
f 1303//1384 1334//1385 1304//1383
f 1305//1380 1333//1382 1332//1381
f 1334//1385 1303//1384 1335//1386
f 1336//1387 1337//1388 1338//1389
f 914//1390 1335//1386 1303//1384
f 1339//1391 1340//1392 1341//1393
f 1335//1386 914//1390 1342//1394
f 1343//1395 1344//1396 1345//1397
f 1346//1398 1347//1399 1348//1400
f 1341//1393 916//1401 902//1402
f 1340//1392 915//1403 916//1401
f 915//1403 1342//1394 913//1404
f 914//1390 913//1404 1342//1394
f 1349//1405 1350//1406 1332//1381
f 1333//1382 1304//1383 1334//1385
f 1335//1386 1351//1407 1352//1408
f 1350//1406 1353//1409 1331//1377
f 1335//1386 1352//1408 1334//1385
f 1353//1409 1354//1410 1320//1357
f 1352//1408 1355//1411 1334//1385
f 1354//1410 1356//1412 1319//1355
f 1355//1411 1333//1382 1334//1385
f 1356//1412 1357//1413 1321//1358
f 1349//1405 1332//1381 1333//1382
f 1357//1413 1358//1414 1322//1360
f 1350//1406 1331//1377 1332//1381
f 1358//1414 1359//1415 1323//1363
f 1353//1409 1320//1357 1331//1377
f 1359//1415 1360//1416 1324//1365
f 1354//1410 1319//1355 1320//1357
f 1360//1416 1330//1376 1325//1367
f 1356//1412 1321//1358 1319//1355
f 1330//1376 1361//1417 1326//1369
f 1357//1413 1322//1360 1321//1358
f 1361//1417 1362//1418 1327//1371
f 1358//1414 1323//1363 1322//1360
f 1362//1418 1363//1419 1328//1373
f 1359//1415 1324//1365 1323//1363
f 1364//1420 1330//1376 1360//1416
f 1360//1416 1325//1367 1324//1365
f 1363//1419 1365//1421 1329//1374
f 1318//1422 1329//1374 1366//1423
f 1329//1374 1318//1422 1317//1375
f 1326//1369 1361//1417 1327//1371
f 1327//1371 1362//1418 1328//1373
f 936//1424 1366//1423 1367//1425
f 1318//1422 1366//1423 936//1424
f 915//1403 1351//1407 1342//1394
f 1335//1386 1342//1394 1351//1407
f 1368//1426 1369//1427 1350//1406
f 1349//1405 1333//1382 1355//1411
f 1352//1408 1370//1428 1371//1429
f 1369//1427 1372//1430 1353//1409
f 1352//1408 1371//1429 1355//1411
f 1372//1430 1373//1431 1354//1410
f 1371//1429 1374//1432 1355//1411
f 1373//1431 1375//1433 1356//1412
f 1374//1432 1349//1405 1355//1411
f 1375//1433 1376//1434 1357//1413
f 1368//1426 1350//1406 1349//1405
f 1376//1434 1377//1435 1358//1414
f 1369//1427 1353//1409 1350//1406
f 1377//1435 1378//1436 1359//1415
f 1372//1430 1354//1410 1353//1409
f 1378//1436 1364//1420 1360//1416
f 1373//1431 1356//1412 1354//1410
f 1364//1420 1379//1437 1330//1376
f 1375//1433 1357//1413 1356//1412
f 1379//1437 1380//1438 1361//1417
f 1376//1434 1358//1414 1357//1413
f 1380//1438 1381//1439 1362//1418
f 1377//1435 1359//1415 1358//1414
f 1381//1439 1382//1440 1363//1419
f 1378//1436 1360//1416 1359//1415
f 1383//1441 1379//1437 1364//1420
f 1382//1440 1384//1442 1365//1421
f 1363//1419 1329//1374 1328//1373
f 1379//1437 1361//1417 1330//1376
f 1380//1438 1362//1418 1361//1417
f 1367//1425 1366//1423 1365//1421
f 1329//1374 1365//1421 1366//1423
f 1363//1419 1362//1418 1381//1439
f 1367//1425 1385//1443 936//1424
f 915//1403 1370//1428 1351//1407
f 1352//1408 1351//1407 1370//1428
f 1386//1444 1387//1445 1369//1427
f 1368//1426 1349//1405 1374//1432
f 1371//1429 1388//1446 1389//1447
f 1387//1445 1390//1448 1372//1430
f 1371//1429 1389//1447 1374//1432
f 1390//1448 1391//1449 1373//1431
f 1389//1447 1392//1450 1374//1432
f 1391//1449 1393//1451 1375//1433
f 1392//1450 1368//1426 1374//1432
f 1393//1451 1394//1452 1376//1434
f 1386//1444 1369//1427 1368//1426
f 1394//1452 1395//1453 1377//1435
f 1387//1445 1372//1430 1369//1427
f 1395//1453 1396//1454 1378//1436
f 1390//1448 1373//1431 1372//1430
f 1396//1454 1383//1441 1364//1420
f 1391//1449 1375//1433 1373//1431
f 1383//1441 1397//1455 1379//1437
f 1393//1451 1376//1434 1375//1433
f 1397//1455 1398//1456 1380//1438
f 1394//1452 1377//1435 1376//1434
f 1398//1456 1399//1457 1381//1439
f 1395//1453 1378//1436 1377//1435
f 1399//1457 1400//1458 1382//1440
f 1396//1454 1364//1420 1378//1436
f 1401//1459 1402//1460 1397//1455
f 1400//1458 1403//1461 1384//1442
f 1382//1440 1365//1421 1363//1419
f 1397//1455 1380//1438 1379//1437
f 1398//1456 1381//1439 1380//1438
f 1385//1443 1367//1425 1384//1442
f 1365//1421 1384//1442 1367//1425
f 1382//1440 1381//1439 1399//1457
f 1385//1443 1404//1462 936//1424
f 915//1403 1388//1446 1370//1428
f 1371//1429 1370//1428 1388//1446
f 1387//1445 1386//1444 1405//1463
f 1386//1444 1368//1426 1392//1450
f 1389//1447 1406//1464 1407//1465
f 1390//1448 1387//1445 1408//1466
f 1389//1447 1407//1465 1392//1450
f 1391//1449 1390//1448 1409//1467
f 1407//1465 1410//1468 1392//1450
f 1393//1451 1391//1449 1411//1469
f 1410//1468 1405//1463 1386//1444
f 1394//1452 1393//1451 1412//1470
f 1405//1463 1408//1466 1387//1445
f 1395//1453 1394//1452 1413//1471
f 1408//1466 1409//1467 1390//1448
f 1396//1454 1395//1453 1414//1472
f 1409//1467 1411//1469 1391//1449
f 1383//1441 1396//1454 1415//1473
f 1411//1469 1412//1470 1393//1451
f 1397//1455 1383//1441 1401//1459
f 1412//1470 1413//1471 1394//1452
f 1398//1456 1397//1455 1402//1460
f 1413//1471 1414//1472 1395//1453
f 1399//1457 1398//1456 1416//1474
f 1414//1472 1415//1473 1396//1454
f 1400//1458 1399//1457 1417//1475
f 1415//1473 1401//1459 1383//1441
f 1403//1461 1400//1458 1418//1476
f 1416//1474 1419//1477 1420//1478
f 1400//1458 1384//1442 1382//1440
f 1402//1460 1416//1474 1398//1456
f 1416//1474 1417//1475 1399//1457
f 1404//1462 1385//1443 1403//1461
f 1384//1442 1403//1461 1385//1443
f 1418//1476 1400//1458 1417//1475
f 1404//1462 1421//1479 936//1424
f 915//1403 1406//1464 1388//1446
f 1389//1447 1388//1446 1406//1464
f 1405//1463 1422//1480 1408//1466
f 1410//1468 1386//1444 1392//1450
f 1407//1465 1423//1481 1424//1482
f 1408//1466 1425//1483 1409//1467
f 1407//1465 1424//1482 1410//1468
f 1409//1467 1426//1484 1411//1469
f 1424//1482 1427//1485 1410//1468
f 1411//1469 1428//1486 1412//1470
f 1427//1485 1422//1480 1405//1463
f 1412//1470 1429//1487 1413//1471
f 1422//1480 1425//1483 1408//1466
f 1413//1471 1430//1488 1414//1472
f 1425//1483 1426//1484 1409//1467
f 1414//1472 1431//1489 1415//1473
f 1426//1484 1428//1486 1411//1469
f 1415//1473 1432//1490 1401//1459
f 1428//1486 1429//1487 1412//1470
f 1401//1459 1433//1491 1402//1460
f 1429//1487 1430//1488 1413//1471
f 1402//1460 1419//1477 1416//1474
f 1430//1488 1431//1489 1414//1472
f 1416//1474 1420//1478 1417//1475
f 1431//1489 1432//1490 1415//1473
f 1417//1475 1434//1492 1418//1476
f 1432//1490 1433//1491 1401//1459
f 1418//1476 1435//1493 1436//1494
f 1433//1491 1419//1477 1402//1460
f 1420//1478 1437//1495 1438//1496
f 1404//1462 1403//1461 1436//1494
f 1418//1476 1436//1494 1403//1461
f 1417//1475 1420//1478 1434//1492
f 1418//1476 1434//1492 1435//1493
f 1421//1479 1439//1497 936//1424
f 1404//1462 1436//1494 1421//1479
f 915//1403 1423//1481 1406//1464
f 1407//1465 1406//1464 1423//1481
f 1422//1480 1440//1498 1425//1483
f 1427//1485 1405//1463 1410//1468
f 1424//1482 1441//1499 1442//1500
f 1425//1483 1443//1501 1426//1484
f 1424//1482 1442//1500 1427//1485
f 1426//1484 1444//1502 1428//1486
f 1442//1500 1445//1503 1427//1485
f 1428//1486 1446//1504 1429//1487
f 1445//1503 1440//1498 1422//1480
f 1429//1487 1447//1505 1430//1488
f 1440//1498 1443//1501 1425//1483
f 1430//1488 1448//1506 1431//1489
f 1443//1501 1444//1502 1426//1484
f 1431//1489 1449//1507 1432//1490
f 1444//1502 1446//1504 1428//1486
f 1432//1490 1450//1508 1433//1491
f 1446//1504 1447//1505 1429//1487
f 1433//1491 1451//1509 1419//1477
f 1447//1505 1448//1506 1430//1488
f 1419//1477 1437//1495 1420//1478
f 1448//1506 1449//1507 1431//1489
f 1420//1478 1438//1496 1434//1492
f 1449//1507 1450//1508 1432//1490
f 1434//1492 1452//1510 1435//1493
f 1450//1508 1451//1509 1433//1491
f 1435//1493 1453//1511 1454//1512
f 1451//1509 1437//1495 1419//1477
f 1438//1496 1455//1513 1456//1514
f 1421//1479 1436//1494 1454//1512
f 1435//1493 1454//1512 1436//1494
f 1434//1492 1438//1496 1452//1510
f 1435//1493 1452//1510 1453//1511
f 1439//1497 1457//1515 936//1424
f 1421//1479 1454//1512 1439//1497
f 915//1403 1441//1499 1423//1481
f 1424//1482 1423//1481 1441//1499
f 1440//1498 1458//1516 1443//1501
f 1445//1503 1422//1480 1427//1485
f 1442//1500 1459//1517 1460//1518
f 1443//1501 1461//1519 1444//1502
f 1442//1500 1460//1518 1445//1503
f 1444//1502 1462//1520 1446//1504
f 1460//1518 1463//1521 1445//1503
f 1446//1504 1464//1522 1447//1505
f 1463//1521 1458//1516 1440//1498
f 1447//1505 1465//1523 1448//1506
f 1458//1516 1461//1519 1443//1501
f 1448//1506 1466//1524 1449//1507
f 1461//1519 1462//1520 1444//1502
f 1449//1507 1467//1525 1450//1508
f 1462//1520 1464//1522 1446//1504
f 1450//1508 1468//1526 1451//1509
f 1464//1522 1465//1523 1447//1505
f 1451//1509 1469//1527 1437//1495
f 1465//1523 1466//1524 1448//1506
f 1437//1495 1455//1513 1438//1496
f 1466//1524 1467//1525 1449//1507
f 1438//1496 1456//1514 1452//1510
f 1467//1525 1468//1526 1450//1508
f 1452//1510 1470//1528 1453//1511
f 1468//1526 1469//1527 1451//1509
f 1453//1511 1471//1529 1472//1530
f 1469//1527 1455//1513 1437//1495
f 1456//1514 1473//1531 1474//1532
f 1439//1497 1454//1512 1472//1530
f 1453//1511 1472//1530 1454//1512
f 1452//1510 1456//1514 1470//1528
f 1453//1511 1470//1528 1471//1529
f 1457//1515 1475//1533 936//1424
f 1439//1497 1472//1530 1457//1515
f 915//1403 1459//1517 1441//1499
f 1442//1500 1441//1499 1459//1517
f 1458//1516 1348//1400 1461//1519
f 1463//1521 1440//1498 1445//1503
f 1460//1518 1476//1534 1477//1535
f 1461//1519 1347//1399 1462//1520
f 1460//1518 1477//1535 1463//1521
f 1462//1520 1478//1536 1464//1522
f 1477//1535 1479//1537 1463//1521
f 1464//1522 1480//1538 1465//1523
f 1479//1537 1348//1400 1458//1516
f 1465//1523 1481//1539 1466//1524
f 1348//1400 1347//1399 1461//1519
f 1466//1524 1482//1540 1467//1525
f 1347//1399 1478//1536 1462//1520
f 1467//1525 1483//1541 1468//1526
f 1478//1536 1480//1538 1464//1522
f 1468//1526 1484//1542 1469//1527
f 1480//1538 1481//1539 1465//1523
f 1469//1527 1485//1543 1455//1513
f 1481//1539 1482//1540 1466//1524
f 1455//1513 1473//1531 1456//1514
f 1482//1540 1483//1541 1467//1525
f 1456//1514 1474//1532 1470//1528
f 1483//1541 1484//1542 1468//1526
f 1470//1528 1486//1544 1471//1529
f 1484//1542 1485//1543 1469//1527
f 1471//1529 1487//1545 1488//1546
f 1485//1543 1473//1531 1455//1513
f 1474//1532 1489//1547 1490//1548
f 1457//1515 1472//1530 1488//1546
f 1471//1529 1488//1546 1472//1530
f 1470//1528 1474//1532 1486//1544
f 1471//1529 1486//1544 1487//1545
f 1475//1533 1491//1549 936//1424
f 1457//1515 1488//1546 1475//1533
f 915//1403 1476//1534 1459//1517
f 1460//1518 1459//1517 1476//1534
f 1492//1550 1478//1536 1347//1399
f 1479//1537 1458//1516 1463//1521
f 1477//1535 1493//1551 1494//1552
f 1495//1553 1480//1538 1478//1536
f 1477//1535 1494//1552 1479//1537
f 1496//1554 1481//1539 1480//1538
f 1494//1552 1497//1555 1479//1537
f 1498//1556 1482//1540 1481//1539
f 1497//1555 1346//1398 1348//1400
f 1499//1557 1483//1541 1482//1540
f 1346//1398 1492//1550 1347//1399
f 1500//1558 1484//1542 1483//1541
f 1492//1550 1495//1553 1478//1536
f 1501//1559 1485//1543 1484//1542
f 1495//1553 1496//1554 1480//1538
f 1502//1560 1473//1531 1485//1543
f 1496//1554 1498//1556 1481//1539
f 1489//1547 1474//1532 1473//1531
f 1498//1556 1499//1557 1482//1540
f 1490//1548 1486//1544 1474//1532
f 1499//1557 1500//1558 1483//1541
f 1503//1561 1487//1545 1486//1544
f 1500//1558 1501//1559 1484//1542
f 1504//1562 1505//1563 1487//1545
f 1501//1559 1502//1560 1485//1543
f 1506//1564 1507//1565 1508//1566
f 1502//1560 1489//1547 1473//1531
f 1490//1548 1509//1567 1510//1568
f 1475//1533 1488//1546 1505//1563
f 1487//1545 1505//1563 1488//1546
f 1486//1544 1490//1548 1503//1561
f 1487//1545 1503//1561 1504//1562
f 1491//1549 1508//1566 936//1424
f 1475//1533 1505//1563 1491//1549
f 915//1403 1493//1551 1476//1534
f 1477//1535 1476//1534 1493//1551
f 1492//1550 1346//1398 1511//1569
f 1497//1555 1348//1400 1479//1537
f 1512//1570 1494//1552 1513//1571
f 1495//1553 1492//1550 1514//1572
f 1497//1555 1494//1552 1512//1570
f 1496//1554 1495//1553 1515//1573
f 1497//1555 1512//1570 1516//1574
f 1498//1556 1496//1554 1517//1575
f 1346//1398 1516//1574 1511//1569
f 1499//1557 1498//1556 1518//1576
f 1492//1550 1511//1569 1514//1572
f 1500//1558 1499//1557 1519//1577
f 1495//1553 1514//1572 1515//1573
f 1501//1559 1500//1558 1520//1578
f 1496//1554 1515//1573 1517//1575
f 1502//1560 1501//1559 1521//1579
f 1498//1556 1517//1575 1518//1576
f 1489//1547 1502//1560 1522//1580
f 1499//1557 1518//1576 1519//1577
f 1490//1548 1489//1547 1509//1567
f 1500//1558 1519//1577 1520//1578
f 1503//1561 1490//1548 1510//1568
f 1501//1559 1520//1578 1521//1579
f 1504//1562 1503//1561 1523//1581
f 1502//1560 1521//1579 1522//1580
f 1506//1564 1504//1562 1524//1582
f 1489//1547 1522//1580 1509//1567
f 1525//1583 1510//1568 1526//1584
f 1491//1549 1505//1563 1506//1564
f 1504//1562 1506//1564 1505//1563
f 1503//1561 1510//1568 1523//1581
f 1504//1562 1523//1581 1524//1582
f 1508//1566 1527//1585 936//1424
f 1491//1549 1506//1564 1508//1566
f 915//1403 1513//1571 1493//1551
f 1494//1552 1493//1551 1513//1571
f 1514//1572 1511//1569 1528//1586
f 1516//1574 1346//1398 1497//1555
f 1529//1587 1512//1570 1530//1588
f 1515//1573 1514//1572 1531//1589
f 1516//1574 1512//1570 1529//1587
f 1517//1575 1515//1573 1532//1590
f 1516//1574 1529//1587 1533//1591
f 1518//1576 1517//1575 1534//1592
f 1511//1569 1533//1591 1528//1586
f 1519//1577 1518//1576 1535//1593
f 1514//1572 1528//1586 1531//1589
f 1520//1578 1519//1577 1536//1594
f 1515//1573 1531//1589 1532//1590
f 1521//1579 1520//1578 1537//1595
f 1517//1575 1532//1590 1534//1592
f 1522//1580 1521//1579 1538//1596
f 1518//1576 1534//1592 1535//1593
f 1509//1567 1522//1580 1539//1597
f 1519//1577 1535//1593 1536//1594
f 1510//1568 1509//1567 1526//1584
f 1520//1578 1536//1594 1537//1595
f 1523//1581 1510//1568 1525//1583
f 1521//1579 1537//1595 1538//1596
f 1524//1582 1523//1581 1540//1598
f 1522//1580 1538//1596 1539//1597
f 1507//1565 1524//1582 1541//1599
f 1509//1567 1539//1597 1526//1584
f 1542//1600 1540//1598 1525//1583
f 1527//1585 1507//1565 1543//1601
f 1524//1582 1507//1565 1506//1564
f 1523//1581 1525//1583 1540//1598
f 1524//1582 1540//1598 1541//1599
f 1527//1585 1544//1602 936//1424
f 1508//1566 1507//1565 1527//1585
f 915//1403 1530//1588 1513//1571
f 1512//1570 1513//1571 1530//1588
f 1545//1603 1546//1604 1528//1586
f 1533//1591 1511//1569 1516//1574
f 1547//1605 1529//1587 1548//1606
f 1546//1604 1549//1607 1531//1589
f 1533//1591 1529//1587 1547//1605
f 1549//1607 1550//1608 1532//1590
f 1528//1586 1533//1591 1545//1603
f 1550//1608 1551//1609 1534//1592
f 1531//1589 1528//1586 1546//1604
f 1551//1609 1552//1610 1535//1593
f 1532//1590 1531//1589 1549//1607
f 1552//1610 1553//1611 1536//1594
f 1534//1592 1532//1590 1550//1608
f 1553//1611 1554//1612 1537//1595
f 1535//1593 1534//1592 1551//1609
f 1554//1612 1555//1613 1538//1596
f 1536//1594 1535//1593 1552//1610
f 1555//1613 1556//1614 1539//1597
f 1537//1595 1536//1594 1553//1611
f 1556//1614 1557//1615 1526//1584
f 1538//1596 1537//1595 1554//1612
f 1557//1615 1542//1600 1525//1583
f 1539//1597 1538//1596 1555//1613
f 1542//1600 1558//1616 1540//1598
f 1526//1584 1539//1597 1556//1614
f 1558//1616 1559//1617 1541//1599
f 1525//1583 1526//1584 1557//1615
f 1559//1617 1560//1618 1543//1601
f 1558//1616 1561//1619 1559//1617
f 1541//1599 1543//1601 1507//1565
f 1541//1599 1540//1598 1558//1616
f 1543//1601 1541//1599 1559//1617
f 1527//1585 1543//1601 1544//1602
f 1530//1588 915//1403 1548//1606
f 1529//1587 1530//1588 1548//1606
f 1562//1620 1546//1604 1563//1621
f 1547//1605 1545//1603 1533//1591
f 1564//1622 1547//1605 1565//1623
f 1566//1624 1549//1607 1562//1620
f 1545//1603 1547//1605 1564//1622
f 1567//1625 1550//1608 1566//1624
f 1546//1604 1545//1603 1563//1621
f 1568//1626 1551//1609 1567//1625
f 1549//1607 1546//1604 1562//1620
f 1569//1627 1552//1610 1568//1626
f 1550//1608 1549//1607 1566//1624
f 1570//1628 1553//1611 1569//1627
f 1551//1609 1550//1608 1567//1625
f 1571//1629 1554//1612 1570//1628
f 1552//1610 1551//1609 1568//1626
f 1572//1630 1555//1613 1571//1629
f 1553//1611 1552//1610 1569//1627
f 1573//1631 1556//1614 1572//1630
f 1554//1612 1553//1611 1570//1628
f 1574//1632 1557//1615 1573//1631
f 1555//1613 1554//1612 1571//1629
f 1575//1633 1542//1600 1574//1632
f 1556//1614 1555//1613 1572//1630
f 1561//1619 1558//1616 1575//1633
f 1557//1615 1556//1614 1573//1631
f 1576//1634 1559//1617 1561//1619
f 1542//1600 1557//1615 1574//1632
f 1577//1635 1560//1618 1576//1634
f 1558//1616 1542//1600 1575//1633
f 1561//1619 1578//1636 1576//1634
f 1579//1637 1544//1602 1560//1618
f 1543//1601 1560//1618 1544//1602
f 1576//1634 1560//1618 1559//1617
f 936//1424 1544//1602 1579//1637
f 1548//1606 915//1403 1565//1623
f 1547//1605 1548//1606 1565//1623
f 1580//1638 1562//1620 1581//1639
f 1564//1622 1563//1621 1545//1603
f 1582//1640 1564//1622 1583//1641
f 1584//1642 1566//1624 1580//1638
f 1563//1621 1564//1622 1582//1640
f 1585//1643 1567//1625 1584//1642
f 1562//1620 1563//1621 1581//1639
f 1586//1644 1568//1626 1585//1643
f 1566//1624 1562//1620 1580//1638
f 1587//1645 1569//1627 1586//1644
f 1567//1625 1566//1624 1584//1642
f 1588//1646 1570//1628 1587//1645
f 1568//1626 1567//1625 1585//1643
f 1589//1647 1571//1629 1588//1646
f 1569//1627 1568//1626 1586//1644
f 1590//1648 1572//1630 1589//1647
f 1570//1628 1569//1627 1587//1645
f 1591//1649 1573//1631 1590//1648
f 1571//1629 1570//1628 1588//1646
f 1592//1650 1574//1632 1591//1649
f 1572//1630 1571//1629 1589//1647
f 1593//1651 1575//1633 1592//1650
f 1573//1631 1572//1630 1590//1648
f 1578//1636 1561//1619 1593//1651
f 1574//1632 1573//1631 1591//1649
f 1594//1652 1576//1634 1578//1636
f 1575//1633 1574//1632 1592//1650
f 1595//1653 1577//1635 1594//1652
f 1561//1619 1575//1633 1593//1651
f 1578//1636 1596//1654 1594//1652
f 1597//1655 1579//1637 1577//1635
f 1560//1618 1577//1635 1579//1637
f 1594//1652 1577//1635 1576//1634
f 936//1424 1579//1637 1597//1655
f 1565//1623 915//1403 1583//1641
f 1564//1622 1565//1623 1583//1641
f 1598//1656 1580//1638 1599//1657
f 1582//1640 1581//1639 1563//1621
f 1600//1658 1582//1640 1601//1659
f 1602//1660 1584//1642 1598//1656
f 1581//1639 1582//1640 1600//1658
f 1603//1661 1585//1643 1602//1660
f 1580//1638 1581//1639 1599//1657
f 1604//1662 1586//1644 1603//1661
f 1584//1642 1580//1638 1598//1656
f 1605//1663 1587//1645 1604//1662
f 1585//1643 1584//1642 1602//1660
f 1606//1664 1588//1646 1605//1663
f 1586//1644 1585//1643 1603//1661
f 1607//1665 1589//1647 1606//1664
f 1587//1645 1586//1644 1604//1662
f 1608//1666 1590//1648 1607//1665
f 1588//1646 1587//1645 1605//1663
f 1609//1667 1591//1649 1608//1666
f 1589//1647 1588//1646 1606//1664
f 1610//1668 1592//1650 1609//1667
f 1590//1648 1589//1647 1607//1665
f 1611//1669 1593//1651 1610//1668
f 1591//1649 1590//1648 1608//1666
f 1596//1654 1578//1636 1611//1669
f 1592//1650 1591//1649 1609//1667
f 1612//1670 1594//1652 1596//1654
f 1593//1651 1592//1650 1610//1668
f 1613//1671 1595//1653 1612//1670
f 1578//1636 1593//1651 1611//1669
f 1596//1654 1614//1672 1612//1670
f 1615//1673 1597//1655 1595//1653
f 1577//1635 1595//1653 1597//1655
f 1612//1670 1595//1653 1594//1652
f 936//1424 1597//1655 1615//1673
f 1583//1641 915//1403 1601//1659
f 1582//1640 1583//1641 1601//1659
f 1338//1389 1598//1656 1616//1674
f 1600//1658 1599//1657 1581//1639
f 1617//1675 1600//1658 1618//1676
f 1619//1677 1602//1660 1338//1389
f 1599//1657 1600//1658 1617//1675
f 1620//1678 1603//1661 1619//1677
f 1598//1656 1599//1657 1616//1674
f 1621//1679 1604//1662 1620//1678
f 1602//1660 1598//1656 1338//1389
f 1622//1680 1605//1663 1621//1679
f 1603//1661 1602//1660 1619//1677
f 1623//1681 1606//1664 1622//1680
f 1604//1662 1603//1661 1620//1678
f 1624//1682 1607//1665 1623//1681
f 1605//1663 1604//1662 1621//1679
f 1625//1683 1608//1666 1624//1682
f 1606//1664 1605//1663 1622//1680
f 1626//1684 1609//1667 1625//1683
f 1607//1665 1606//1664 1623//1681
f 1627//1685 1610//1668 1626//1684
f 1608//1666 1607//1665 1624//1682
f 1628//1686 1611//1669 1627//1685
f 1609//1667 1608//1666 1625//1683
f 1614//1672 1596//1654 1628//1686
f 1610//1668 1609//1667 1626//1684
f 1629//1687 1612//1670 1614//1672
f 1611//1669 1610//1668 1627//1685
f 1630//1688 1613//1671 1629//1687
f 1596//1654 1611//1669 1628//1686
f 1614//1672 1631//1689 1629//1687
f 1632//1690 1615//1673 1613//1671
f 1595//1653 1613//1671 1615//1673
f 1629//1687 1613//1671 1612//1670
f 936//1424 1615//1673 1632//1690
f 1601//1659 915//1403 1618//1676
f 1600//1658 1601//1659 1618//1676
f 1619//1677 1337//1388 1633//1691
f 1617//1675 1616//1674 1599//1657
f 1634//1692 1617//1675 1635//1693
f 1620//1678 1633//1691 1636//1694
f 1616//1674 1617//1675 1634//1692
f 1621//1679 1636//1694 1637//1695
f 1338//1389 1616//1674 1336//1387
f 1622//1680 1637//1695 1638//1696
f 1619//1677 1338//1389 1337//1388
f 1623//1681 1638//1696 1639//1697
f 1620//1678 1619//1677 1633//1691
f 1624//1682 1639//1697 1640//1698
f 1621//1679 1620//1678 1636//1694
f 1625//1683 1640//1698 1641//1699
f 1622//1680 1621//1679 1637//1695
f 1626//1684 1641//1699 1642//1700
f 1623//1681 1622//1680 1638//1696
f 1627//1685 1642//1700 1643//1701
f 1624//1682 1623//1681 1639//1697
f 1628//1686 1643//1701 1644//1702
f 1625//1683 1624//1682 1640//1698
f 1614//1672 1644//1702 1631//1689
f 1626//1684 1625//1683 1641//1699
f 1629//1687 1631//1689 1645//1703
f 1627//1685 1626//1684 1642//1700
f 1630//1688 1645//1703 1646//1704
f 1628//1686 1627//1685 1643//1701
f 1647//1705 1648//1706 1645//1703
f 1614//1672 1628//1686 1644//1702
f 1649//1707 1650//1708 1646//1704
f 1650//1708 1632//1690 1630//1688
f 1613//1671 1630//1688 1632//1690
f 1645//1703 1630//1688 1629//1687
f 936//1424 1632//1690 1650//1708
f 1618//1676 915//1403 1635//1693
f 1617//1675 1618//1676 1635//1693
f 1337//1388 1336//1387 1651//1709
f 1634//1692 1336//1387 1616//1674
f 1652//1710 1653//1711 1634//1692
f 1633//1691 1337//1388 1654//1712
f 1653//1711 1651//1709 1336//1387
f 1636//1694 1633//1691 1655//1713
f 1651//1709 1654//1712 1337//1388
f 1637//1695 1636//1694 1656//1714
f 1654//1712 1655//1713 1633//1691
f 1638//1696 1637//1695 1657//1715
f 1655//1713 1656//1714 1636//1694
f 1639//1697 1638//1696 1658//1716
f 1656//1714 1657//1715 1637//1695
f 1640//1698 1639//1697 1659//1717
f 1657//1715 1658//1716 1638//1696
f 1641//1699 1640//1698 1660//1718
f 1658//1716 1659//1717 1639//1697
f 1642//1700 1641//1699 1661//1719
f 1659//1717 1660//1718 1640//1698
f 1643//1701 1642//1700 1662//1720
f 1660//1718 1661//1719 1641//1699
f 1644//1702 1643//1701 1663//1721
f 1661//1719 1662//1720 1642//1700
f 1631//1689 1644//1702 1664//1722
f 1662//1720 1663//1721 1643//1701
f 1645//1703 1631//1689 1647//1705
f 1663//1721 1664//1722 1644//1702
f 1646//1704 1645//1703 1648//1706
f 1664//1722 1647//1705 1631//1689
f 1649//1707 1646//1704 1665//1723
f 1666//1724 1667//1725 1665//1723
f 1630//1688 1646//1704 1650//1708
f 1648//1706 1665//1723 1646//1704
f 936//1424 1650//1708 1649//1707
f 1635//1693 915//1403 1652//1710
f 1634//1692 1635//1693 1652//1710
f 1651//1709 1668//1726 1654//1712
f 1634//1692 1653//1711 1336//1387
f 1669//1727 1670//1728 1653//1711
f 1654//1712 1671//1729 1655//1713
f 1670//1728 1668//1726 1651//1709
f 1655//1713 1672//1730 1656//1714
f 1668//1726 1671//1729 1654//1712
f 1656//1714 1673//1731 1657//1715
f 1671//1729 1672//1730 1655//1713
f 1657//1715 1674//1732 1658//1716
f 1672//1730 1673//1731 1656//1714
f 1658//1716 1675//1733 1659//1717
f 1673//1731 1674//1732 1657//1715
f 1659//1717 1676//1734 1660//1718
f 1674//1732 1675//1733 1658//1716
f 1660//1718 1677//1735 1661//1719
f 1675//1733 1676//1734 1659//1717
f 1661//1719 1678//1736 1662//1720
f 1676//1734 1677//1735 1660//1718
f 1662//1720 1679//1737 1663//1721
f 1677//1735 1678//1736 1661//1719
f 1663//1721 1680//1738 1664//1722
f 1678//1736 1679//1737 1662//1720
f 1664//1722 1681//1739 1647//1705
f 1679//1737 1680//1738 1663//1721
f 1647//1705 1682//1740 1648//1706
f 1680//1738 1681//1739 1664//1722
f 1648//1706 1666//1724 1665//1723
f 1681//1739 1682//1740 1647//1705
f 1665//1723 1667//1725 1683//1741
f 1682//1740 1666//1724 1648//1706
f 1684//1742 1685//1743 1667//1725
f 936//1424 1649//1707 1683//1741
f 1649//1707 1665//1723 1683//1741
f 1652//1710 915//1403 1669//1727
f 1653//1711 1652//1710 1669//1727
f 1668//1726 1343//1395 1671//1729
f 1653//1711 1670//1728 1651//1709
f 1686//1744 1687//1745 1670//1728
f 1671//1729 1345//1397 1672//1730
f 1687//1745 1343//1395 1668//1726
f 1672//1730 1688//1746 1673//1731
f 1343//1395 1345//1397 1671//1729
f 1673//1731 1689//1747 1674//1732
f 1345//1397 1688//1746 1672//1730
f 1674//1732 1690//1748 1675//1733
f 1688//1746 1689//1747 1673//1731
f 1675//1733 1691//1749 1676//1734
f 1689//1747 1690//1748 1674//1732
f 1676//1734 1692//1750 1677//1735
f 1690//1748 1691//1749 1675//1733
f 1677//1735 1693//1751 1678//1736
f 1691//1749 1692//1750 1676//1734
f 1678//1736 1694//1752 1679//1737
f 1692//1750 1693//1751 1677//1735
f 1679//1737 1695//1753 1680//1738
f 1693//1751 1694//1752 1678//1736
f 1680//1738 1696//1754 1681//1739
f 1694//1752 1695//1753 1679//1737
f 1681//1739 1697//1755 1682//1740
f 1695//1753 1696//1754 1680//1738
f 1682//1740 1698//1756 1666//1724
f 1696//1754 1697//1755 1681//1739
f 1666//1724 1684//1742 1667//1725
f 1697//1755 1698//1756 1682//1740
f 1667//1725 1685//1743 1699//1757
f 1698//1756 1684//1742 1666//1724
f 1700//1758 1701//1759 1685//1743
f 936//1424 1683//1741 1699//1757
f 1683//1741 1667//1725 1699//1757
f 1669//1727 915//1403 1686//1744
f 1670//1728 1669//1727 1686//1744
f 1702//1760 1688//1746 1345//1397
f 1670//1728 1687//1745 1668//1726
f 1703//1761 1339//1391 1687//1745
f 1704//1762 1689//1747 1688//1746
f 1339//1391 1344//1396 1343//1395
f 1705//1763 1690//1748 1689//1747
f 1344//1396 1702//1760 1345//1397
f 1706//1764 1691//1749 1690//1748
f 1702//1760 1704//1762 1688//1746
f 1707//1765 1692//1750 1691//1749
f 1704//1762 1705//1763 1689//1747
f 1708//1766 1693//1751 1692//1750
f 1705//1763 1706//1764 1690//1748
f 1709//1767 1694//1752 1693//1751
f 1706//1764 1707//1765 1691//1749
f 1710//1768 1695//1753 1694//1752
f 1707//1765 1708//1766 1692//1750
f 1711//1769 1696//1754 1695//1753
f 1708//1766 1709//1767 1693//1751
f 1712//1770 1697//1755 1696//1754
f 1709//1767 1710//1768 1694//1752
f 1713//1771 1698//1756 1697//1755
f 1710//1768 1711//1769 1695//1753
f 1714//1772 1684//1742 1698//1756
f 1711//1769 1712//1770 1696//1754
f 1700//1758 1685//1743 1684//1742
f 1712//1770 1713//1771 1697//1755
f 1701//1759 1715//1773 1685//1743
f 1713//1771 1714//1772 1698//1756
f 1715//1773 1701//1759 1716//1774
f 1714//1772 1700//1758 1684//1742
f 1715//1773 1716//1774 936//1424
f 936//1424 1699//1757 1715//1773
f 1699//1757 1685//1743 1715//1773
f 1686//1744 915//1403 1703//1761
f 1687//1745 1686//1744 1703//1761
f 1341//1393 1717//1775 1344//1396
f 1687//1745 1339//1391 1343//1395
f 1341//1393 1344//1396 1339//1391
f 1717//1775 1718//1776 1702//1760
f 1717//1775 1702//1760 1344//1396
f 1718//1776 1719//1777 1704//1762
f 1718//1776 1704//1762 1702//1760
f 1719//1777 1720//1778 1705//1763
f 1719//1777 1705//1763 1704//1762
f 1720//1778 1721//1779 1706//1764
f 1720//1778 1706//1764 1705//1763
f 1721//1779 1722//1780 1707//1765
f 1721//1779 1707//1765 1706//1764
f 1722//1780 1723//1781 1708//1766
f 1722//1780 1708//1766 1707//1765
f 1723//1781 1724//1782 1709//1767
f 1723//1781 1709//1767 1708//1766
f 1724//1782 1725//1783 1710//1768
f 1724//1782 1710//1768 1709//1767
f 1725//1783 1726//1784 1711//1769
f 1725//1783 1711//1769 1710//1768
f 1726//1784 1727//1785 1712//1770
f 1726//1784 1712//1770 1711//1769
f 1727//1785 1728//1786 1713//1771
f 1727//1785 1713//1771 1712//1770
f 1728//1786 1729//1787 1714//1772
f 1728//1786 1714//1772 1713//1771
f 1729//1787 1730//1788 1700//1758
f 1729//1787 1700//1758 1714//1772
f 1730//1788 1731//1789 1701//1759
f 1730//1788 1701//1759 1700//1758
f 1731//1789 1732//1790 1716//1774
f 1732//1790 936//1424 1716//1774
f 1731//1789 1716//1774 1701//1759
f 1703//1761 915//1403 1340//1392
f 1339//1391 1703//1761 1340//1392
f 1717//1775 902//1402 896//1791
f 916//1401 1341//1393 1340//1392
f 1718//1776 896//1791 895//1792
f 902//1402 1717//1775 1341//1393
f 1719//1777 895//1792 892//1793
f 896//1791 1718//1776 1717//1775
f 1720//1778 892//1793 891//1794
f 895//1792 1719//1777 1718//1776
f 1721//1779 891//1794 890//1795
f 892//1793 1720//1778 1719//1777
f 1722//1780 890//1795 868//1796
f 891//1794 1721//1779 1720//1778
f 1723//1781 868//1796 871//1797
f 890//1795 1722//1780 1721//1779
f 1724//1782 871//1797 873//1798
f 868//1796 1723//1781 1722//1780
f 1725//1783 873//1798 874//1799
f 871//1797 1724//1782 1723//1781
f 1726//1784 874//1799 876//1800
f 873//1798 1725//1783 1724//1782
f 1727//1785 876//1800 878//1801
f 874//1799 1726//1784 1725//1783
f 1728//1786 878//1801 880//1802
f 876//1800 1727//1785 1726//1784
f 1729//1787 880//1802 882//1803
f 878//1801 1728//1786 1727//1785
f 1730//1788 882//1803 884//1804
f 880//1802 1729//1787 1728//1786
f 1731//1789 884//1804 887//1805
f 882//1803 1730//1788 1729//1787
f 1732//1790 887//1805 934//970
f 884//1804 1731//1789 1730//1788
f 934//970 936//1424 1732//1790
f 887//1805 1732//1790 1731//1789
#
#	object brep_3
#
v 3365.829346 -2108.710449 -78.234734
v 3365.864746 -2109.295898 -78.234734
v 3365.575928 -2108.741211 -79.017395
v 3365.949463 -2108.695801 -77.457390
v 3365.985840 -2109.295898 -77.457390
v 3365.949463 -2108.695801 -76.702492
v 3365.985840 -2109.295898 -76.702492
v 3365.864746 -2109.295898 -75.925148
v 3365.829346 -2108.710449 -75.925148
v 3365.609375 -2109.295898 -75.142487
v 3365.575928 -2108.741211 -75.142487
v 3365.214111 -2109.295898 -74.389160
v 3365.183594 -2108.788574 -74.389160
v 3364.686279 -2109.295898 -73.701843
v 3364.659424 -2108.852295 -73.701843
v 3364.044922 -2109.295898 -73.114029
v 3364.022705 -2108.929443 -73.114029
v 3363.320068 -2109.295898 -72.650810
v 3363.303223 -2109.016602 -72.650810
v 3362.536377 -2109.109619 -72.325447
v 3362.547607 -2109.295898 -72.325447
v 3365.086914 -2108.267334 -74.389160
v 3365.183594 -2108.788574 -79.770721
v 3365.609375 -2109.295898 -79.017395
v 3365.214111 -2109.295898 -79.770721
v 3364.686279 -2109.295898 -80.458038
v 3364.659424 -2108.852295 -80.458038
v 3364.022705 -2108.929443 -81.045853
v 3364.044922 -2109.295898 -81.045853
v 3363.320068 -2109.295898 -81.509071
v 3363.303223 -2109.016602 -81.509071
v 3362.536377 -2109.109619 -81.834435
v 3359.359375 -2107.655273 -81.509071
v 3358.846924 -2107.142822 -81.045853
v 3359.163330 -2106.867432 -81.045853
v 3362.547607 -2109.295898 -81.834435
v 3359.499268 -2108.918213 -81.834435
v 3360.241943 -2109.204102 -82.021301
v 3359.463623 -2109.109619 -81.834435
v 3361.758057 -2109.204102 -82.021301
v 3358.842773 -2108.441895 -81.509071
v 3358.750000 -2108.729736 -81.509071
v 3358.168945 -2108.175049 -81.045853
v 3361.743164 -2106.343018 -81.045853
v 3362.356934 -2105.868408 -80.458038
v 3362.120850 -2106.464844 -81.045853
v 3360.236572 -2109.295898 -82.021301
v 3359.452393 -2109.295898 -81.834435
v 3361.000000 -2109.295898 -82.079941
v 3361.763428 -2109.295898 -82.021301
v 3363.952881 -2108.552734 -81.045853
v 3364.574707 -2108.396240 -80.458038
v 3361.740479 -2109.109619 -82.021301
v 3362.500732 -2108.918213 -81.834435
v 3365.086914 -2108.267334 -79.770721
v 3365.469971 -2108.170898 -79.017395
v 3363.250000 -2108.729736 -81.509071
v 3365.717773 -2108.108643 -78.234734
v 3365.834961 -2108.079102 -77.457390
v 3365.834961 -2108.079102 -76.702492
v 3365.717773 -2108.108643 -75.925148
v 3365.469971 -2108.170898 -75.142487
v 3364.574707 -2108.396240 -73.701843
v 3363.952881 -2108.552734 -73.114029
v 3363.250000 -2108.729736 -72.650810
v 3365.285645 -2107.599121 -75.142487
v 3362.500732 -2108.918213 -72.325447
v 3361.763428 -2109.295898 -72.138580
v 3361.758057 -2109.204102 -72.138580
v 3361.000000 -2109.295898 -72.079941
v 3361.740479 -2109.109619 -72.138580
v 3363.831055 -2108.175049 -81.045853
v 3364.427490 -2107.938965 -80.458038
v 3361.709961 -2109.014893 -82.021301
v 3362.438965 -2108.726318 -81.834435
v 3364.918457 -2107.744629 -79.770721
v 3365.285645 -2107.599121 -79.017395
v 3363.157227 -2108.441895 -81.509071
v 3365.523193 -2107.505127 -78.234734
v 3365.635742 -2107.460693 -77.457390
v 3365.635742 -2107.460693 -76.702492
v 3365.523193 -2107.505127 -75.925148
v 3364.918457 -2107.744629 -74.389160
v 3364.427490 -2107.938965 -73.701843
v 3363.831055 -2108.175049 -73.114029
v 3363.157227 -2108.441895 -72.650810
v 3365.020508 -2107.041748 -75.142487
v 3362.438965 -2108.726318 -72.325447
v 3361.709961 -2109.014893 -72.138580
v 3363.656006 -2107.806885 -81.045853
v 3364.215332 -2107.493164 -80.458038
v 3361.666016 -2108.922607 -82.021301
v 3362.349854 -2108.539063 -81.834435
v 3364.675781 -2107.234863 -79.770721
v 3365.020508 -2107.041748 -79.017395
v 3363.023682 -2108.161377 -81.509071
v 3365.243408 -2106.916748 -78.234734
v 3365.348877 -2106.857666 -77.457390
v 3365.348877 -2106.857666 -76.702492
v 3365.243408 -2106.916748 -75.925148
v 3364.675781 -2107.234863 -74.389160
v 3364.215332 -2107.493164 -73.701843
v 3363.656006 -2107.806885 -73.114029
v 3363.023682 -2108.161377 -72.650810
v 3364.676270 -2106.515381 -75.142487
v 3364.361084 -2106.753662 -74.389160
v 3362.349854 -2108.539063 -72.325447
v 3361.666016 -2108.922607 -72.138580
v 3363.428467 -2107.459229 -81.045853
v 3361.608887 -2108.835449 -82.021301
v 3362.234131 -2108.362305 -81.834435
v 3363.939941 -2107.072266 -80.458038
v 3364.361084 -2106.753662 -79.770721
v 3362.850342 -2107.896240 -81.509071
v 3364.676270 -2106.515381 -79.017395
v 3364.880127 -2106.361328 -78.234734
v 3364.976563 -2106.288330 -77.457390
v 3364.976563 -2106.288330 -76.702492
v 3364.880127 -2106.361328 -75.925148
v 3363.939941 -2107.072266 -73.701843
v 3363.428467 -2107.459229 -73.114029
v 3362.850342 -2107.896240 -72.650810
v 3363.979980 -2106.315918 -74.389160
v 3363.606689 -2106.689209 -73.701843
v 3361.608887 -2108.835449 -72.138580
v 3363.153076 -2107.142822 -81.045853
v 3361.539795 -2108.756104 -82.021301
v 3362.094238 -2108.201660 -81.834435
v 3363.606689 -2106.689209 -80.458038
v 3363.979980 -2106.315918 -79.770721
v 3362.640625 -2107.655273 -81.509071
v 3364.259277 -2106.036621 -79.017395
v 3364.439941 -2105.855957 -78.234734
v 3364.525391 -2105.770508 -77.457390
v 3364.525391 -2105.770508 -76.702492
v 3364.439941 -2105.855957 -75.925148
v 3364.259277 -2106.036621 -75.142487
v 3363.153076 -2107.142822 -73.114029
v 3362.640625 -2107.655273 -72.650810
v 3362.234131 -2108.362305 -72.325447
v 3363.542236 -2105.934814 -74.389160
v 3363.223633 -2106.355957 -73.701843
v 3361.539795 -2108.756104 -72.138580
v 3362.836670 -2106.867432 -81.045853
v 3361.460449 -2108.687012 -82.021301
v 3361.933594 -2108.061768 -81.834435
v 3363.223633 -2106.355957 -80.458038
v 3363.542236 -2105.934814 -79.770721
v 3362.399658 -2107.445557 -81.509071
v 3363.780518 -2105.619629 -79.017395
v 3363.934570 -2105.415771 -78.234734
v 3364.007568 -2105.319336 -77.457390
v 3364.007568 -2105.319336 -76.702492
v 3363.934570 -2105.415771 -75.925148
v 3363.780518 -2105.619629 -75.142487
v 3362.836670 -2106.867432 -73.114029
v 3362.399658 -2107.445557 -72.650810
v 3362.094238 -2108.201660 -72.325447
v 3363.061035 -2105.620117 -74.389160
v 3362.802734 -2106.080566 -73.701843
v 3361.460449 -2108.687012 -72.138580
v 3362.489014 -2106.639893 -81.045853
v 3361.373291 -2108.629883 -82.021301
v 3361.756836 -2107.946045 -81.834435
v 3362.802734 -2106.080566 -80.458038
v 3363.061035 -2105.620117 -79.770721
v 3362.134521 -2107.272217 -81.509071
v 3363.254150 -2105.275391 -79.017395
v 3363.379150 -2105.052490 -78.234734
v 3363.438232 -2104.947021 -77.457390
v 3363.438232 -2104.947021 -76.702492
v 3363.379150 -2105.052490 -75.925148
v 3363.254150 -2105.275391 -75.142487
v 3362.489014 -2106.639893 -73.114029
v 3362.134521 -2107.272217 -72.650810
v 3361.933594 -2108.061768 -72.325447
v 3362.551270 -2105.377441 -74.389160
v 3362.356934 -2105.868408 -73.701843
v 3361.373291 -2108.629883 -72.138580
v 3361.281006 -2108.585938 -82.021301
v 3361.569580 -2107.856934 -81.834435
v 3362.551270 -2105.377441 -79.770721
v 3361.854004 -2107.138672 -81.509071
v 3362.696777 -2105.010254 -79.017395
v 3362.790771 -2104.772705 -78.234734
v 3362.835205 -2104.660156 -77.457390
v 3362.835205 -2104.660156 -76.702492
v 3362.790771 -2104.772705 -75.925148
v 3362.696777 -2105.010254 -75.142487
v 3362.120850 -2106.464844 -73.114029
v 3361.854004 -2107.138672 -72.650810
v 3361.756836 -2107.946045 -72.325447
v 3362.028564 -2105.208984 -74.389160
v 3361.899658 -2105.721191 -73.701843
v 3361.281006 -2108.585938 -72.138580
v 3361.899658 -2105.721191 -80.458038
v 3361.186279 -2108.555420 -82.021301
v 3361.377686 -2107.795166 -81.834435
v 3362.028564 -2105.208984 -79.770721
v 3362.125000 -2104.825928 -79.017395
v 3361.566162 -2107.045898 -81.509071
v 3362.187256 -2104.578125 -78.234734
v 3362.216797 -2104.460938 -77.457390
v 3362.216797 -2104.460938 -76.702492
v 3362.187256 -2104.578125 -75.925148
v 3362.125000 -2104.825928 -75.142487
v 3361.743164 -2106.343018 -73.114029
v 3361.566162 -2107.045898 -72.650810
v 3361.569580 -2107.856934 -72.325447
v 3361.377686 -2107.795166 -72.325447
v 3361.186279 -2107.759521 -72.325447
v 3361.186279 -2108.555420 -72.138580
v 3361.507324 -2105.112305 -74.389160
v 3361.443604 -2105.636475 -73.701843
v 3361.366455 -2106.273193 -81.045853
v 3361.186279 -2107.759521 -81.834435
v 3361.091797 -2108.537842 -82.021301
v 3361.443604 -2105.636475 -80.458038
v 3361.507324 -2105.112305 -79.770721
v 3361.279297 -2106.992676 -81.509071
v 3361.554688 -2104.719971 -79.017395
v 3361.585449 -2104.466553 -78.234734
v 3361.600098 -2104.346436 -77.457390
v 3361.600098 -2104.346436 -76.702492
v 3361.585449 -2104.466553 -75.925148
v 3361.554688 -2104.719971 -75.142487
v 3361.366455 -2106.273193 -73.114029
v 3361.279297 -2106.992676 -72.650810
v 3361.000000 -2105.609619 -73.701843
v 3361.000000 -2105.081787 -74.389160
v 3361.091797 -2108.537842 -72.138580
v 3361.000000 -2106.250977 -81.045853
v 3361.000000 -2107.748291 -81.834435
v 3361.000000 -2108.532471 -82.021301
v 3361.000000 -2105.609619 -80.458038
v 3361.000000 -2105.081787 -79.770721
v 3361.000000 -2106.975830 -81.509071
v 3361.000000 -2104.686523 -79.017395
v 3361.000000 -2104.431152 -78.234734
v 3361.000000 -2104.310059 -77.457390
v 3361.000000 -2104.310059 -76.702492
v 3361.000000 -2104.431152 -75.925148
v 3361.000000 -2104.686523 -75.142487
v 3361.000000 -2106.250977 -73.114029
v 3361.000000 -2106.975830 -72.650810
v 3360.556396 -2105.636475 -73.701843
v 3361.000000 -2107.748291 -72.325447
v 3361.000000 -2108.532471 -72.138580
v 3360.720703 -2106.992676 -81.509071
v 3360.633545 -2106.273193 -81.045853
v 3360.813721 -2107.759521 -81.834435
v 3360.908203 -2108.537842 -82.021301
v 3360.556396 -2105.636475 -80.458038
v 3360.492676 -2105.112305 -79.770721
v 3360.445313 -2104.719971 -79.017395
v 3360.414551 -2104.466553 -78.234734
v 3360.399902 -2104.346436 -77.457390
v 3360.399902 -2104.346436 -76.702492
v 3360.414551 -2104.466553 -75.925148
v 3360.445313 -2104.719971 -75.142487
v 3360.492676 -2105.112305 -74.389160
v 3360.633545 -2106.273193 -73.114029
v 3360.720703 -2106.992676 -72.650810
v 3360.813721 -2107.759521 -72.325447
v 3360.256836 -2106.343018 -73.114029
v 3360.256836 -2106.343018 -81.045853
v 3360.433838 -2107.045898 -81.509071
v 3360.622314 -2107.795166 -81.834435
v 3360.813721 -2108.555420 -82.021301
v 3360.100342 -2105.721191 -80.458038
v 3359.971436 -2105.208984 -79.770721
v 3359.875000 -2104.825928 -79.017395
v 3359.812744 -2104.578125 -78.234734
v 3359.783203 -2104.460938 -77.457390
v 3359.783203 -2104.460938 -76.702492
v 3359.812744 -2104.578125 -75.925148
v 3359.875000 -2104.825928 -75.142487
v 3359.971436 -2105.208984 -74.389160
v 3360.100342 -2105.721191 -73.701843
v 3360.433838 -2107.045898 -72.650810
v 3360.622314 -2107.795166 -72.325447
v 3359.879150 -2106.464844 -73.114029
v 3360.908203 -2108.537842 -72.138580
v 3359.879150 -2106.464844 -81.045853
v 3360.145996 -2107.138672 -81.509071
v 3360.430420 -2107.856934 -81.834435
v 3360.718994 -2108.585938 -82.021301
v 3359.643066 -2105.868408 -80.458038
v 3359.448730 -2105.377441 -79.770721
v 3359.303223 -2105.010254 -79.017395
v 3359.209229 -2104.772705 -78.234734
v 3359.164795 -2104.660156 -77.457390
v 3359.164795 -2104.660156 -76.702492
v 3359.209229 -2104.772705 -75.925148
v 3359.303223 -2105.010254 -75.142487
v 3359.448730 -2105.377441 -74.389160
v 3359.643066 -2105.868408 -73.701843
v 3360.145996 -2107.138672 -72.650810
v 3360.430420 -2107.856934 -72.325447
v 3359.510986 -2106.639893 -73.114029
v 3360.813721 -2108.555420 -72.138580
v 3359.510986 -2106.639893 -81.045853
v 3359.865479 -2107.272217 -81.509071
v 3360.243164 -2107.946045 -81.834435
v 3360.626709 -2108.629883 -82.021301
v 3359.197266 -2106.080566 -80.458038
v 3358.938965 -2105.620117 -79.770721
v 3358.745850 -2105.275391 -79.017395
v 3358.620850 -2105.052490 -78.234734
v 3358.561768 -2104.947021 -77.457390
v 3358.561768 -2104.947021 -76.702492
v 3358.620850 -2105.052490 -75.925148
v 3358.745850 -2105.275391 -75.142487
v 3358.938965 -2105.620117 -74.389160
v 3359.197266 -2106.080566 -73.701843
v 3359.865479 -2107.272217 -72.650810
v 3360.243164 -2107.946045 -72.325447
v 3359.163330 -2106.867432 -73.114029
v 3360.718994 -2108.585938 -72.138580
v 3359.600342 -2107.445557 -81.509071
v 3360.066406 -2108.061768 -81.834435
v 3360.539551 -2108.687012 -82.021301
v 3358.776367 -2106.355957 -80.458038
v 3358.457764 -2105.934814 -79.770721
v 3358.219482 -2105.619629 -79.017395
v 3358.065430 -2105.415771 -78.234734
v 3357.992432 -2105.319336 -77.457390
v 3357.992432 -2105.319336 -76.702492
v 3358.065430 -2105.415771 -75.925148
v 3358.219482 -2105.619629 -75.142487
v 3358.457764 -2105.934814 -74.389160
v 3358.776367 -2106.355957 -73.701843
v 3359.600342 -2107.445557 -72.650810
v 3360.066406 -2108.061768 -72.325447
v 3358.846924 -2107.142822 -73.114029
v 3360.626709 -2108.629883 -72.138580
v 3358.393311 -2106.689209 -80.458038
v 3359.905762 -2108.201660 -81.834435
v 3360.460205 -2108.756104 -82.021301
v 3358.020020 -2106.315918 -79.770721
v 3357.740723 -2106.036621 -79.017395
v 3357.560059 -2105.855957 -78.234734
v 3357.474609 -2105.770508 -77.457390
v 3357.474609 -2105.770508 -76.702492
v 3357.560059 -2105.855957 -75.925148
v 3357.740723 -2106.036621 -75.142487
v 3358.020020 -2106.315918 -74.389160
v 3358.393311 -2106.689209 -73.701843
v 3359.359375 -2107.655273 -72.650810
v 3359.905762 -2108.201660 -72.325447
v 3358.571533 -2107.459229 -73.114029
v 3359.149658 -2107.896240 -72.650810
v 3360.460205 -2108.756104 -72.138580
v 3360.539551 -2108.687012 -72.138580
v 3359.149658 -2107.896240 -81.509071
v 3360.391113 -2108.835449 -82.021301
v 3359.765869 -2108.362305 -81.834435
v 3358.571533 -2107.459229 -81.045853
v 3358.060059 -2107.072266 -80.458038
v 3357.638916 -2106.753662 -79.770721
v 3357.323730 -2106.515381 -79.017395
v 3357.119873 -2106.361328 -78.234734
v 3357.023438 -2106.288330 -77.457390
v 3357.023438 -2106.288330 -76.702492
v 3357.119873 -2106.361328 -75.925148
v 3357.323730 -2106.515381 -75.142487
v 3357.638916 -2106.753662 -74.389160
v 3358.060059 -2107.072266 -73.701843
v 3359.765869 -2108.362305 -72.325447
v 3358.976318 -2108.161377 -72.650810
v 3359.650146 -2108.539063 -72.325447
v 3358.976318 -2108.161377 -81.509071
v 3360.333984 -2108.922607 -82.021301
v 3359.650146 -2108.539063 -81.834435
v 3358.343994 -2107.806885 -81.045853
v 3357.784668 -2107.493164 -80.458038
v 3357.324219 -2107.234863 -79.770721
v 3356.979492 -2107.041748 -79.017395
v 3356.756592 -2106.916748 -78.234734
v 3356.651123 -2106.857666 -77.457390
v 3356.651123 -2106.857666 -76.702492
v 3356.756592 -2106.916748 -75.925148
v 3356.979492 -2107.041748 -75.142487
v 3357.324219 -2107.234863 -74.389160
v 3357.784668 -2107.493164 -73.701843
v 3358.343994 -2107.806885 -73.114029
v 3360.391113 -2108.835449 -72.138580
v 3358.842773 -2108.441895 -72.650810
v 3359.561035 -2108.726318 -72.325447
v 3360.290039 -2109.014893 -82.021301
v 3359.561035 -2108.726318 -81.834435
v 3357.572510 -2107.938965 -80.458038
v 3357.081543 -2107.744629 -79.770721
v 3356.714355 -2107.599121 -79.017395
v 3356.476807 -2107.505127 -78.234734
v 3356.364258 -2107.460693 -77.457390
v 3356.364258 -2107.460693 -76.702492
v 3356.476807 -2107.505127 -75.925148
v 3356.714355 -2107.599121 -75.142487
v 3357.081543 -2107.744629 -74.389160
v 3357.572510 -2107.938965 -73.701843
v 3358.168945 -2108.175049 -73.114029
v 3360.333984 -2108.922607 -72.138580
v 3358.750000 -2108.729736 -72.650810
v 3359.499268 -2108.918213 -72.325447
v 3358.047119 -2108.552734 -81.045853
v 3360.259521 -2109.109619 -82.021301
v 3357.425293 -2108.396240 -80.458038
v 3356.913086 -2108.267334 -79.770721
v 3356.530029 -2108.170898 -79.017395
v 3356.282227 -2108.108643 -78.234734
v 3356.165039 -2108.079102 -77.457390
v 3356.165039 -2108.079102 -76.702492
v 3356.282227 -2108.108643 -75.925148
v 3356.530029 -2108.170898 -75.142487
v 3356.913086 -2108.267334 -74.389160
v 3357.425293 -2108.396240 -73.701843
v 3358.047119 -2108.552734 -73.114029
v 3360.290039 -2109.014893 -72.138580
v 3360.259521 -2109.109619 -72.138580
v 3358.696777 -2109.016602 -81.509071
v 3357.977295 -2108.929443 -81.045853
v 3357.340576 -2108.852295 -80.458038
v 3356.816406 -2108.788574 -79.770721
v 3356.424072 -2108.741211 -79.017395
v 3356.170654 -2108.710449 -78.234734
v 3356.050537 -2108.695801 -77.457390
v 3356.050537 -2108.695801 -76.702492
v 3356.170654 -2108.710449 -75.925148
v 3356.424072 -2108.741211 -75.142487
v 3356.816406 -2108.788574 -74.389160
v 3357.340576 -2108.852295 -73.701843
v 3357.977295 -2108.929443 -73.114029
v 3358.696777 -2109.016602 -72.650810
v 3359.463623 -2109.109619 -72.325447
v 3360.241943 -2109.204102 -72.138580
v 3358.679932 -2109.295898 -81.509071
v 3357.955078 -2109.295898 -81.045853
v 3357.313721 -2109.295898 -80.458038
v 3356.785889 -2109.295898 -79.770721
v 3356.390625 -2109.295898 -79.017395
v 3356.135254 -2109.295898 -78.234734
v 3356.014160 -2109.295898 -77.457390
v 3356.014160 -2109.295898 -76.702492
v 3356.135254 -2109.295898 -75.925148
v 3356.390625 -2109.295898 -75.142487
v 3356.785889 -2109.295898 -74.389160
v 3357.313721 -2109.295898 -73.701843
v 3357.955078 -2109.295898 -73.114029
v 3358.679932 -2109.295898 -72.650810
v 3359.452393 -2109.295898 -72.325447
v 3360.236572 -2109.295898 -72.138580
v 3356.170654 -2109.881348 -78.234734
v 3356.424072 -2109.850586 -79.017395
v 3356.050537 -2109.895996 -77.457390
v 3356.050537 -2109.895996 -76.702492
v 3356.170654 -2109.881348 -75.925148
v 3356.424072 -2109.850586 -75.142487
v 3356.816406 -2109.803223 -74.389160
v 3357.340576 -2109.739502 -73.701843
v 3357.977295 -2109.662354 -73.114029
v 3358.696777 -2109.575195 -72.650810
v 3359.463623 -2109.482178 -72.325447
v 3356.913086 -2110.324463 -74.389160
v 3356.816406 -2109.803223 -79.770721
v 3357.340576 -2109.739502 -80.458038
v 3357.977295 -2109.662354 -81.045853
v 3358.696777 -2109.575195 -81.509071
v 3359.463623 -2109.482178 -81.834435
v 3362.640625 -2110.936523 -81.509071
v 3363.153076 -2111.448975 -81.045853
v 3362.836670 -2111.724365 -81.045853
v 3362.500732 -2109.673584 -81.834435
v 3361.758057 -2109.387695 -82.021301
v 3362.536377 -2109.482178 -81.834435
v 3360.241943 -2109.387695 -82.021301
v 3363.157227 -2110.149902 -81.509071
v 3363.250000 -2109.862061 -81.509071
v 3363.831055 -2110.416748 -81.045853
v 3360.256836 -2112.248779 -81.045853
v 3359.643066 -2112.723389 -80.458038
v 3359.879150 -2112.126953 -81.045853
v 3358.047119 -2110.039063 -81.045853
v 3357.425293 -2110.195557 -80.458038
v 3360.259521 -2109.482178 -82.021301
v 3359.499268 -2109.673584 -81.834435
v 3356.913086 -2110.324463 -79.770721
v 3356.530029 -2110.420898 -79.017395
v 3358.750000 -2109.862061 -81.509071
v 3356.282227 -2110.483154 -78.234734
v 3356.165039 -2110.512695 -77.457390
v 3356.165039 -2110.512695 -76.702492
v 3356.282227 -2110.483154 -75.925148
v 3356.530029 -2110.420898 -75.142487
v 3357.425293 -2110.195557 -73.701843
v 3358.047119 -2110.039063 -73.114029
v 3358.750000 -2109.862061 -72.650810
v 3356.714355 -2110.992676 -75.142487
v 3359.499268 -2109.673584 -72.325447
v 3360.241943 -2109.387695 -72.138580
v 3360.259521 -2109.482178 -72.138580
v 3358.168945 -2110.416748 -81.045853
v 3357.572510 -2110.652832 -80.458038
v 3360.290039 -2109.576904 -82.021301
v 3359.561035 -2109.865479 -81.834435
v 3357.081543 -2110.847168 -79.770721
v 3356.714355 -2110.992676 -79.017395
v 3358.842773 -2110.149902 -81.509071
v 3356.476807 -2111.086670 -78.234734
v 3356.364258 -2111.131104 -77.457390
v 3356.364258 -2111.131104 -76.702492
v 3356.476807 -2111.086670 -75.925148
v 3357.081543 -2110.847168 -74.389160
v 3357.572510 -2110.652832 -73.701843
v 3358.168945 -2110.416748 -73.114029
v 3358.842773 -2110.149902 -72.650810
v 3356.979492 -2111.550049 -75.142487
v 3359.561035 -2109.865479 -72.325447
v 3360.290039 -2109.576904 -72.138580
v 3358.343994 -2110.784912 -81.045853
v 3357.784668 -2111.098633 -80.458038
v 3360.333984 -2109.669189 -82.021301
v 3359.650146 -2110.052734 -81.834435
v 3357.324219 -2111.356934 -79.770721
v 3356.979492 -2111.550049 -79.017395
v 3358.976318 -2110.430420 -81.509071
v 3356.756592 -2111.675049 -78.234734
v 3356.651123 -2111.734131 -77.457390
v 3356.651123 -2111.734131 -76.702492
v 3356.756592 -2111.675049 -75.925148
v 3357.324219 -2111.356934 -74.389160
v 3357.784668 -2111.098633 -73.701843
v 3358.343994 -2110.784912 -73.114029
v 3358.976318 -2110.430420 -72.650810
v 3357.323730 -2112.076416 -75.142487
v 3357.638916 -2111.838135 -74.389160
v 3359.650146 -2110.052734 -72.325447
v 3360.333984 -2109.669189 -72.138580
v 3358.571533 -2111.132568 -81.045853
v 3360.391113 -2109.756348 -82.021301
v 3359.765869 -2110.229492 -81.834435
v 3358.060059 -2111.519531 -80.458038
v 3357.638916 -2111.838135 -79.770721
v 3359.149658 -2110.695557 -81.509071
v 3357.323730 -2112.076416 -79.017395
v 3357.119873 -2112.230469 -78.234734
v 3357.023438 -2112.303467 -77.457390
v 3357.023438 -2112.303467 -76.702492
v 3357.119873 -2112.230469 -75.925148
v 3358.060059 -2111.519531 -73.701843
v 3358.571533 -2111.132568 -73.114029
v 3359.149658 -2110.695557 -72.650810
v 3358.020020 -2112.275879 -74.389160
v 3358.393311 -2111.902588 -73.701843
v 3360.391113 -2109.756348 -72.138580
v 3358.846924 -2111.448975 -81.045853
v 3360.460205 -2109.835693 -82.021301
v 3359.905762 -2110.390137 -81.834435
v 3358.393311 -2111.902588 -80.458038
v 3358.020020 -2112.275879 -79.770721
v 3359.359375 -2110.936523 -81.509071
v 3357.740723 -2112.555176 -79.017395
v 3357.560059 -2112.735840 -78.234734
v 3357.474609 -2112.821289 -77.457390
v 3357.474609 -2112.821289 -76.702492
v 3357.560059 -2112.735840 -75.925148
v 3357.740723 -2112.555176 -75.142487
v 3358.846924 -2111.448975 -73.114029
v 3359.359375 -2110.936523 -72.650810
v 3359.765869 -2110.229492 -72.325447
v 3358.457764 -2112.656982 -74.389160
v 3358.776367 -2112.235840 -73.701843
v 3360.460205 -2109.835693 -72.138580
v 3359.163330 -2111.724365 -81.045853
v 3360.539551 -2109.904785 -82.021301
v 3360.066406 -2110.530029 -81.834435
v 3358.776367 -2112.235840 -80.458038
v 3358.457764 -2112.656982 -79.770721
v 3359.600342 -2111.146240 -81.509071
v 3358.219482 -2112.972168 -79.017395
v 3358.065430 -2113.176025 -78.234734
v 3357.992432 -2113.272461 -77.457390
v 3357.992432 -2113.272461 -76.702492
v 3358.065430 -2113.176025 -75.925148
v 3358.219482 -2112.972168 -75.142487
v 3359.163330 -2111.724365 -73.114029
v 3359.600342 -2111.146240 -72.650810
v 3359.905762 -2110.390137 -72.325447
v 3358.938965 -2112.971680 -74.389160
v 3359.197266 -2112.511230 -73.701843
v 3360.539551 -2109.904785 -72.138580
v 3359.510986 -2111.951904 -81.045853
v 3360.626709 -2109.961914 -82.021301
v 3360.243164 -2110.645752 -81.834435
v 3359.197266 -2112.511230 -80.458038
v 3358.938965 -2112.971680 -79.770721
v 3359.865479 -2111.319580 -81.509071
v 3358.745850 -2113.316406 -79.017395
v 3358.620850 -2113.539307 -78.234734
v 3358.561768 -2113.644775 -77.457390
v 3358.561768 -2113.644775 -76.702492
v 3358.620850 -2113.539307 -75.925148
v 3358.745850 -2113.316406 -75.142487
v 3359.510986 -2111.951904 -73.114029
v 3359.865479 -2111.319580 -72.650810
v 3360.066406 -2110.530029 -72.325447
v 3359.448730 -2113.214355 -74.389160
v 3359.643066 -2112.723389 -73.701843
v 3360.626709 -2109.961914 -72.138580
v 3360.718994 -2110.005859 -82.021301
v 3360.430420 -2110.734863 -81.834435
v 3359.448730 -2113.214355 -79.770721
v 3360.145996 -2111.453125 -81.509071
v 3359.303223 -2113.581543 -79.017395
v 3359.209229 -2113.819092 -78.234734
v 3359.164795 -2113.931641 -77.457390
v 3359.164795 -2113.931641 -76.702492
v 3359.209229 -2113.819092 -75.925148
v 3359.303223 -2113.581543 -75.142487
v 3359.879150 -2112.126953 -73.114029
v 3360.145996 -2111.453125 -72.650810
v 3360.243164 -2110.645752 -72.325447
v 3359.971436 -2113.382813 -74.389160
v 3360.100342 -2112.870605 -73.701843
v 3360.718994 -2110.005859 -72.138580
v 3360.100342 -2112.870605 -80.458038
v 3360.813721 -2110.036377 -82.021301
v 3360.622314 -2110.796631 -81.834435
v 3359.971436 -2113.382813 -79.770721
v 3359.875000 -2113.765869 -79.017395
v 3360.433838 -2111.545898 -81.509071
v 3359.812744 -2114.013672 -78.234734
v 3359.783203 -2114.130859 -77.457390
v 3359.783203 -2114.130859 -76.702492
v 3359.812744 -2114.013672 -75.925148
v 3359.875000 -2113.765869 -75.142487
v 3360.256836 -2112.248779 -73.114029
v 3360.433838 -2111.545898 -72.650810
v 3360.430420 -2110.734863 -72.325447
v 3360.622314 -2110.796631 -72.325447
v 3360.813721 -2110.832275 -72.325447
v 3360.813721 -2110.036377 -72.138580
v 3360.492676 -2113.479492 -74.389160
v 3360.556396 -2112.955322 -73.701843
v 3360.633545 -2112.318604 -81.045853
v 3360.813721 -2110.832275 -81.834435
v 3360.908203 -2110.053955 -82.021301
v 3360.556396 -2112.955322 -80.458038
v 3360.492676 -2113.479492 -79.770721
v 3360.720703 -2111.599121 -81.509071
v 3360.445313 -2113.871826 -79.017395
v 3360.414551 -2114.125244 -78.234734
v 3360.399902 -2114.245361 -77.457390
v 3360.399902 -2114.245361 -76.702492
v 3360.414551 -2114.125244 -75.925148
v 3360.445313 -2113.871826 -75.142487
v 3360.633545 -2112.318604 -73.114029
v 3360.720703 -2111.599121 -72.650810
v 3361.000000 -2112.982178 -73.701843
v 3361.000000 -2113.510010 -74.389160
v 3360.908203 -2110.053955 -72.138580
v 3361.000000 -2112.340820 -81.045853
v 3361.000000 -2110.843506 -81.834435
v 3361.000000 -2110.059326 -82.021301
v 3361.000000 -2112.982178 -80.458038
v 3361.000000 -2113.510010 -79.770721
v 3361.000000 -2111.615967 -81.509071
v 3361.000000 -2113.905273 -79.017395
v 3361.000000 -2114.160645 -78.234734
v 3361.000000 -2114.281738 -77.457390
v 3361.000000 -2114.281738 -76.702492
v 3361.000000 -2114.160645 -75.925148
v 3361.000000 -2113.905273 -75.142487
v 3361.000000 -2112.340820 -73.114029
v 3361.000000 -2111.615967 -72.650810
v 3361.443604 -2112.955322 -73.701843
v 3361.000000 -2110.843506 -72.325447
v 3361.000000 -2110.059326 -72.138580
v 3361.279297 -2111.599121 -81.509071
v 3361.366455 -2112.318604 -81.045853
v 3361.186279 -2110.832275 -81.834435
v 3361.091797 -2110.053955 -82.021301
v 3361.443604 -2112.955322 -80.458038
v 3361.507324 -2113.479492 -79.770721
v 3361.554688 -2113.871826 -79.017395
v 3361.585449 -2114.125244 -78.234734
v 3361.600098 -2114.245361 -77.457390
v 3361.600098 -2114.245361 -76.702492
v 3361.585449 -2114.125244 -75.925148
v 3361.554688 -2113.871826 -75.142487
v 3361.507324 -2113.479492 -74.389160
v 3361.366455 -2112.318604 -73.114029
v 3361.279297 -2111.599121 -72.650810
v 3361.186279 -2110.832275 -72.325447
v 3361.743164 -2112.248779 -73.114029
v 3361.743164 -2112.248779 -81.045853
v 3361.566162 -2111.545898 -81.509071
v 3361.377686 -2110.796631 -81.834435
v 3361.186279 -2110.036377 -82.021301
v 3361.899658 -2112.870605 -80.458038
v 3362.028564 -2113.382813 -79.770721
v 3362.125000 -2113.765869 -79.017395
v 3362.187256 -2114.013672 -78.234734
v 3362.216797 -2114.130859 -77.457390
v 3362.216797 -2114.130859 -76.702492
v 3362.187256 -2114.013672 -75.925148
v 3362.125000 -2113.765869 -75.142487
v 3362.028564 -2113.382813 -74.389160
v 3361.899658 -2112.870605 -73.701843
v 3361.566162 -2111.545898 -72.650810
v 3361.377686 -2110.796631 -72.325447
v 3362.120850 -2112.126953 -73.114029
v 3361.091797 -2110.053955 -72.138580
v 3362.120850 -2112.126953 -81.045853
v 3361.854004 -2111.453125 -81.509071
v 3361.569580 -2110.734863 -81.834435
v 3361.281006 -2110.005859 -82.021301
v 3362.356934 -2112.723389 -80.458038
v 3362.551270 -2113.214355 -79.770721
v 3362.696777 -2113.581543 -79.017395
v 3362.790771 -2113.819092 -78.234734
v 3362.835205 -2113.931641 -77.457390
v 3362.835205 -2113.931641 -76.702492
v 3362.790771 -2113.819092 -75.925148
v 3362.696777 -2113.581543 -75.142487
v 3362.551270 -2113.214355 -74.389160
v 3362.356934 -2112.723389 -73.701843
v 3361.854004 -2111.453125 -72.650810
v 3361.569580 -2110.734863 -72.325447
v 3362.489014 -2111.951904 -73.114029
v 3361.186279 -2110.036377 -72.138580
v 3362.489014 -2111.951904 -81.045853
v 3362.134521 -2111.319580 -81.509071
v 3361.756836 -2110.645752 -81.834435
v 3361.373291 -2109.961914 -82.021301
v 3362.802734 -2112.511230 -80.458038
v 3363.061035 -2112.971680 -79.770721
v 3363.254150 -2113.316406 -79.017395
v 3363.379150 -2113.539307 -78.234734
v 3363.438232 -2113.644775 -77.457390
v 3363.438232 -2113.644775 -76.702492
v 3363.379150 -2113.539307 -75.925148
v 3363.254150 -2113.316406 -75.142487
v 3363.061035 -2112.971680 -74.389160
v 3362.802734 -2112.511230 -73.701843
v 3362.134521 -2111.319580 -72.650810
v 3361.756836 -2110.645752 -72.325447
v 3362.836670 -2111.724365 -73.114029
v 3361.281006 -2110.005859 -72.138580
v 3362.399658 -2111.146240 -81.509071
v 3361.933594 -2110.530029 -81.834435
v 3361.460449 -2109.904785 -82.021301
v 3363.223633 -2112.235840 -80.458038
v 3363.542236 -2112.656982 -79.770721
v 3363.780518 -2112.972168 -79.017395
v 3363.934570 -2113.176025 -78.234734
v 3364.007568 -2113.272461 -77.457390
v 3364.007568 -2113.272461 -76.702492
v 3363.934570 -2113.176025 -75.925148
v 3363.780518 -2112.972168 -75.142487
v 3363.542236 -2112.656982 -74.389160
v 3363.223633 -2112.235840 -73.701843
v 3362.399658 -2111.146240 -72.650810
v 3361.933594 -2110.530029 -72.325447
v 3363.153076 -2111.448975 -73.114029
v 3361.373291 -2109.961914 -72.138580
v 3363.606689 -2111.902588 -80.458038
v 3362.094238 -2110.390137 -81.834435
v 3361.539795 -2109.835693 -82.021301
v 3363.979980 -2112.275879 -79.770721
v 3364.259277 -2112.555176 -79.017395
v 3364.439941 -2112.735840 -78.234734
v 3364.525391 -2112.821289 -77.457390
v 3364.525391 -2112.821289 -76.702492
v 3364.439941 -2112.735840 -75.925148
v 3364.259277 -2112.555176 -75.142487
v 3363.979980 -2112.275879 -74.389160
v 3363.606689 -2111.902588 -73.701843
v 3362.640625 -2110.936523 -72.650810
v 3362.094238 -2110.390137 -72.325447
v 3363.428467 -2111.132568 -73.114029
v 3362.850342 -2110.695557 -72.650810
v 3361.539795 -2109.835693 -72.138580
v 3361.460449 -2109.904785 -72.138580
v 3362.850342 -2110.695557 -81.509071
v 3361.608887 -2109.756348 -82.021301
v 3362.234131 -2110.229492 -81.834435
v 3363.428467 -2111.132568 -81.045853
v 3363.939941 -2111.519531 -80.458038
v 3364.361084 -2111.838135 -79.770721
v 3364.676270 -2112.076416 -79.017395
v 3364.880127 -2112.230469 -78.234734
v 3364.976563 -2112.303467 -77.457390
v 3364.976563 -2112.303467 -76.702492
v 3364.880127 -2112.230469 -75.925148
v 3364.676270 -2112.076416 -75.142487
v 3364.361084 -2111.838135 -74.389160
v 3363.939941 -2111.519531 -73.701843
v 3362.234131 -2110.229492 -72.325447
v 3363.023682 -2110.430420 -72.650810
v 3362.349854 -2110.052734 -72.325447
v 3363.023682 -2110.430420 -81.509071
v 3361.666016 -2109.669189 -82.021301
v 3362.349854 -2110.052734 -81.834435
v 3363.656006 -2110.784912 -81.045853
v 3364.215332 -2111.098633 -80.458038
v 3364.675781 -2111.356934 -79.770721
v 3365.020508 -2111.550049 -79.017395
v 3365.243408 -2111.675049 -78.234734
v 3365.348877 -2111.734131 -77.457390
v 3365.348877 -2111.734131 -76.702492
v 3365.243408 -2111.675049 -75.925148
v 3365.020508 -2111.550049 -75.142487
v 3364.675781 -2111.356934 -74.389160
v 3364.215332 -2111.098633 -73.701843
v 3363.656006 -2110.784912 -73.114029
v 3361.608887 -2109.756348 -72.138580
v 3363.157227 -2110.149902 -72.650810
v 3362.438965 -2109.865479 -72.325447
v 3361.709961 -2109.576904 -82.021301
v 3362.438965 -2109.865479 -81.834435
v 3364.427490 -2110.652832 -80.458038
v 3364.918457 -2110.847168 -79.770721
v 3365.285645 -2110.992676 -79.017395
v 3365.523193 -2111.086670 -78.234734
v 3365.635742 -2111.131104 -77.457390
v 3365.635742 -2111.131104 -76.702492
v 3365.523193 -2111.086670 -75.925148
v 3365.285645 -2110.992676 -75.142487
v 3364.918457 -2110.847168 -74.389160
v 3364.427490 -2110.652832 -73.701843
v 3363.831055 -2110.416748 -73.114029
v 3361.666016 -2109.669189 -72.138580
v 3363.250000 -2109.862061 -72.650810
v 3362.500732 -2109.673584 -72.325447
v 3363.952881 -2110.039063 -81.045853
v 3361.740479 -2109.482178 -82.021301
v 3364.574707 -2110.195557 -80.458038
v 3365.086914 -2110.324463 -79.770721
v 3365.469971 -2110.420898 -79.017395
v 3365.717773 -2110.483154 -78.234734
v 3365.834961 -2110.512695 -77.457390
v 3365.834961 -2110.512695 -76.702492
v 3365.717773 -2110.483154 -75.925148
v 3365.469971 -2110.420898 -75.142487
v 3365.086914 -2110.324463 -74.389160
v 3364.574707 -2110.195557 -73.701843
v 3363.952881 -2110.039063 -73.114029
v 3361.709961 -2109.576904 -72.138580
v 3361.740479 -2109.482178 -72.138580
v 3363.303223 -2109.575195 -81.509071
v 3364.022705 -2109.662354 -81.045853
v 3364.659424 -2109.739502 -80.458038
v 3365.183594 -2109.803223 -79.770721
v 3365.575928 -2109.850586 -79.017395
v 3365.829346 -2109.881348 -78.234734
v 3365.949463 -2109.895996 -77.457390
v 3365.949463 -2109.895996 -76.702492
v 3365.829346 -2109.881348 -75.925148
v 3365.575928 -2109.850586 -75.142487
v 3365.183594 -2109.803223 -74.389160
v 3364.659424 -2109.739502 -73.701843
v 3364.022705 -2109.662354 -73.114029
v 3363.303223 -2109.575195 -72.650810
v 3362.536377 -2109.482178 -72.325447
v 3361.758057 -2109.387695 -72.138580
vn 0.965890 0.117106 -0.230959
vn 0.972963 0.000000 -0.230959
vn 0.915172 0.110957 -0.387490
vn 0.989898 0.120017 -0.075490
vn 0.997147 0.000000 -0.075490
vn 0.989898 0.120017 0.075490
vn 0.997147 -0.000000 0.075490
vn 0.972963 0.000000 0.230959
vn 0.965890 0.117106 0.230959
vn 0.921874 0.000000 0.387490
vn 0.915172 0.110957 0.387490
vn 0.842845 -0.000000 0.538157
vn 0.836718 0.101445 0.538157
vn 0.737251 0.000000 0.675619
vn 0.731892 0.088736 0.675619
vn 0.608985 -0.000000 0.793182
vn 0.604557 0.073298 0.793182
vn 0.464017 -0.000000 0.885826
vn 0.460644 0.055849 0.885826
vn 0.307254 0.037252 0.950898
vn 0.309504 -0.000000 0.950898
vn 0.817359 0.205698 0.538157
vn 0.836718 0.101445 -0.538157
vn 0.921874 0.000000 -0.387490
vn 0.842845 0.000000 -0.538157
vn 0.737251 0.000000 -0.675619
vn 0.731892 0.088736 -0.675619
vn 0.604558 0.073298 -0.793182
vn 0.608985 -0.000000 -0.793182
vn 0.464017 0.000000 -0.885826
vn 0.460644 0.055849 -0.885826
vn 0.307254 0.037252 -0.950898
vn -0.328110 0.328110 -0.885826
vn -0.430617 0.430617 -0.793182
vn -0.367358 0.485706 -0.793182
vn 0.309504 -0.000000 -0.950898
vn -0.300145 0.075535 -0.950898
vn -0.151589 0.018379 -0.988273
vn -0.307254 0.037252 -0.950898
vn 0.151589 0.018379 -0.988273
vn -0.431438 0.170802 -0.885826
vn -0.449986 0.113244 -0.885826
vn -0.566227 0.224164 -0.793182
vn 0.148624 0.590570 -0.793182
vn 0.271378 0.685488 -0.675619
vn 0.224164 0.566227 -0.793182
vn -0.152700 -0.000000 -0.988273
vn -0.309504 0.000000 -0.950898
vn -0.028445 0.000000 -0.999595
vn 0.152700 0.000000 -0.988273
vn 0.590570 0.148624 -0.793182
vn 0.714958 0.179928 -0.675619
vn 0.148082 0.037267 -0.988273
vn 0.300145 0.075535 -0.950898
vn 0.817359 0.205698 -0.538157
vn 0.893998 0.224985 -0.387490
vn 0.449986 0.113244 -0.885826
vn 0.943543 0.237454 -0.230959
vn 0.966995 0.243356 -0.075490
vn 0.966995 0.243356 0.075490
vn 0.943543 0.237454 0.230959
vn 0.893998 0.224985 0.387490
vn 0.714958 0.179928 0.675619
vn 0.590570 0.148624 0.793182
vn 0.449986 0.113244 0.885826
vn 0.857147 0.339337 0.387490
vn 0.300146 0.075535 0.950898
vn 0.152700 0.000000 0.988273
vn 0.151589 0.018379 0.988273
vn 0.028445 0.000000 0.999595
vn 0.148082 0.037267 0.988273
vn 0.566227 0.224164 -0.793182
vn 0.685488 0.271378 -0.675619
vn 0.141978 0.056208 -0.988273
vn 0.287773 0.113927 -0.950898
vn 0.783667 0.310247 -0.538157
vn 0.857147 0.339337 -0.387490
vn 0.431438 0.170802 -0.885826
vn 0.904650 0.358143 -0.230959
vn 0.927135 0.367044 -0.075490
vn 0.927135 0.367044 0.075490
vn 0.904650 0.358143 0.230959
vn 0.783667 0.310247 0.538157
vn 0.685488 0.271378 0.675619
vn 0.566227 0.224164 0.793182
vn 0.431438 0.170802 0.885826
vn 0.804114 0.450835 0.387490
vn 0.287773 0.113927 0.950898
vn 0.141978 0.056208 0.988273
vn 0.531193 0.297819 -0.793182
vn 0.643075 0.360547 -0.675619
vn 0.133194 0.074676 -0.988273
vn 0.269968 0.151360 -0.950898
vn 0.735180 0.412186 -0.538157
vn 0.804114 0.450835 -0.387490
vn 0.404744 0.226924 -0.885826
vn 0.848677 0.475820 -0.230959
vn 0.869771 0.487646 -0.075490
vn 0.869771 0.487646 0.075490
vn 0.848677 0.475820 0.230959
vn 0.735180 0.412186 0.538157
vn 0.643075 0.360547 0.675619
vn 0.531193 0.297819 0.793182
vn 0.404744 0.226924 0.885826
vn 0.735256 0.556103 0.387490
vn 0.672225 0.508430 0.538157
vn 0.269968 0.151360 0.950898
vn 0.133194 0.074676 0.988273
vn 0.485706 0.367358 -0.793182
vn 0.121788 0.092113 -0.988273
vn 0.246850 0.186702 -0.950898
vn 0.588007 0.444733 -0.675619
vn 0.672225 0.508430 -0.538157
vn 0.370085 0.279909 -0.885826
vn 0.735256 0.556103 -0.387490
vn 0.776003 0.586921 -0.230959
vn 0.795291 0.601510 -0.075490
vn 0.795291 0.601510 0.075490
vn 0.776003 0.586921 0.230959
vn 0.588007 0.444733 0.675619
vn 0.485706 0.367358 0.793182
vn 0.370085 0.279909 0.885826
vn 0.595981 0.595981 0.538157
vn 0.521315 0.521315 0.675619
vn 0.121788 0.092113 0.988273
vn 0.430617 0.430617 -0.793182
vn 0.107975 0.107975 -0.988273
vn 0.218853 0.218853 -0.950898
vn 0.521315 0.521315 -0.675619
vn 0.595981 0.595981 -0.538157
vn 0.328110 0.328110 -0.885826
vn 0.651863 0.651863 -0.387490
vn 0.687989 0.687989 -0.230959
vn 0.705089 0.705089 -0.075490
vn 0.705089 0.705089 0.075490
vn 0.687989 0.687989 0.230959
vn 0.651863 0.651863 0.387490
vn 0.430617 0.430617 0.793182
vn 0.328110 0.328110 0.885826
vn 0.246850 0.186702 0.950898
vn 0.508430 0.672225 0.538157
vn 0.444733 0.588007 0.675619
vn 0.107975 0.107975 0.988273
vn 0.367358 0.485706 -0.793182
vn 0.092113 0.121788 -0.988273
vn 0.186702 0.246850 -0.950898
vn 0.444733 0.588007 -0.675619
vn 0.508430 0.672225 -0.538157
vn 0.279909 0.370085 -0.885826
vn 0.556103 0.735256 -0.387490
vn 0.586922 0.776003 -0.230959
vn 0.601509 0.795291 -0.075490
vn 0.601510 0.795291 0.075490
vn 0.586921 0.776003 0.230959
vn 0.556103 0.735256 0.387490
vn 0.367358 0.485706 0.793182
vn 0.279909 0.370085 0.885826
vn 0.218853 0.218853 0.950898
vn 0.412186 0.735180 0.538157
vn 0.360547 0.643075 0.675619
vn 0.092113 0.121788 0.988273
vn 0.297819 0.531193 -0.793182
vn 0.074676 0.133194 -0.988273
vn 0.151360 0.269968 -0.950898
vn 0.360546 0.643075 -0.675619
vn 0.412186 0.735180 -0.538157
vn 0.226924 0.404744 -0.885826
vn 0.450835 0.804114 -0.387490
vn 0.475820 0.848677 -0.230959
vn 0.487646 0.869771 -0.075490
vn 0.487646 0.869771 0.075490
vn 0.475820 0.848677 0.230959
vn 0.450835 0.804114 0.387490
vn 0.297819 0.531193 0.793182
vn 0.226924 0.404744 0.885826
vn 0.186703 0.246850 0.950898
vn 0.310247 0.783667 0.538157
vn 0.271378 0.685488 0.675619
vn 0.074676 0.133194 0.988273
vn 0.056208 0.141978 -0.988273
vn 0.113927 0.287773 -0.950898
vn 0.310247 0.783667 -0.538157
vn 0.170802 0.431438 -0.885826
vn 0.339337 0.857147 -0.387490
vn 0.358143 0.904650 -0.230959
vn 0.367044 0.927135 -0.075490
vn 0.367044 0.927135 0.075490
vn 0.358143 0.904650 0.230959
vn 0.339337 0.857147 0.387490
vn 0.224164 0.566227 0.793182
vn 0.170802 0.431438 0.885826
vn 0.151360 0.269968 0.950898
vn 0.205698 0.817359 0.538157
vn 0.179928 0.714958 0.675619
vn 0.056208 0.141978 0.988273
vn 0.179928 0.714958 -0.675619
vn 0.037267 0.148082 -0.988273
vn 0.075535 0.300145 -0.950898
vn 0.205698 0.817359 -0.538157
vn 0.224985 0.893998 -0.387490
vn 0.113244 0.449986 -0.885826
vn 0.237454 0.943543 -0.230959
vn 0.243356 0.966995 -0.075490
vn 0.243356 0.966995 0.075490
vn 0.237454 0.943543 0.230959
vn 0.224985 0.893998 0.387490
vn 0.148624 0.590570 0.793182
vn 0.113244 0.449986 0.885826
vn 0.113927 0.287773 0.950898
vn 0.075535 0.300146 0.950898
vn 0.037252 0.307254 0.950898
vn 0.037267 0.148082 0.988273
vn 0.101445 0.836718 0.538157
vn 0.088736 0.731892 0.675619
vn 0.073298 0.604558 -0.793182
vn 0.037252 0.307254 -0.950898
vn 0.018379 0.151589 -0.988273
vn 0.088736 0.731892 -0.675619
vn 0.101445 0.836718 -0.538157
vn 0.055849 0.460644 -0.885826
vn 0.110957 0.915172 -0.387490
vn 0.117106 0.965890 -0.230959
vn 0.120017 0.989898 -0.075490
vn 0.120017 0.989898 0.075490
vn 0.117106 0.965890 0.230959
vn 0.110957 0.915172 0.387490
vn 0.073298 0.604557 0.793182
vn 0.055849 0.460644 0.885826
vn 0.000000 0.737251 0.675619
vn -0.000000 0.842845 0.538157
vn 0.018379 0.151589 0.988273
vn 0.000000 0.608985 -0.793182
vn -0.000000 0.309504 -0.950898
vn 0.000000 0.152700 -0.988273
vn 0.000000 0.737251 -0.675619
vn -0.000000 0.842845 -0.538157
vn -0.000000 0.464017 -0.885826
vn 0.000000 0.921874 -0.387490
vn 0.000000 0.972963 -0.230959
vn -0.000000 0.997147 -0.075490
vn 0.000000 0.997147 0.075490
vn 0.000000 0.972963 0.230959
vn 0.000000 0.921874 0.387490
vn 0.000000 0.608985 0.793182
vn -0.000000 0.464017 0.885826
vn -0.088736 0.731892 0.675619
vn 0.000000 0.309504 0.950898
vn 0.000000 0.152700 0.988273
vn -0.055849 0.460644 -0.885826
vn -0.073298 0.604558 -0.793182
vn -0.037252 0.307254 -0.950898
vn -0.018379 0.151589 -0.988273
vn -0.088736 0.731892 -0.675619
vn -0.101445 0.836718 -0.538157
vn -0.110957 0.915172 -0.387490
vn -0.117106 0.965890 -0.230959
vn -0.120017 0.989898 -0.075490
vn -0.120017 0.989898 0.075490
vn -0.117106 0.965890 0.230959
vn -0.110957 0.915172 0.387490
vn -0.101445 0.836718 0.538157
vn -0.073298 0.604557 0.793182
vn -0.055849 0.460644 0.885826
vn -0.037252 0.307254 0.950898
vn -0.148624 0.590570 0.793182
vn -0.148624 0.590570 -0.793182
vn -0.113244 0.449986 -0.885826
vn -0.075535 0.300145 -0.950898
vn -0.037267 0.148082 -0.988273
vn -0.179928 0.714958 -0.675619
vn -0.205698 0.817359 -0.538157
vn -0.224985 0.893998 -0.387490
vn -0.237454 0.943543 -0.230959
vn -0.243356 0.966995 -0.075490
vn -0.243356 0.966995 0.075490
vn -0.237454 0.943543 0.230959
vn -0.224985 0.893998 0.387490
vn -0.205698 0.817359 0.538157
vn -0.179928 0.714958 0.675619
vn -0.113244 0.449986 0.885826
vn -0.075535 0.300146 0.950898
vn -0.224164 0.566227 0.793182
vn -0.018379 0.151589 0.988273
vn -0.224164 0.566227 -0.793182
vn -0.170802 0.431438 -0.885826
vn -0.113927 0.287773 -0.950898
vn -0.056208 0.141978 -0.988273
vn -0.271378 0.685488 -0.675619
vn -0.310247 0.783667 -0.538157
vn -0.339337 0.857147 -0.387490
vn -0.358143 0.904650 -0.230959
vn -0.367044 0.927135 -0.075490
vn -0.367044 0.927135 0.075490
vn -0.358143 0.904650 0.230959
vn -0.339337 0.857148 0.387490
vn -0.310247 0.783667 0.538157
vn -0.271378 0.685488 0.675619
vn -0.170802 0.431438 0.885826
vn -0.113927 0.287773 0.950898
vn -0.297819 0.531193 0.793182
vn -0.037267 0.148082 0.988273
vn -0.297819 0.531193 -0.793182
vn -0.226924 0.404744 -0.885826
vn -0.151360 0.269968 -0.950898
vn -0.074676 0.133194 -0.988273
vn -0.360547 0.643075 -0.675619
vn -0.412186 0.735180 -0.538157
vn -0.450835 0.804114 -0.387490
vn -0.475820 0.848678 -0.230959
vn -0.487646 0.869771 -0.075490
vn -0.487646 0.869771 0.075490
vn -0.475820 0.848677 0.230959
vn -0.450835 0.804114 0.387490
vn -0.412186 0.735180 0.538157
vn -0.360547 0.643075 0.675619
vn -0.226924 0.404744 0.885826
vn -0.151361 0.269968 0.950898
vn -0.367358 0.485706 0.793182
vn -0.056208 0.141978 0.988273
vn -0.279909 0.370085 -0.885826
vn -0.186702 0.246850 -0.950898
vn -0.092113 0.121788 -0.988273
vn -0.444733 0.588007 -0.675619
vn -0.508430 0.672225 -0.538157
vn -0.556103 0.735256 -0.387490
vn -0.586922 0.776003 -0.230959
vn -0.601510 0.795291 -0.075490
vn -0.601509 0.795291 0.075490
vn -0.586922 0.776003 0.230959
vn -0.556103 0.735256 0.387490
vn -0.508430 0.672225 0.538157
vn -0.444733 0.588007 0.675619
vn -0.279910 0.370085 0.885826
vn -0.186702 0.246850 0.950898
vn -0.430617 0.430617 0.793182
vn -0.074676 0.133194 0.988273
vn -0.521315 0.521315 -0.675619
vn -0.218853 0.218853 -0.950898
vn -0.107975 0.107975 -0.988273
vn -0.595981 0.595981 -0.538157
vn -0.651863 0.651863 -0.387490
vn -0.687989 0.687989 -0.230959
vn -0.705089 0.705089 -0.075490
vn -0.705089 0.705089 0.075490
vn -0.687989 0.687989 0.230959
vn -0.651863 0.651863 0.387490
vn -0.595981 0.595981 0.538157
vn -0.521315 0.521315 0.675619
vn -0.328110 0.328110 0.885826
vn -0.218853 0.218853 0.950898
vn -0.485706 0.367358 0.793182
vn -0.370085 0.279909 0.885826
vn -0.107975 0.107975 0.988273
vn -0.092113 0.121788 0.988273
vn -0.370085 0.279909 -0.885826
vn -0.121788 0.092113 -0.988273
vn -0.246850 0.186702 -0.950898
vn -0.485706 0.367358 -0.793182
vn -0.588007 0.444733 -0.675619
vn -0.672225 0.508430 -0.538157
vn -0.735256 0.556103 -0.387490
vn -0.776003 0.586922 -0.230959
vn -0.795291 0.601510 -0.075490
vn -0.795291 0.601509 0.075490
vn -0.776003 0.586922 0.230959
vn -0.735256 0.556103 0.387490
vn -0.672225 0.508430 0.538157
vn -0.588007 0.444733 0.675619
vn -0.246850 0.186702 0.950898
vn -0.404744 0.226924 0.885826
vn -0.269968 0.151361 0.950898
vn -0.404744 0.226924 -0.885826
vn -0.133194 0.074676 -0.988273
vn -0.269968 0.151360 -0.950898
vn -0.531193 0.297819 -0.793182
vn -0.643075 0.360547 -0.675619
vn -0.735180 0.412186 -0.538157
vn -0.804114 0.450835 -0.387490
vn -0.848678 0.475820 -0.230959
vn -0.869772 0.487646 -0.075490
vn -0.869772 0.487646 0.075490
vn -0.848678 0.475820 0.230959
vn -0.804114 0.450835 0.387490
vn -0.735180 0.412186 0.538157
vn -0.643075 0.360547 0.675619
vn -0.531193 0.297819 0.793182
vn -0.121788 0.092113 0.988273
vn -0.431438 0.170802 0.885826
vn -0.287773 0.113927 0.950898
vn -0.141978 0.056208 -0.988273
vn -0.287773 0.113927 -0.950898
vn -0.685488 0.271378 -0.675619
vn -0.783667 0.310247 -0.538157
vn -0.857147 0.339337 -0.387490
vn -0.904650 0.358143 -0.230959
vn -0.927135 0.367044 -0.075490
vn -0.927135 0.367044 0.075490
vn -0.904650 0.358143 0.230959
vn -0.857147 0.339337 0.387490
vn -0.783667 0.310247 0.538157
vn -0.685488 0.271378 0.675619
vn -0.566227 0.224164 0.793182
vn -0.133194 0.074676 0.988273
vn -0.449986 0.113244 0.885826
vn -0.300146 0.075535 0.950898
vn -0.590570 0.148624 -0.793182
vn -0.148082 0.037267 -0.988273
vn -0.714958 0.179928 -0.675619
vn -0.817359 0.205698 -0.538157
vn -0.893998 0.224985 -0.387490
vn -0.943543 0.237454 -0.230959
vn -0.966995 0.243356 -0.075490
vn -0.966995 0.243356 0.075490
vn -0.943543 0.237454 0.230959
vn -0.893998 0.224985 0.387490
vn -0.817359 0.205698 0.538157
vn -0.714958 0.179928 0.675619
vn -0.590570 0.148624 0.793182
vn -0.141978 0.056208 0.988273
vn -0.148082 0.037267 0.988273
vn -0.460644 0.055849 -0.885826
vn -0.604558 0.073298 -0.793182
vn -0.731892 0.088736 -0.675619
vn -0.836718 0.101445 -0.538157
vn -0.915172 0.110957 -0.387490
vn -0.965890 0.117106 -0.230959
vn -0.989898 0.120017 -0.075490
vn -0.989898 0.120017 0.075490
vn -0.965890 0.117106 0.230959
vn -0.915172 0.110957 0.387490
vn -0.836718 0.101445 0.538157
vn -0.731892 0.088736 0.675619
vn -0.604557 0.073298 0.793182
vn -0.460644 0.055849 0.885826
vn -0.307254 0.037252 0.950898
vn -0.151589 0.018379 0.988273
vn -0.464017 -0.000000 -0.885826
vn -0.608985 0.000000 -0.793182
vn -0.737251 0.000000 -0.675619
vn -0.842845 0.000000 -0.538157
vn -0.921874 -0.000000 -0.387490
vn -0.972963 -0.000000 -0.230959
vn -0.997147 0.000000 -0.075490
vn -0.997147 0.000000 0.075490
vn -0.972963 0.000000 0.230959
vn -0.921874 0.000000 0.387490
vn -0.842845 0.000000 0.538157
vn -0.737251 -0.000000 0.675619
vn -0.608985 0.000000 0.793182
vn -0.464017 0.000000 0.885826
vn -0.309504 0.000000 0.950898
vn -0.152700 -0.000000 0.988273
vn -0.965890 -0.117106 -0.230959
vn -0.972963 0.000000 -0.230959
vn -0.915172 -0.110957 -0.387490
vn -0.989898 -0.120017 -0.075490
vn -0.997147 0.000000 -0.075490
vn -0.989898 -0.120017 0.075490
vn -0.997147 0.000000 0.075490
vn -0.972963 -0.000000 0.230959
vn -0.965890 -0.117106 0.230959
vn -0.921874 0.000000 0.387490
vn -0.915172 -0.110957 0.387490
vn -0.842845 0.000000 0.538157
vn -0.836718 -0.101445 0.538157
vn -0.737251 0.000000 0.675619
vn -0.731892 -0.088736 0.675619
vn -0.608985 -0.000000 0.793182
vn -0.604557 -0.073298 0.793182
vn -0.464017 -0.000000 0.885826
vn -0.460644 -0.055849 0.885826
vn -0.307254 -0.037252 0.950898
vn -0.309504 -0.000000 0.950898
vn -0.817359 -0.205698 0.538157
vn -0.836718 -0.101445 -0.538157
vn -0.921874 0.000000 -0.387490
vn -0.842845 -0.000000 -0.538157
vn -0.737251 0.000000 -0.675619
vn -0.731892 -0.088736 -0.675619
vn -0.604558 -0.073298 -0.793182
vn -0.608985 0.000000 -0.793182
vn -0.464017 -0.000000 -0.885826
vn -0.460644 -0.055849 -0.885826
vn -0.307254 -0.037252 -0.950898
vn 0.328110 -0.328110 -0.885826
vn 0.430617 -0.430617 -0.793182
vn 0.367358 -0.485706 -0.793182
vn -0.309504 -0.000000 -0.950898
vn 0.300145 -0.075535 -0.950898
vn 0.151589 -0.018379 -0.988273
vn 0.307254 -0.037252 -0.950898
vn -0.151589 -0.018379 -0.988273
vn 0.431438 -0.170802 -0.885826
vn 0.449986 -0.113244 -0.885826
vn 0.566227 -0.224164 -0.793182
vn -0.148624 -0.590570 -0.793182
vn -0.271378 -0.685488 -0.675619
vn -0.224164 -0.566227 -0.793182
vn 0.152700 -0.000000 -0.988273
vn 0.309504 -0.000000 -0.950898
vn 0.028445 0.000000 -0.999595
vn -0.152700 0.000000 -0.988273
vn -0.590570 -0.148624 -0.793182
vn -0.714958 -0.179928 -0.675619
vn -0.148082 -0.037267 -0.988273
vn -0.300145 -0.075535 -0.950898
vn -0.817359 -0.205698 -0.538157
vn -0.893998 -0.224985 -0.387490
vn -0.449986 -0.113244 -0.885826
vn -0.943543 -0.237454 -0.230959
vn -0.966995 -0.243356 -0.075490
vn -0.966995 -0.243356 0.075490
vn -0.943543 -0.237454 0.230959
vn -0.893998 -0.224985 0.387490
vn -0.714958 -0.179928 0.675619
vn -0.590570 -0.148624 0.793182
vn -0.449986 -0.113244 0.885826
vn -0.857147 -0.339337 0.387490
vn -0.300146 -0.075535 0.950898
vn -0.152700 0.000000 0.988273
vn -0.151589 -0.018379 0.988273
vn -0.028445 0.000000 0.999595
vn -0.148082 -0.037267 0.988273
vn -0.566227 -0.224164 -0.793182
vn -0.685488 -0.271378 -0.675619
vn -0.141978 -0.056208 -0.988273
vn -0.287773 -0.113927 -0.950898
vn -0.783667 -0.310247 -0.538157
vn -0.857147 -0.339337 -0.387490
vn -0.431438 -0.170802 -0.885826
vn -0.904650 -0.358143 -0.230959
vn -0.927135 -0.367044 -0.075490
vn -0.927135 -0.367044 0.075490
vn -0.904650 -0.358143 0.230959
vn -0.783667 -0.310247 0.538157
vn -0.685488 -0.271378 0.675619
vn -0.566227 -0.224164 0.793182
vn -0.431438 -0.170802 0.885826
vn -0.804114 -0.450835 0.387490
vn -0.287773 -0.113927 0.950898
vn -0.141978 -0.056208 0.988273
vn -0.531193 -0.297819 -0.793182
vn -0.643075 -0.360546 -0.675619
vn -0.133194 -0.074676 -0.988273
vn -0.269968 -0.151360 -0.950898
vn -0.735180 -0.412186 -0.538157
vn -0.804114 -0.450835 -0.387490
vn -0.404744 -0.226924 -0.885826
vn -0.848678 -0.475820 -0.230959
vn -0.869772 -0.487646 -0.075490
vn -0.869772 -0.487646 0.075490
vn -0.848678 -0.475819 0.230959
vn -0.735180 -0.412186 0.538157
vn -0.643075 -0.360546 0.675619
vn -0.531193 -0.297819 0.793182
vn -0.404744 -0.226924 0.885826
vn -0.735256 -0.556103 0.387490
vn -0.672225 -0.508430 0.538157
vn -0.269968 -0.151360 0.950898
vn -0.133194 -0.074676 0.988273
vn -0.485706 -0.367358 -0.793182
vn -0.121788 -0.092113 -0.988273
vn -0.246850 -0.186702 -0.950898
vn -0.588007 -0.444733 -0.675619
vn -0.672225 -0.508430 -0.538157
vn -0.370085 -0.279909 -0.885826
vn -0.735256 -0.556103 -0.387490
vn -0.776003 -0.586921 -0.230959
vn -0.795291 -0.601509 -0.075490
vn -0.795291 -0.601509 0.075490
vn -0.776003 -0.586921 0.230959
vn -0.588007 -0.444733 0.675619
vn -0.485706 -0.367358 0.793182
vn -0.370085 -0.279909 0.885826
vn -0.595981 -0.595981 0.538157
vn -0.521315 -0.521315 0.675619
vn -0.121788 -0.092113 0.988273
vn -0.430617 -0.430617 -0.793182
vn -0.107975 -0.107975 -0.988273
vn -0.218852 -0.218853 -0.950898
vn -0.521315 -0.521315 -0.675619
vn -0.595981 -0.595981 -0.538157
vn -0.328110 -0.328110 -0.885826
vn -0.651863 -0.651863 -0.387490
vn -0.687989 -0.687989 -0.230959
vn -0.705089 -0.705089 -0.075490
vn -0.705089 -0.705089 0.075490
vn -0.687989 -0.687989 0.230959
vn -0.651863 -0.651863 0.387490
vn -0.430617 -0.430617 0.793182
vn -0.328110 -0.328110 0.885826
vn -0.246850 -0.186702 0.950898
vn -0.508430 -0.672225 0.538157
vn -0.444733 -0.588007 0.675619
vn -0.107975 -0.107975 0.988273
vn -0.367358 -0.485706 -0.793182
vn -0.092113 -0.121788 -0.988273
vn -0.186702 -0.246850 -0.950898
vn -0.444733 -0.588007 -0.675619
vn -0.508430 -0.672225 -0.538157
vn -0.279910 -0.370085 -0.885826
vn -0.556103 -0.735256 -0.387490
vn -0.586921 -0.776003 -0.230959
vn -0.601509 -0.795291 -0.075490
vn -0.601510 -0.795291 0.075490
vn -0.586921 -0.776003 0.230959
vn -0.556103 -0.735256 0.387490
vn -0.367358 -0.485706 0.793182
vn -0.279909 -0.370085 0.885826
vn -0.218853 -0.218853 0.950898
vn -0.412186 -0.735180 0.538157
vn -0.360547 -0.643075 0.675619
vn -0.092113 -0.121788 0.988273
vn -0.297819 -0.531193 -0.793182
vn -0.074676 -0.133194 -0.988273
vn -0.151360 -0.269968 -0.950898
vn -0.360547 -0.643075 -0.675619
vn -0.412186 -0.735180 -0.538157
vn -0.226924 -0.404744 -0.885826
vn -0.450835 -0.804114 -0.387490
vn -0.475820 -0.848677 -0.230959
vn -0.487646 -0.869771 -0.075490
vn -0.487646 -0.869771 0.075490
vn -0.475820 -0.848677 0.230959
vn -0.450835 -0.804114 0.387490
vn -0.297819 -0.531193 0.793182
vn -0.226924 -0.404744 0.885826
vn -0.186703 -0.246850 0.950898
vn -0.310247 -0.783667 0.538157
vn -0.271378 -0.685488 0.675619
vn -0.074676 -0.133194 0.988273
vn -0.056208 -0.141978 -0.988273
vn -0.113927 -0.287773 -0.950898
vn -0.310247 -0.783667 -0.538157
vn -0.170802 -0.431438 -0.885826
vn -0.339337 -0.857147 -0.387490
vn -0.358143 -0.904650 -0.230959
vn -0.367044 -0.927135 -0.075490
vn -0.367044 -0.927135 0.075490
vn -0.358143 -0.904650 0.230959
vn -0.339337 -0.857147 0.387490
vn -0.224164 -0.566227 0.793182
vn -0.170802 -0.431438 0.885826
vn -0.151361 -0.269968 0.950898
vn -0.205698 -0.817359 0.538157
vn -0.179928 -0.714958 0.675619
vn -0.056208 -0.141978 0.988273
vn -0.179928 -0.714958 -0.675619
vn -0.037267 -0.148082 -0.988273
vn -0.075535 -0.300145 -0.950898
vn -0.205698 -0.817359 -0.538157
vn -0.224986 -0.893998 -0.387490
vn -0.113244 -0.449986 -0.885826
vn -0.237454 -0.943543 -0.230959
vn -0.243356 -0.966995 -0.075490
vn -0.243356 -0.966995 0.075490
vn -0.237454 -0.943543 0.230959
vn -0.224985 -0.893998 0.387490
vn -0.148624 -0.590570 0.793182
vn -0.113244 -0.449986 0.885826
vn -0.113927 -0.287773 0.950898
vn -0.075535 -0.300146 0.950898
vn -0.037252 -0.307254 0.950898
vn -0.037267 -0.148082 0.988273
vn -0.101445 -0.836718 0.538157
vn -0.088736 -0.731892 0.675619
vn -0.073298 -0.604558 -0.793182
vn -0.037252 -0.307254 -0.950898
vn -0.018379 -0.151589 -0.988273
vn -0.088736 -0.731892 -0.675619
vn -0.101445 -0.836718 -0.538157
vn -0.055849 -0.460644 -0.885826
vn -0.110957 -0.915172 -0.387490
vn -0.117106 -0.965890 -0.230959
vn -0.120017 -0.989898 -0.075490
vn -0.120017 -0.989898 0.075490
vn -0.117106 -0.965890 0.230959
vn -0.110957 -0.915172 0.387490
vn -0.073298 -0.604557 0.793182
vn -0.055849 -0.460644 0.885826
vn 0.000000 -0.737251 0.675619
vn 0.000000 -0.842845 0.538157
vn -0.018379 -0.151589 0.988273
vn 0.000000 -0.608985 -0.793182
vn 0.000000 -0.309504 -0.950898
vn 0.000000 -0.152700 -0.988273
vn 0.000000 -0.737251 -0.675619
vn 0.000000 -0.842845 -0.538157
vn 0.000000 -0.464017 -0.885826
vn 0.000000 -0.921874 -0.387490
vn 0.000000 -0.972963 -0.230959
vn 0.000000 -0.997147 -0.075490
vn 0.000000 -0.997147 0.075490
vn 0.000000 -0.972963 0.230959
vn 0.000000 -0.921874 0.387490
vn 0.000000 -0.608985 0.793182
vn 0.000000 -0.464017 0.885826
vn 0.088736 -0.731892 0.675619
vn 0.000000 -0.309504 0.950898
vn 0.000000 -0.152700 0.988273
vn 0.055849 -0.460644 -0.885826
vn 0.073298 -0.604558 -0.793182
vn 0.037252 -0.307254 -0.950898
vn 0.018379 -0.151589 -0.988273
vn 0.088736 -0.731892 -0.675619
vn 0.101445 -0.836718 -0.538157
vn 0.110957 -0.915172 -0.387490
vn 0.117106 -0.965890 -0.230959
vn 0.120017 -0.989898 -0.075490
vn 0.120017 -0.989898 0.075490
vn 0.117106 -0.965890 0.230959
vn 0.110957 -0.915172 0.387490
vn 0.101445 -0.836718 0.538157
vn 0.073298 -0.604557 0.793182
vn 0.055849 -0.460644 0.885826
vn 0.037252 -0.307254 0.950898
vn 0.148624 -0.590570 0.793182
vn 0.148624 -0.590570 -0.793182
vn 0.113244 -0.449986 -0.885826
vn 0.075535 -0.300145 -0.950898
vn 0.037267 -0.148082 -0.988273
vn 0.179928 -0.714958 -0.675619
vn 0.205698 -0.817359 -0.538157
vn 0.224985 -0.893998 -0.387490
vn 0.237454 -0.943543 -0.230959
vn 0.243356 -0.966995 -0.075490
vn 0.243356 -0.966995 0.075490
vn 0.237454 -0.943543 0.230959
vn 0.224985 -0.893998 0.387490
vn 0.205698 -0.817359 0.538157
vn 0.179928 -0.714958 0.675619
vn 0.113244 -0.449986 0.885826
vn 0.075535 -0.300146 0.950898
vn 0.224164 -0.566227 0.793182
vn 0.018379 -0.151589 0.988273
vn 0.224164 -0.566227 -0.793182
vn 0.170802 -0.431438 -0.885826
vn 0.113927 -0.287773 -0.950898
vn 0.056208 -0.141978 -0.988273
vn 0.271378 -0.685488 -0.675619
vn 0.310247 -0.783667 -0.538157
vn 0.339337 -0.857147 -0.387490
vn 0.358143 -0.904650 -0.230959
vn 0.367044 -0.927135 -0.075490
vn 0.367044 -0.927135 0.075490
vn 0.358143 -0.904650 0.230959
vn 0.339337 -0.857147 0.387490
vn 0.310247 -0.783667 0.538157
vn 0.271378 -0.685488 0.675619
vn 0.170802 -0.431438 0.885826
vn 0.113927 -0.287773 0.950898
vn 0.297819 -0.531193 0.793182
vn 0.037267 -0.148082 0.988273
vn 0.297819 -0.531193 -0.793182
vn 0.226924 -0.404744 -0.885826
vn 0.151360 -0.269968 -0.950898
vn 0.074676 -0.133194 -0.988273
vn 0.360547 -0.643075 -0.675619
vn 0.412186 -0.735180 -0.538157
vn 0.450835 -0.804114 -0.387490
vn 0.475820 -0.848677 -0.230959
vn 0.487646 -0.869771 -0.075490
vn 0.487646 -0.869771 0.075490
vn 0.475820 -0.848677 0.230959
vn 0.450835 -0.804114 0.387490
vn 0.412186 -0.735180 0.538157
vn 0.360547 -0.643075 0.675619
vn 0.226924 -0.404744 0.885826
vn 0.151361 -0.269968 0.950898
vn 0.367358 -0.485706 0.793182
vn 0.056208 -0.141978 0.988273
vn 0.279909 -0.370085 -0.885826
vn 0.186702 -0.246850 -0.950898
vn 0.092113 -0.121788 -0.988273
vn 0.444733 -0.588007 -0.675619
vn 0.508430 -0.672225 -0.538157
vn 0.556102 -0.735256 -0.387490
vn 0.586922 -0.776003 -0.230959
vn 0.601509 -0.795291 -0.075490
vn 0.601509 -0.795291 0.075490
vn 0.586922 -0.776003 0.230959
vn 0.556103 -0.735256 0.387490
vn 0.508430 -0.672225 0.538157
vn 0.444732 -0.588007 0.675619
vn 0.279909 -0.370085 0.885826
vn 0.186702 -0.246850 0.950898
vn 0.430617 -0.430617 0.793182
vn 0.074676 -0.133194 0.988273
vn 0.521315 -0.521315 -0.675619
vn 0.218852 -0.218853 -0.950898
vn 0.107975 -0.107975 -0.988273
vn 0.595981 -0.595981 -0.538157
vn 0.651863 -0.651863 -0.387490
vn 0.687989 -0.687989 -0.230959
vn 0.705089 -0.705089 -0.075490
vn 0.705089 -0.705089 0.075490
vn 0.687989 -0.687989 0.230959
vn 0.651863 -0.651863 0.387490
vn 0.595981 -0.595981 0.538157
vn 0.521315 -0.521315 0.675619
vn 0.328110 -0.328110 0.885826
vn 0.218853 -0.218853 0.950898
vn 0.485706 -0.367358 0.793182
vn 0.370085 -0.279909 0.885826
vn 0.107975 -0.107975 0.988273
vn 0.092113 -0.121788 0.988273
vn 0.370085 -0.279909 -0.885826
vn 0.121788 -0.092113 -0.988273
vn 0.246850 -0.186702 -0.950898
vn 0.485706 -0.367358 -0.793182
vn 0.588007 -0.444733 -0.675619
vn 0.672225 -0.508430 -0.538157
vn 0.735256 -0.556103 -0.387490
vn 0.776003 -0.586921 -0.230959
vn 0.795291 -0.601509 -0.075490
vn 0.795291 -0.601509 0.075490
vn 0.776003 -0.586921 0.230959
vn 0.735256 -0.556103 0.387490
vn 0.672225 -0.508430 0.538157
vn 0.588007 -0.444733 0.675619
vn 0.246850 -0.186702 0.950898
vn 0.404744 -0.226924 0.885826
vn 0.269968 -0.151361 0.950898
vn 0.404744 -0.226924 -0.885826
vn 0.133194 -0.074676 -0.988273
vn 0.269968 -0.151360 -0.950898
vn 0.531193 -0.297819 -0.793182
vn 0.643075 -0.360546 -0.675619
vn 0.735180 -0.412186 -0.538157
vn 0.804114 -0.450835 -0.387490
vn 0.848678 -0.475819 -0.230959
vn 0.869772 -0.487646 -0.075490
vn 0.869771 -0.487646 0.075490
vn 0.848678 -0.475819 0.230959
vn 0.804114 -0.450835 0.387490
vn 0.735180 -0.412186 0.538157
vn 0.643075 -0.360547 0.675619
vn 0.531193 -0.297819 0.793182
vn 0.121788 -0.092113 0.988273
vn 0.431438 -0.170802 0.885826
vn 0.287773 -0.113927 0.950898
vn 0.141978 -0.056208 -0.988273
vn 0.287773 -0.113927 -0.950898
vn 0.685488 -0.271378 -0.675619
vn 0.783667 -0.310247 -0.538157
vn 0.857147 -0.339337 -0.387490
vn 0.904650 -0.358143 -0.230959
vn 0.927135 -0.367044 -0.075490
vn 0.927135 -0.367044 0.075490
vn 0.904650 -0.358143 0.230959
vn 0.857147 -0.339337 0.387490
vn 0.783667 -0.310247 0.538157
vn 0.685488 -0.271378 0.675619
vn 0.566227 -0.224164 0.793182
vn 0.133194 -0.074676 0.988273
vn 0.449986 -0.113244 0.885826
vn 0.300146 -0.075535 0.950898
vn 0.590570 -0.148624 -0.793182
vn 0.148082 -0.037267 -0.988273
vn 0.714958 -0.179928 -0.675619
vn 0.817359 -0.205698 -0.538157
vn 0.893998 -0.224985 -0.387490
vn 0.943543 -0.237454 -0.230959
vn 0.966995 -0.243356 -0.075490
vn 0.966995 -0.243356 0.075490
vn 0.943543 -0.237454 0.230959
vn 0.893998 -0.224985 0.387490
vn 0.817359 -0.205698 0.538157
vn 0.714958 -0.179928 0.675619
vn 0.590570 -0.148624 0.793182
vn 0.141978 -0.056208 0.988273
vn 0.148082 -0.037267 0.988273
vn 0.460644 -0.055849 -0.885826
vn 0.604558 -0.073298 -0.793182
vn 0.731892 -0.088736 -0.675619
vn 0.836718 -0.101445 -0.538157
vn 0.915172 -0.110957 -0.387490
vn 0.965890 -0.117106 -0.230959
vn 0.989898 -0.120017 -0.075490
vn 0.989898 -0.120017 0.075490
vn 0.965890 -0.117106 0.230959
vn 0.915172 -0.110957 0.387490
vn 0.836718 -0.101445 0.538157
vn 0.731892 -0.088736 0.675619
vn 0.604557 -0.073298 0.793182
vn 0.460644 -0.055849 0.885826
vn 0.307254 -0.037252 0.950898
vn 0.151589 -0.018379 0.988273
vn 0.464017 0.000000 -0.885826
vn 0.608985 -0.000000 -0.793182
vn 0.737251 -0.000000 -0.675619
vn 0.842845 -0.000000 -0.538157
vn 0.921874 -0.000000 -0.387490
vn 0.972963 0.000000 -0.230959
vn 0.997147 -0.000000 -0.075490
vn 0.997147 0.000000 0.075490
vn 0.972963 -0.000000 0.230959
vn 0.921874 0.000000 0.387490
vn 0.842845 0.000000 0.538157
vn 0.737251 -0.000000 0.675619
vn 0.608985 -0.000000 0.793182
vn 0.464017 0.000000 0.885826
vn 0.309504 0.000000 0.950898
vn 0.152700 0.000000 0.988273

g brep_3
usemtl mat-1
f 1733//1806 1734//1807 1735//1808
f 1733//1806 1736//1809 1737//1810
f 1734//1807 1733//1806 1737//1810
f 1738//1811 1739//1812 1736//1809
f 1740//1813 1739//1812 1738//1811
f 1738//1811 1741//1814 1740//1813
f 1741//1814 1742//1815 1740//1813
f 1741//1814 1743//1816 1742//1815
f 1742//1815 1743//1816 1744//1817
f 1744//1817 1743//1816 1745//1818
f 1745//1818 1746//1819 1744//1817
f 1736//1809 1739//1812 1737//1810
f 1747//1820 1748//1821 1746//1819
f 1747//1820 1749//1822 1748//1821
f 1748//1821 1749//1822 1750//1823
f 1750//1823 1749//1822 1751//1824
f 1745//1818 1747//1820 1746//1819
f 1752//1825 1753//1826 1751//1824
f 1745//1818 1754//1827 1747//1820
f 1751//1824 1753//1826 1750//1823
f 1755//1828 1756//1829 1757//1830
f 1735//1808 1734//1807 1756//1829
f 1757//1830 1758//1831 1759//1832
f 1735//1808 1756//1829 1755//1828
f 1760//1833 1758//1831 1761//1834
f 1759//1832 1755//1828 1757//1830
f 1762//1835 1763//1836 1761//1834
f 1758//1831 1760//1833 1759//1832
f 1763//1836 1762//1835 1764//1837
f 1765//1838 1766//1839 1767//1840
f 1768//1841 1764//1837 1762//1835
f 1769//1842 1770//1843 1771//1844
f 1764//1837 1768//1841 1772//1845
f 1773//1846 1774//1847 1775//1848
f 1776//1849 1777//1850 1778//1851
f 1771//1844 1779//1852 1780//1853
f 1770//1843 1781//1854 1779//1852
f 1781//1854 1772//1845 1782//1855
f 1768//1841 1782//1855 1772//1845
f 1783//1856 1784//1857 1759//1832
f 1760//1833 1761//1834 1763//1836
f 1764//1837 1785//1858 1786//1859
f 1784//1857 1787//1860 1755//1828
f 1764//1837 1786//1859 1763//1836
f 1787//1860 1788//1861 1735//1808
f 1786//1859 1789//1862 1763//1836
f 1788//1861 1790//1863 1733//1806
f 1789//1862 1760//1833 1763//1836
f 1790//1863 1791//1864 1736//1809
f 1783//1856 1759//1832 1760//1833
f 1791//1864 1792//1865 1738//1811
f 1784//1857 1755//1828 1759//1832
f 1792//1865 1793//1866 1741//1814
f 1787//1860 1735//1808 1755//1828
f 1793//1866 1794//1867 1743//1816
f 1788//1861 1733//1806 1735//1808
f 1794//1867 1754//1827 1745//1818
f 1790//1863 1736//1809 1733//1806
f 1754//1827 1795//1868 1747//1820
f 1791//1864 1738//1811 1736//1809
f 1795//1868 1796//1869 1749//1822
f 1792//1865 1741//1814 1738//1811
f 1796//1869 1797//1870 1751//1824
f 1793//1866 1743//1816 1741//1814
f 1798//1871 1754//1827 1794//1867
f 1794//1867 1745//1818 1743//1816
f 1797//1870 1799//1872 1752//1825
f 1800//1873 1752//1825 1801//1874
f 1752//1825 1800//1873 1753//1826
f 1747//1820 1795//1868 1749//1822
f 1749//1822 1796//1869 1751//1824
f 1802//1875 1801//1874 1803//1876
f 1800//1873 1801//1874 1802//1875
f 1781//1854 1785//1858 1772//1845
f 1764//1837 1772//1845 1785//1858
f 1804//1877 1805//1878 1784//1857
f 1783//1856 1760//1833 1789//1862
f 1786//1859 1806//1879 1807//1880
f 1805//1878 1808//1881 1787//1860
f 1786//1859 1807//1880 1789//1862
f 1808//1881 1809//1882 1788//1861
f 1807//1880 1810//1883 1789//1862
f 1809//1882 1811//1884 1790//1863
f 1810//1883 1783//1856 1789//1862
f 1811//1884 1812//1885 1791//1864
f 1804//1877 1784//1857 1783//1856
f 1812//1885 1813//1886 1792//1865
f 1805//1878 1787//1860 1784//1857
f 1813//1886 1814//1887 1793//1866
f 1808//1881 1788//1861 1787//1860
f 1814//1887 1798//1871 1794//1867
f 1809//1882 1790//1863 1788//1861
f 1798//1871 1815//1888 1754//1827
f 1811//1884 1791//1864 1790//1863
f 1815//1888 1816//1889 1795//1868
f 1812//1885 1792//1865 1791//1864
f 1816//1889 1817//1890 1796//1869
f 1813//1886 1793//1866 1792//1865
f 1817//1890 1818//1891 1797//1870
f 1814//1887 1794//1867 1793//1866
f 1819//1892 1815//1888 1798//1871
f 1818//1891 1820//1893 1799//1872
f 1797//1870 1752//1825 1751//1824
f 1815//1888 1795//1868 1754//1827
f 1816//1889 1796//1869 1795//1868
f 1803//1876 1801//1874 1799//1872
f 1752//1825 1799//1872 1801//1874
f 1797//1870 1796//1869 1817//1890
f 1803//1876 1821//1894 1802//1875
f 1781//1854 1806//1879 1785//1858
f 1786//1859 1785//1858 1806//1879
f 1822//1895 1823//1896 1805//1878
f 1804//1877 1783//1856 1810//1883
f 1807//1880 1824//1897 1825//1898
f 1823//1896 1826//1899 1808//1881
f 1807//1880 1825//1898 1810//1883
f 1826//1899 1827//1900 1809//1882
f 1825//1898 1828//1901 1810//1883
f 1827//1900 1829//1902 1811//1884
f 1828//1901 1804//1877 1810//1883
f 1829//1902 1830//1903 1812//1885
f 1822//1895 1805//1878 1804//1877
f 1830//1903 1831//1904 1813//1886
f 1823//1896 1808//1881 1805//1878
f 1831//1904 1832//1905 1814//1887
f 1826//1899 1809//1882 1808//1881
f 1832//1905 1819//1892 1798//1871
f 1827//1900 1811//1884 1809//1882
f 1819//1892 1833//1906 1815//1888
f 1829//1902 1812//1885 1811//1884
f 1833//1906 1834//1907 1816//1889
f 1830//1903 1813//1886 1812//1885
f 1834//1907 1835//1908 1817//1890
f 1831//1904 1814//1887 1813//1886
f 1835//1908 1836//1909 1818//1891
f 1832//1905 1798//1871 1814//1887
f 1837//1910 1838//1911 1833//1906
f 1836//1909 1839//1912 1820//1893
f 1818//1891 1799//1872 1797//1870
f 1833//1906 1816//1889 1815//1888
f 1834//1907 1817//1890 1816//1889
f 1821//1894 1803//1876 1820//1893
f 1799//1872 1820//1893 1803//1876
f 1818//1891 1817//1890 1835//1908
f 1821//1894 1840//1913 1802//1875
f 1781//1854 1824//1897 1806//1879
f 1807//1880 1806//1879 1824//1897
f 1823//1896 1822//1895 1841//1914
f 1822//1895 1804//1877 1828//1901
f 1825//1898 1842//1915 1843//1916
f 1826//1899 1823//1896 1844//1917
f 1825//1898 1843//1916 1828//1901
f 1827//1900 1826//1899 1845//1918
f 1843//1916 1846//1919 1828//1901
f 1829//1902 1827//1900 1847//1920
f 1846//1919 1841//1914 1822//1895
f 1830//1903 1829//1902 1848//1921
f 1841//1914 1844//1917 1823//1896
f 1831//1904 1830//1903 1849//1922
f 1844//1917 1845//1918 1826//1899
f 1832//1905 1831//1904 1850//1923
f 1845//1918 1847//1920 1827//1900
f 1819//1892 1832//1905 1851//1924
f 1847//1920 1848//1921 1829//1902
f 1833//1906 1819//1892 1837//1910
f 1848//1921 1849//1922 1830//1903
f 1834//1907 1833//1906 1838//1911
f 1849//1922 1850//1923 1831//1904
f 1835//1908 1834//1907 1852//1925
f 1850//1923 1851//1924 1832//1905
f 1836//1909 1835//1908 1853//1926
f 1851//1924 1837//1910 1819//1892
f 1839//1912 1836//1909 1854//1927
f 1852//1925 1855//1928 1856//1929
f 1836//1909 1820//1893 1818//1891
f 1838//1911 1852//1925 1834//1907
f 1852//1925 1853//1926 1835//1908
f 1840//1913 1821//1894 1839//1912
f 1820//1893 1839//1912 1821//1894
f 1854//1927 1836//1909 1853//1926
f 1840//1913 1857//1930 1802//1875
f 1781//1854 1842//1915 1824//1897
f 1825//1898 1824//1897 1842//1915
f 1841//1914 1858//1931 1844//1917
f 1846//1919 1822//1895 1828//1901
f 1843//1916 1859//1932 1860//1933
f 1844//1917 1861//1934 1845//1918
f 1843//1916 1860//1933 1846//1919
f 1845//1918 1862//1935 1847//1920
f 1860//1933 1863//1936 1846//1919
f 1847//1920 1864//1937 1848//1921
f 1863//1936 1858//1931 1841//1914
f 1848//1921 1865//1938 1849//1922
f 1858//1931 1861//1934 1844//1917
f 1849//1922 1866//1939 1850//1923
f 1861//1934 1862//1935 1845//1918
f 1850//1923 1867//1940 1851//1924
f 1862//1935 1864//1937 1847//1920
f 1851//1924 1868//1941 1837//1910
f 1864//1937 1865//1938 1848//1921
f 1837//1910 1869//1942 1838//1911
f 1865//1938 1866//1939 1849//1922
f 1838//1911 1855//1928 1852//1925
f 1866//1939 1867//1940 1850//1923
f 1852//1925 1856//1929 1853//1926
f 1867//1940 1868//1941 1851//1924
f 1853//1926 1870//1943 1854//1927
f 1868//1941 1869//1942 1837//1910
f 1854//1927 1871//1944 1872//1945
f 1869//1942 1855//1928 1838//1911
f 1856//1929 1873//1946 1874//1947
f 1840//1913 1839//1912 1872//1945
f 1854//1927 1872//1945 1839//1912
f 1853//1926 1856//1929 1870//1943
f 1854//1927 1870//1943 1871//1944
f 1857//1930 1875//1948 1802//1875
f 1840//1913 1872//1945 1857//1930
f 1781//1854 1859//1932 1842//1915
f 1843//1916 1842//1915 1859//1932
f 1858//1931 1876//1949 1861//1934
f 1863//1936 1841//1914 1846//1919
f 1860//1933 1877//1950 1878//1951
f 1861//1934 1879//1952 1862//1935
f 1860//1933 1878//1951 1863//1936
f 1862//1935 1880//1953 1864//1937
f 1878//1951 1881//1954 1863//1936
f 1864//1937 1882//1955 1865//1938
f 1881//1954 1876//1949 1858//1931
f 1865//1938 1883//1956 1866//1939
f 1876//1949 1879//1952 1861//1934
f 1866//1939 1884//1957 1867//1940
f 1879//1952 1880//1953 1862//1935
f 1867//1940 1885//1958 1868//1941
f 1880//1953 1882//1955 1864//1937
f 1868//1941 1886//1959 1869//1942
f 1882//1955 1883//1956 1865//1938
f 1869//1942 1887//1960 1855//1928
f 1883//1956 1884//1957 1866//1939
f 1855//1928 1873//1946 1856//1929
f 1884//1957 1885//1958 1867//1940
f 1856//1929 1874//1947 1870//1943
f 1885//1958 1886//1959 1868//1941
f 1870//1943 1888//1961 1871//1944
f 1886//1959 1887//1960 1869//1942
f 1871//1944 1889//1962 1890//1963
f 1887//1960 1873//1946 1855//1928
f 1874//1947 1891//1964 1892//1965
f 1857//1930 1872//1945 1890//1963
f 1871//1944 1890//1963 1872//1945
f 1870//1943 1874//1947 1888//1961
f 1871//1944 1888//1961 1889//1962
f 1875//1948 1893//1966 1802//1875
f 1857//1930 1890//1963 1875//1948
f 1781//1854 1877//1950 1859//1932
f 1860//1933 1859//1932 1877//1950
f 1876//1949 1894//1967 1879//1952
f 1881//1954 1858//1931 1863//1936
f 1878//1951 1895//1968 1896//1969
f 1879//1952 1897//1970 1880//1953
f 1878//1951 1896//1969 1881//1954
f 1880//1953 1898//1971 1882//1955
f 1896//1969 1899//1972 1881//1954
f 1882//1955 1900//1973 1883//1956
f 1899//1972 1894//1967 1876//1949
f 1883//1956 1901//1974 1884//1957
f 1894//1967 1897//1970 1879//1952
f 1884//1957 1902//1975 1885//1958
f 1897//1970 1898//1971 1880//1953
f 1885//1958 1903//1976 1886//1959
f 1898//1971 1900//1973 1882//1955
f 1886//1959 1904//1977 1887//1960
f 1900//1973 1901//1974 1883//1956
f 1887//1960 1905//1978 1873//1946
f 1901//1974 1902//1975 1884//1957
f 1873//1946 1891//1964 1874//1947
f 1902//1975 1903//1976 1885//1958
f 1874//1947 1892//1965 1888//1961
f 1903//1976 1904//1977 1886//1959
f 1888//1961 1906//1979 1889//1962
f 1904//1977 1905//1978 1887//1960
f 1889//1962 1907//1980 1908//1981
f 1905//1978 1891//1964 1873//1946
f 1892//1965 1909//1982 1910//1983
f 1875//1948 1890//1963 1908//1981
f 1889//1962 1908//1981 1890//1963
f 1888//1961 1892//1965 1906//1979
f 1889//1962 1906//1979 1907//1980
f 1893//1966 1911//1984 1802//1875
f 1875//1948 1908//1981 1893//1966
f 1781//1854 1895//1968 1877//1950
f 1878//1951 1877//1950 1895//1968
f 1894//1967 1778//1851 1897//1970
f 1899//1972 1876//1949 1881//1954
f 1896//1969 1912//1985 1913//1986
f 1897//1970 1777//1850 1898//1971
f 1896//1969 1913//1986 1899//1972
f 1898//1971 1914//1987 1900//1973
f 1913//1986 1915//1988 1899//1972
f 1900//1973 1916//1989 1901//1974
f 1915//1988 1778//1851 1894//1967
f 1901//1974 1917//1990 1902//1975
f 1778//1851 1777//1850 1897//1970
f 1902//1975 1918//1991 1903//1976
f 1777//1850 1914//1987 1898//1971
f 1903//1976 1919//1992 1904//1977
f 1914//1987 1916//1989 1900//1973
f 1904//1977 1920//1993 1905//1978
f 1916//1989 1917//1990 1901//1974
f 1905//1978 1921//1994 1891//1964
f 1917//1990 1918//1991 1902//1975
f 1891//1964 1909//1982 1892//1965
f 1918//1991 1919//1992 1903//1976
f 1892//1965 1910//1983 1906//1979
f 1919//1992 1920//1993 1904//1977
f 1906//1979 1922//1995 1907//1980
f 1920//1993 1921//1994 1905//1978
f 1907//1980 1923//1996 1924//1997
f 1921//1994 1909//1982 1891//1964
f 1910//1983 1925//1998 1926//1999
f 1893//1966 1908//1981 1924//1997
f 1907//1980 1924//1997 1908//1981
f 1906//1979 1910//1983 1922//1995
f 1907//1980 1922//1995 1923//1996
f 1911//1984 1927//2000 1802//1875
f 1893//1966 1924//1997 1911//1984
f 1781//1854 1912//1985 1895//1968
f 1896//1969 1895//1968 1912//1985
f 1928//2001 1914//1987 1777//1850
f 1915//1988 1894//1967 1899//1972
f 1913//1986 1929//2002 1930//2003
f 1931//2004 1916//1989 1914//1987
f 1913//1986 1930//2003 1915//1988
f 1932//2005 1917//1990 1916//1989
f 1930//2003 1933//2006 1915//1988
f 1934//2007 1918//1991 1917//1990
f 1933//2006 1776//1849 1778//1851
f 1935//2008 1919//1992 1918//1991
f 1776//1849 1928//2001 1777//1850
f 1936//2009 1920//1993 1919//1992
f 1928//2001 1931//2004 1914//1987
f 1937//2010 1921//1994 1920//1993
f 1931//2004 1932//2005 1916//1989
f 1938//2011 1909//1982 1921//1994
f 1932//2005 1934//2007 1917//1990
f 1925//1998 1910//1983 1909//1982
f 1934//2007 1935//2008 1918//1991
f 1926//1999 1922//1995 1910//1983
f 1935//2008 1936//2009 1919//1992
f 1939//2012 1923//1996 1922//1995
f 1936//2009 1937//2010 1920//1993
f 1940//2013 1941//2014 1923//1996
f 1937//2010 1938//2011 1921//1994
f 1942//2015 1943//2016 1944//2017
f 1938//2011 1925//1998 1909//1982
f 1926//1999 1945//2018 1946//2019
f 1911//1984 1924//1997 1941//2014
f 1923//1996 1941//2014 1924//1997
f 1922//1995 1926//1999 1939//2012
f 1923//1996 1939//2012 1940//2013
f 1927//2000 1944//2017 1802//1875
f 1911//1984 1941//2014 1927//2000
f 1781//1854 1929//2002 1912//1985
f 1913//1986 1912//1985 1929//2002
f 1928//2001 1776//1849 1947//2020
f 1933//2006 1778//1851 1915//1988
f 1948//2021 1930//2003 1949//2022
f 1931//2004 1928//2001 1950//2023
f 1933//2006 1930//2003 1948//2021
f 1932//2005 1931//2004 1951//2024
f 1933//2006 1948//2021 1952//2025
f 1934//2007 1932//2005 1953//2026
f 1776//1849 1952//2025 1947//2020
f 1935//2008 1934//2007 1954//2027
f 1928//2001 1947//2020 1950//2023
f 1936//2009 1935//2008 1955//2028
f 1931//2004 1950//2023 1951//2024
f 1937//2010 1936//2009 1956//2029
f 1932//2005 1951//2024 1953//2026
f 1938//2011 1937//2010 1957//2030
f 1934//2007 1953//2026 1954//2027
f 1925//1998 1938//2011 1958//2031
f 1935//2008 1954//2027 1955//2028
f 1926//1999 1925//1998 1945//2018
f 1936//2009 1955//2028 1956//2029
f 1939//2012 1926//1999 1946//2019
f 1937//2010 1956//2029 1957//2030
f 1940//2013 1939//2012 1959//2032
f 1938//2011 1957//2030 1958//2031
f 1942//2015 1940//2013 1960//2033
f 1925//1998 1958//2031 1945//2018
f 1961//2034 1946//2019 1962//2035
f 1927//2000 1941//2014 1942//2015
f 1940//2013 1942//2015 1941//2014
f 1939//2012 1946//2019 1959//2032
f 1940//2013 1959//2032 1960//2033
f 1944//2017 1963//2036 1802//1875
f 1927//2000 1942//2015 1944//2017
f 1781//1854 1949//2022 1929//2002
f 1930//2003 1929//2002 1949//2022
f 1950//2023 1947//2020 1964//2037
f 1952//2025 1776//1849 1933//2006
f 1965//2038 1948//2021 1966//2039
f 1951//2024 1950//2023 1967//2040
f 1952//2025 1948//2021 1965//2038
f 1953//2026 1951//2024 1968//2041
f 1952//2025 1965//2038 1969//2042
f 1954//2027 1953//2026 1970//2043
f 1947//2020 1969//2042 1964//2037
f 1955//2028 1954//2027 1971//2044
f 1950//2023 1964//2037 1967//2040
f 1956//2029 1955//2028 1972//2045
f 1951//2024 1967//2040 1968//2041
f 1957//2030 1956//2029 1973//2046
f 1953//2026 1968//2041 1970//2043
f 1958//2031 1957//2030 1974//2047
f 1954//2027 1970//2043 1971//2044
f 1945//2018 1958//2031 1975//2048
f 1955//2028 1971//2044 1972//2045
f 1946//2019 1945//2018 1962//2035
f 1956//2029 1972//2045 1973//2046
f 1959//2032 1946//2019 1961//2034
f 1957//2030 1973//2046 1974//2047
f 1960//2033 1959//2032 1976//2049
f 1958//2031 1974//2047 1975//2048
f 1943//2016 1960//2033 1977//2050
f 1945//2018 1975//2048 1962//2035
f 1978//2051 1976//2049 1961//2034
f 1963//2036 1943//2016 1979//2052
f 1960//2033 1943//2016 1942//2015
f 1959//2032 1961//2034 1976//2049
f 1960//2033 1976//2049 1977//2050
f 1963//2036 1980//2053 1802//1875
f 1944//2017 1943//2016 1963//2036
f 1781//1854 1966//2039 1949//2022
f 1948//2021 1949//2022 1966//2039
f 1981//2054 1982//2055 1964//2037
f 1969//2042 1947//2020 1952//2025
f 1983//2056 1965//2038 1984//2057
f 1982//2055 1985//2058 1967//2040
f 1969//2042 1965//2038 1983//2056
f 1985//2058 1986//2059 1968//2041
f 1964//2037 1969//2042 1981//2054
f 1986//2059 1987//2060 1970//2043
f 1967//2040 1964//2037 1982//2055
f 1987//2060 1988//2061 1971//2044
f 1968//2041 1967//2040 1985//2058
f 1988//2061 1989//2062 1972//2045
f 1970//2043 1968//2041 1986//2059
f 1989//2062 1990//2063 1973//2046
f 1971//2044 1970//2043 1987//2060
f 1990//2063 1991//2064 1974//2047
f 1972//2045 1971//2044 1988//2061
f 1991//2064 1992//2065 1975//2048
f 1973//2046 1972//2045 1989//2062
f 1992//2065 1993//2066 1962//2035
f 1974//2047 1973//2046 1990//2063
f 1993//2066 1978//2051 1961//2034
f 1975//2048 1974//2047 1991//2064
f 1978//2051 1994//2067 1976//2049
f 1962//2035 1975//2048 1992//2065
f 1994//2067 1995//2068 1977//2050
f 1961//2034 1962//2035 1993//2066
f 1995//2068 1996//2069 1979//2052
f 1994//2067 1997//2070 1995//2068
f 1977//2050 1979//2052 1943//2016
f 1977//2050 1976//2049 1994//2067
f 1979//2052 1977//2050 1995//2068
f 1963//2036 1979//2052 1980//2053
f 1966//2039 1781//1854 1984//2057
f 1965//2038 1966//2039 1984//2057
f 1998//2071 1982//2055 1999//2072
f 1983//2056 1981//2054 1969//2042
f 2000//2073 1983//2056 2001//2074
f 2002//2075 1985//2058 1998//2071
f 1981//2054 1983//2056 2000//2073
f 2003//2076 1986//2059 2002//2075
f 1982//2055 1981//2054 1999//2072
f 2004//2077 1987//2060 2003//2076
f 1985//2058 1982//2055 1998//2071
f 2005//2078 1988//2061 2004//2077
f 1986//2059 1985//2058 2002//2075
f 2006//2079 1989//2062 2005//2078
f 1987//2060 1986//2059 2003//2076
f 2007//2080 1990//2063 2006//2079
f 1988//2061 1987//2060 2004//2077
f 2008//2081 1991//2064 2007//2080
f 1989//2062 1988//2061 2005//2078
f 2009//2082 1992//2065 2008//2081
f 1990//2063 1989//2062 2006//2079
f 2010//2083 1993//2066 2009//2082
f 1991//2064 1990//2063 2007//2080
f 2011//2084 1978//2051 2010//2083
f 1992//2065 1991//2064 2008//2081
f 1997//2070 1994//2067 2011//2084
f 1993//2066 1992//2065 2009//2082
f 2012//2085 1995//2068 1997//2070
f 1978//2051 1993//2066 2010//2083
f 2013//2086 1996//2069 2012//2085
f 1994//2067 1978//2051 2011//2084
f 1997//2070 2014//2087 2012//2085
f 2015//2088 1980//2053 1996//2069
f 1979//2052 1996//2069 1980//2053
f 2012//2085 1996//2069 1995//2068
f 1802//1875 1980//2053 2015//2088
f 1984//2057 1781//1854 2001//2074
f 1983//2056 1984//2057 2001//2074
f 2016//2089 1998//2071 2017//2090
f 2000//2073 1999//2072 1981//2054
f 2018//2091 2000//2073 2019//2092
f 2020//2093 2002//2075 2016//2089
f 1999//2072 2000//2073 2018//2091
f 2021//2094 2003//2076 2020//2093
f 1998//2071 1999//2072 2017//2090
f 2022//2095 2004//2077 2021//2094
f 2002//2075 1998//2071 2016//2089
f 2023//2096 2005//2078 2022//2095
f 2003//2076 2002//2075 2020//2093
f 2024//2097 2006//2079 2023//2096
f 2004//2077 2003//2076 2021//2094
f 2025//2098 2007//2080 2024//2097
f 2005//2078 2004//2077 2022//2095
f 2026//2099 2008//2081 2025//2098
f 2006//2079 2005//2078 2023//2096
f 2027//2100 2009//2082 2026//2099
f 2007//2080 2006//2079 2024//2097
f 2028//2101 2010//2083 2027//2100
f 2008//2081 2007//2080 2025//2098
f 2029//2102 2011//2084 2028//2101
f 2009//2082 2008//2081 2026//2099
f 2014//2087 1997//2070 2029//2102
f 2010//2083 2009//2082 2027//2100
f 2030//2103 2012//2085 2014//2087
f 2011//2084 2010//2083 2028//2101
f 2031//2104 2013//2086 2030//2103
f 1997//2070 2011//2084 2029//2102
f 2014//2087 2032//2105 2030//2103
f 2033//2106 2015//2088 2013//2086
f 1996//2069 2013//2086 2015//2088
f 2030//2103 2013//2086 2012//2085
f 1802//1875 2015//2088 2033//2106
f 2001//2074 1781//1854 2019//2092
f 2000//2073 2001//2074 2019//2092
f 2034//2107 2016//2089 2035//2108
f 2018//2091 2017//2090 1999//2072
f 2036//2109 2018//2091 2037//2110
f 2038//2111 2020//2093 2034//2107
f 2017//2090 2018//2091 2036//2109
f 2039//2112 2021//2094 2038//2111
f 2016//2089 2017//2090 2035//2108
f 2040//2113 2022//2095 2039//2112
f 2020//2093 2016//2089 2034//2107
f 2041//2114 2023//2096 2040//2113
f 2021//2094 2020//2093 2038//2111
f 2042//2115 2024//2097 2041//2114
f 2022//2095 2021//2094 2039//2112
f 2043//2116 2025//2098 2042//2115
f 2023//2096 2022//2095 2040//2113
f 2044//2117 2026//2099 2043//2116
f 2024//2097 2023//2096 2041//2114
f 2045//2118 2027//2100 2044//2117
f 2025//2098 2024//2097 2042//2115
f 2046//2119 2028//2101 2045//2118
f 2026//2099 2025//2098 2043//2116
f 2047//2120 2029//2102 2046//2119
f 2027//2100 2026//2099 2044//2117
f 2032//2105 2014//2087 2047//2120
f 2028//2101 2027//2100 2045//2118
f 2048//2121 2030//2103 2032//2105
f 2029//2102 2028//2101 2046//2119
f 2049//2122 2031//2104 2048//2121
f 2014//2087 2029//2102 2047//2120
f 2032//2105 2050//2123 2048//2121
f 2051//2124 2033//2106 2031//2104
f 2013//2086 2031//2104 2033//2106
f 2048//2121 2031//2104 2030//2103
f 1802//1875 2033//2106 2051//2124
f 2019//2092 1781//1854 2037//2110
f 2018//2091 2019//2092 2037//2110
f 1767//1840 2034//2107 2052//2125
f 2036//2109 2035//2108 2017//2090
f 2053//2126 2036//2109 2054//2127
f 2055//2128 2038//2111 1767//1840
f 2035//2108 2036//2109 2053//2126
f 2056//2129 2039//2112 2055//2128
f 2034//2107 2035//2108 2052//2125
f 2057//2130 2040//2113 2056//2129
f 2038//2111 2034//2107 1767//1840
f 2058//2131 2041//2114 2057//2130
f 2039//2112 2038//2111 2055//2128
f 2059//2132 2042//2115 2058//2131
f 2040//2113 2039//2112 2056//2129
f 2060//2133 2043//2116 2059//2132
f 2041//2114 2040//2113 2057//2130
f 2061//2134 2044//2117 2060//2133
f 2042//2115 2041//2114 2058//2131
f 2062//2135 2045//2118 2061//2134
f 2043//2116 2042//2115 2059//2132
f 2063//2136 2046//2119 2062//2135
f 2044//2117 2043//2116 2060//2133
f 2064//2137 2047//2120 2063//2136
f 2045//2118 2044//2117 2061//2134
f 2050//2123 2032//2105 2064//2137
f 2046//2119 2045//2118 2062//2135
f 2065//2138 2048//2121 2050//2123
f 2047//2120 2046//2119 2063//2136
f 2066//2139 2049//2122 2065//2138
f 2032//2105 2047//2120 2064//2137
f 2050//2123 2067//2140 2065//2138
f 2068//2141 2051//2124 2049//2122
f 2031//2104 2049//2122 2051//2124
f 2065//2138 2049//2122 2048//2121
f 1802//1875 2051//2124 2068//2141
f 2037//2110 1781//1854 2054//2127
f 2036//2109 2037//2110 2054//2127
f 2055//2128 1766//1839 2069//2142
f 2053//2126 2052//2125 2035//2108
f 2070//2143 2053//2126 2071//2144
f 2056//2129 2069//2142 2072//2145
f 2052//2125 2053//2126 2070//2143
f 2057//2130 2072//2145 2073//2146
f 1767//1840 2052//2125 1765//1838
f 2058//2131 2073//2146 2074//2147
f 2055//2128 1767//1840 1766//1839
f 2059//2132 2074//2147 2075//2148
f 2056//2129 2055//2128 2069//2142
f 2060//2133 2075//2148 2076//2149
f 2057//2130 2056//2129 2072//2145
f 2061//2134 2076//2149 2077//2150
f 2058//2131 2057//2130 2073//2146
f 2062//2135 2077//2150 2078//2151
f 2059//2132 2058//2131 2074//2147
f 2063//2136 2078//2151 2079//2152
f 2060//2133 2059//2132 2075//2148
f 2064//2137 2079//2152 2080//2153
f 2061//2134 2060//2133 2076//2149
f 2050//2123 2080//2153 2067//2140
f 2062//2135 2061//2134 2077//2150
f 2065//2138 2067//2140 2081//2154
f 2063//2136 2062//2135 2078//2151
f 2066//2139 2081//2154 2082//2155
f 2064//2137 2063//2136 2079//2152
f 2083//2156 2084//2157 2081//2154
f 2050//2123 2064//2137 2080//2153
f 2085//2158 2086//2159 2082//2155
f 2086//2159 2068//2141 2066//2139
f 2049//2122 2066//2139 2068//2141
f 2081//2154 2066//2139 2065//2138
f 1802//1875 2068//2141 2086//2159
f 2054//2127 1781//1854 2071//2144
f 2053//2126 2054//2127 2071//2144
f 1766//1839 1765//1838 2087//2160
f 2070//2143 1765//1838 2052//2125
f 2088//2161 2089//2162 2070//2143
f 2069//2142 1766//1839 2090//2163
f 2089//2162 2087//2160 1765//1838
f 2072//2145 2069//2142 2091//2164
f 2087//2160 2090//2163 1766//1839
f 2073//2146 2072//2145 2092//2165
f 2090//2163 2091//2164 2069//2142
f 2074//2147 2073//2146 2093//2166
f 2091//2164 2092//2165 2072//2145
f 2075//2148 2074//2147 2094//2167
f 2092//2165 2093//2166 2073//2146
f 2076//2149 2075//2148 2095//2168
f 2093//2166 2094//2167 2074//2147
f 2077//2150 2076//2149 2096//2169
f 2094//2167 2095//2168 2075//2148
f 2078//2151 2077//2150 2097//2170
f 2095//2168 2096//2169 2076//2149
f 2079//2152 2078//2151 2098//2171
f 2096//2169 2097//2170 2077//2150
f 2080//2153 2079//2152 2099//2172
f 2097//2170 2098//2171 2078//2151
f 2067//2140 2080//2153 2100//2173
f 2098//2171 2099//2172 2079//2152
f 2081//2154 2067//2140 2083//2156
f 2099//2172 2100//2173 2080//2153
f 2082//2155 2081//2154 2084//2157
f 2100//2173 2083//2156 2067//2140
f 2085//2158 2082//2155 2101//2174
f 2102//2175 2103//2176 2101//2174
f 2066//2139 2082//2155 2086//2159
f 2084//2157 2101//2174 2082//2155
f 1802//1875 2086//2159 2085//2158
f 2071//2144 1781//1854 2088//2161
f 2070//2143 2071//2144 2088//2161
f 2087//2160 2104//2177 2090//2163
f 2070//2143 2089//2162 1765//1838
f 2105//2178 2106//2179 2089//2162
f 2090//2163 2107//2180 2091//2164
f 2106//2179 2104//2177 2087//2160
f 2091//2164 2108//2181 2092//2165
f 2104//2177 2107//2180 2090//2163
f 2092//2165 2109//2182 2093//2166
f 2107//2180 2108//2181 2091//2164
f 2093//2166 2110//2183 2094//2167
f 2108//2181 2109//2182 2092//2165
f 2094//2167 2111//2184 2095//2168
f 2109//2182 2110//2183 2093//2166
f 2095//2168 2112//2185 2096//2169
f 2110//2183 2111//2184 2094//2167
f 2096//2169 2113//2186 2097//2170
f 2111//2184 2112//2185 2095//2168
f 2097//2170 2114//2187 2098//2171
f 2112//2185 2113//2186 2096//2169
f 2098//2171 2115//2188 2099//2172
f 2113//2186 2114//2187 2097//2170
f 2099//2172 2116//2189 2100//2173
f 2114//2187 2115//2188 2098//2171
f 2100//2173 2117//2190 2083//2156
f 2115//2188 2116//2189 2099//2172
f 2083//2156 2118//2191 2084//2157
f 2116//2189 2117//2190 2100//2173
f 2084//2157 2102//2175 2101//2174
f 2117//2190 2118//2191 2083//2156
f 2101//2174 2103//2176 2119//2192
f 2118//2191 2102//2175 2084//2157
f 2120//2193 2121//2194 2103//2176
f 1802//1875 2085//2158 2119//2192
f 2085//2158 2101//2174 2119//2192
f 2088//2161 1781//1854 2105//2178
f 2089//2162 2088//2161 2105//2178
f 2104//2177 1773//1846 2107//2180
f 2089//2162 2106//2179 2087//2160
f 2122//2195 2123//2196 2106//2179
f 2107//2180 1775//1848 2108//2181
f 2123//2196 1773//1846 2104//2177
f 2108//2181 2124//2197 2109//2182
f 1773//1846 1775//1848 2107//2180
f 2109//2182 2125//2198 2110//2183
f 1775//1848 2124//2197 2108//2181
f 2110//2183 2126//2199 2111//2184
f 2124//2197 2125//2198 2109//2182
f 2111//2184 2127//2200 2112//2185
f 2125//2198 2126//2199 2110//2183
f 2112//2185 2128//2201 2113//2186
f 2126//2199 2127//2200 2111//2184
f 2113//2186 2129//2202 2114//2187
f 2127//2200 2128//2201 2112//2185
f 2114//2187 2130//2203 2115//2188
f 2128//2201 2129//2202 2113//2186
f 2115//2188 2131//2204 2116//2189
f 2129//2202 2130//2203 2114//2187
f 2116//2189 2132//2205 2117//2190
f 2130//2203 2131//2204 2115//2188
f 2117//2190 2133//2206 2118//2191
f 2131//2204 2132//2205 2116//2189
f 2118//2191 2134//2207 2102//2175
f 2132//2205 2133//2206 2117//2190
f 2102//2175 2120//2193 2103//2176
f 2133//2206 2134//2207 2118//2191
f 2103//2176 2121//2194 2135//2208
f 2134//2207 2120//2193 2102//2175
f 2136//2209 2137//2210 2121//2194
f 1802//1875 2119//2192 2135//2208
f 2119//2192 2103//2176 2135//2208
f 2105//2178 1781//1854 2122//2195
f 2106//2179 2105//2178 2122//2195
f 2138//2211 2124//2197 1775//1848
f 2106//2179 2123//2196 2104//2177
f 2139//2212 1769//1842 2123//2196
f 2140//2213 2125//2198 2124//2197
f 1769//1842 1774//1847 1773//1846
f 2141//2214 2126//2199 2125//2198
f 1774//1847 2138//2211 1775//1848
f 2142//2215 2127//2200 2126//2199
f 2138//2211 2140//2213 2124//2197
f 2143//2216 2128//2201 2127//2200
f 2140//2213 2141//2214 2125//2198
f 2144//2217 2129//2202 2128//2201
f 2141//2214 2142//2215 2126//2199
f 2145//2218 2130//2203 2129//2202
f 2142//2215 2143//2216 2127//2200
f 2146//2219 2131//2204 2130//2203
f 2143//2216 2144//2217 2128//2201
f 2147//2220 2132//2205 2131//2204
f 2144//2217 2145//2218 2129//2202
f 2148//2221 2133//2206 2132//2205
f 2145//2218 2146//2219 2130//2203
f 2149//2222 2134//2207 2133//2206
f 2146//2219 2147//2220 2131//2204
f 2150//2223 2120//2193 2134//2207
f 2147//2220 2148//2221 2132//2205
f 2136//2209 2121//2194 2120//2193
f 2148//2221 2149//2222 2133//2206
f 2137//2210 2151//2224 2121//2194
f 2149//2222 2150//2223 2134//2207
f 2151//2224 2137//2210 2152//2225
f 2150//2223 2136//2209 2120//2193
f 2151//2224 2152//2225 1802//1875
f 1802//1875 2135//2208 2151//2224
f 2135//2208 2121//2194 2151//2224
f 2122//2195 1781//1854 2139//2212
f 2123//2196 2122//2195 2139//2212
f 1771//1844 2153//2226 1774//1847
f 2123//2196 1769//1842 1773//1846
f 1771//1844 1774//1847 1769//1842
f 2153//2226 2154//2227 2138//2211
f 2153//2226 2138//2211 1774//1847
f 2154//2227 2155//2228 2140//2213
f 2154//2227 2140//2213 2138//2211
f 2155//2228 2156//2229 2141//2214
f 2155//2228 2141//2214 2140//2213
f 2156//2229 2157//2230 2142//2215
f 2156//2229 2142//2215 2141//2214
f 2157//2230 2158//2231 2143//2216
f 2157//2230 2143//2216 2142//2215
f 2158//2231 2159//2232 2144//2217
f 2158//2231 2144//2217 2143//2216
f 2159//2232 2160//2233 2145//2218
f 2159//2232 2145//2218 2144//2217
f 2160//2233 2161//2234 2146//2219
f 2160//2233 2146//2219 2145//2218
f 2161//2234 2162//2235 2147//2220
f 2161//2234 2147//2220 2146//2219
f 2162//2235 2163//2236 2148//2221
f 2162//2235 2148//2221 2147//2220
f 2163//2236 2164//2237 2149//2222
f 2163//2236 2149//2222 2148//2221
f 2164//2237 2165//2238 2150//2223
f 2164//2237 2150//2223 2149//2222
f 2165//2238 2166//2239 2136//2209
f 2165//2238 2136//2209 2150//2223
f 2166//2239 2167//2240 2137//2210
f 2166//2239 2137//2210 2136//2209
f 2167//2240 2168//2241 2152//2225
f 2168//2241 1802//1875 2152//2225
f 2167//2240 2152//2225 2137//2210
f 2139//2212 1781//1854 1770//1843
f 1769//1842 2139//2212 1770//1843
f 2153//2226 1780//1853 2169//2242
f 1779//1852 1771//1844 1770//1843
f 2154//2227 2169//2242 2170//2243
f 1780//1853 2153//2226 1771//1844
f 2155//2228 2170//2243 2171//2244
f 2169//2242 2154//2227 2153//2226
f 2156//2229 2171//2244 2172//2245
f 2170//2243 2155//2228 2154//2227
f 2157//2230 2172//2245 2173//2246
f 2171//2244 2156//2229 2155//2228
f 2158//2231 2173//2246 2174//2247
f 2172//2245 2157//2230 2156//2229
f 2159//2232 2174//2247 2175//2248
f 2173//2246 2158//2231 2157//2230
f 2160//2233 2175//2248 2176//2249
f 2174//2247 2159//2232 2158//2231
f 2161//2234 2176//2249 2177//2250
f 2175//2248 2160//2233 2159//2232
f 2162//2235 2177//2250 2178//2251
f 2176//2249 2161//2234 2160//2233
f 2163//2236 2178//2251 2179//2252
f 2177//2250 2162//2235 2161//2234
f 2164//2237 2179//2252 2180//2253
f 2178//2251 2163//2236 2162//2235
f 2165//2238 2180//2253 2181//2254
f 2179//2252 2164//2237 2163//2236
f 2166//2239 2181//2254 2182//2255
f 2180//2253 2165//2238 2164//2237
f 2167//2240 2182//2255 2183//2256
f 2181//2254 2166//2239 2165//2238
f 2168//2241 2183//2256 2184//2257
f 2182//2255 2167//2240 2166//2239
f 2184//2257 1802//1875 2168//2241
f 2183//2256 2168//2241 2167//2240
f 2185//2258 2174//2259 2186//2260
f 2185//2258 2187//2261 2175//2262
f 2174//2259 2185//2258 2175//2262
f 2188//2263 2176//2264 2187//2261
f 2177//2265 2176//2264 2188//2263
f 2188//2263 2189//2266 2177//2265
f 2189//2266 2178//2267 2177//2265
f 2189//2266 2190//2268 2178//2267
f 2178//2267 2190//2268 2179//2269
f 2179//2269 2190//2268 2191//2270
f 2191//2270 2180//2271 2179//2269
f 2187//2261 2176//2264 2175//2262
f 2192//2272 2181//2273 2180//2271
f 2192//2272 2193//2274 2181//2273
f 2181//2273 2193//2274 2182//2275
f 2182//2275 2193//2274 2194//2276
f 2191//2270 2192//2272 2180//2271
f 2195//2277 2183//2278 2194//2276
f 2191//2270 2196//2279 2192//2272
f 2194//2276 2183//2278 2182//2275
f 2197//2280 2173//2281 2172//2282
f 2186//2260 2174//2259 2173//2281
f 2172//2282 2171//2283 2198//2284
f 2186//2260 2173//2281 2197//2280
f 2199//2285 2171//2283 2170//2286
f 2198//2284 2197//2280 2172//2282
f 2169//2287 2200//2288 2170//2286
f 2171//2283 2199//2285 2198//2284
f 2200//2288 2169//2287 2201//2289
f 2202//2290 2203//2291 2204//2292
f 1780//2293 2201//2289 2169//2287
f 2205//2294 2206//2295 2207//2296
f 2201//2289 1780//2293 2208//2297
f 2209//2298 2210//2299 2211//2300
f 2212//2301 2213//2302 2214//2303
f 2207//2296 1782//2304 1768//2305
f 2206//2295 1781//2306 1782//2304
f 1781//2306 2208//2297 1779//2307
f 1780//2293 1779//2307 2208//2297
f 2215//2308 2216//2309 2198//2284
f 2199//2285 2170//2286 2200//2288
f 2201//2289 2217//2310 2218//2311
f 2216//2309 2219//2312 2197//2280
f 2201//2289 2218//2311 2200//2288
f 2219//2312 2220//2313 2186//2260
f 2218//2311 2221//2314 2200//2288
f 2220//2313 2222//2315 2185//2258
f 2221//2314 2199//2285 2200//2288
f 2222//2315 2223//2316 2187//2261
f 2215//2308 2198//2284 2199//2285
f 2223//2316 2224//2317 2188//2263
f 2216//2309 2197//2280 2198//2284
f 2224//2317 2225//2318 2189//2266
f 2219//2312 2186//2260 2197//2280
f 2225//2318 2226//2319 2190//2268
f 2220//2313 2185//2258 2186//2260
f 2226//2319 2196//2279 2191//2270
f 2222//2315 2187//2261 2185//2258
f 2196//2279 2227//2320 2192//2272
f 2223//2316 2188//2263 2187//2261
f 2227//2320 2228//2321 2193//2274
f 2224//2317 2189//2266 2188//2263
f 2228//2321 2229//2322 2194//2276
f 2225//2318 2190//2268 2189//2266
f 2230//2323 2196//2279 2226//2319
f 2226//2319 2191//2270 2190//2268
f 2229//2322 2231//2324 2195//2277
f 2184//2325 2195//2277 2232//2326
f 2195//2277 2184//2325 2183//2278
f 2192//2272 2227//2320 2193//2274
f 2193//2274 2228//2321 2194//2276
f 1802//2327 2232//2326 2233//2328
f 2184//2325 2232//2326 1802//2327
f 1781//2306 2217//2310 2208//2297
f 2201//2289 2208//2297 2217//2310
f 2234//2329 2235//2330 2216//2309
f 2215//2308 2199//2285 2221//2314
f 2218//2311 2236//2331 2237//2332
f 2235//2330 2238//2333 2219//2312
f 2218//2311 2237//2332 2221//2314
f 2238//2333 2239//2334 2220//2313
f 2237//2332 2240//2335 2221//2314
f 2239//2334 2241//2336 2222//2315
f 2240//2335 2215//2308 2221//2314
f 2241//2336 2242//2337 2223//2316
f 2234//2329 2216//2309 2215//2308
f 2242//2337 2243//2338 2224//2317
f 2235//2330 2219//2312 2216//2309
f 2243//2338 2244//2339 2225//2318
f 2238//2333 2220//2313 2219//2312
f 2244//2339 2230//2323 2226//2319
f 2239//2334 2222//2315 2220//2313
f 2230//2323 2245//2340 2196//2279
f 2241//2336 2223//2316 2222//2315
f 2245//2340 2246//2341 2227//2320
f 2242//2337 2224//2317 2223//2316
f 2246//2341 2247//2342 2228//2321
f 2243//2338 2225//2318 2224//2317
f 2247//2342 2248//2343 2229//2322
f 2244//2339 2226//2319 2225//2318
f 2249//2344 2245//2340 2230//2323
f 2248//2343 2250//2345 2231//2324
f 2229//2322 2195//2277 2194//2276
f 2245//2340 2227//2320 2196//2279
f 2246//2341 2228//2321 2227//2320
f 2233//2328 2232//2326 2231//2324
f 2195//2277 2231//2324 2232//2326
f 2229//2322 2228//2321 2247//2342
f 2233//2328 2251//2346 1802//2327
f 1781//2306 2236//2331 2217//2310
f 2218//2311 2217//2310 2236//2331
f 2252//2347 2253//2348 2235//2330
f 2234//2329 2215//2308 2240//2335
f 2237//2332 2254//2349 2255//2350
f 2253//2348 2256//2351 2238//2333
f 2237//2332 2255//2350 2240//2335
f 2256//2351 2257//2352 2239//2334
f 2255//2350 2258//2353 2240//2335
f 2257//2352 2259//2354 2241//2336
f 2258//2353 2234//2329 2240//2335
f 2259//2354 2260//2355 2242//2337
f 2252//2347 2235//2330 2234//2329
f 2260//2355 2261//2356 2243//2338
f 2253//2348 2238//2333 2235//2330
f 2261//2356 2262//2357 2244//2339
f 2256//2351 2239//2334 2238//2333
f 2262//2357 2249//2344 2230//2323
f 2257//2352 2241//2336 2239//2334
f 2249//2344 2263//2358 2245//2340
f 2259//2354 2242//2337 2241//2336
f 2263//2358 2264//2359 2246//2341
f 2260//2355 2243//2338 2242//2337
f 2264//2359 2265//2360 2247//2342
f 2261//2356 2244//2339 2243//2338
f 2265//2360 2266//2361 2248//2343
f 2262//2357 2230//2323 2244//2339
f 2267//2362 2268//2363 2263//2358
f 2266//2361 2269//2364 2250//2345
f 2248//2343 2231//2324 2229//2322
f 2263//2358 2246//2341 2245//2340
f 2264//2359 2247//2342 2246//2341
f 2251//2346 2233//2328 2250//2345
f 2231//2324 2250//2345 2233//2328
f 2248//2343 2247//2342 2265//2360
f 2251//2346 2270//2365 1802//2327
f 1781//2306 2254//2349 2236//2331
f 2237//2332 2236//2331 2254//2349
f 2253//2348 2252//2347 2271//2366
f 2252//2347 2234//2329 2258//2353
f 2255//2350 2272//2367 2273//2368
f 2256//2351 2253//2348 2274//2369
f 2255//2350 2273//2368 2258//2353
f 2257//2352 2256//2351 2275//2370
f 2273//2368 2276//2371 2258//2353
f 2259//2354 2257//2352 2277//2372
f 2276//2371 2271//2366 2252//2347
f 2260//2355 2259//2354 2278//2373
f 2271//2366 2274//2369 2253//2348
f 2261//2356 2260//2355 2279//2374
f 2274//2369 2275//2370 2256//2351
f 2262//2357 2261//2356 2280//2375
f 2275//2370 2277//2372 2257//2352
f 2249//2344 2262//2357 2281//2376
f 2277//2372 2278//2373 2259//2354
f 2263//2358 2249//2344 2267//2362
f 2278//2373 2279//2374 2260//2355
f 2264//2359 2263//2358 2268//2363
f 2279//2374 2280//2375 2261//2356
f 2265//2360 2264//2359 2282//2377
f 2280//2375 2281//2376 2262//2357
f 2266//2361 2265//2360 2283//2378
f 2281//2376 2267//2362 2249//2344
f 2269//2364 2266//2361 2284//2379
f 2282//2377 2285//2380 2286//2381
f 2266//2361 2250//2345 2248//2343
f 2268//2363 2282//2377 2264//2359
f 2282//2377 2283//2378 2265//2360
f 2270//2365 2251//2346 2269//2364
f 2250//2345 2269//2364 2251//2346
f 2284//2379 2266//2361 2283//2378
f 2270//2365 2287//2382 1802//2327
f 1781//2306 2272//2367 2254//2349
f 2255//2350 2254//2349 2272//2367
f 2271//2366 2288//2383 2274//2369
f 2276//2371 2252//2347 2258//2353
f 2273//2368 2289//2384 2290//2385
f 2274//2369 2291//2386 2275//2370
f 2273//2368 2290//2385 2276//2371
f 2275//2370 2292//2387 2277//2372
f 2290//2385 2293//2388 2276//2371
f 2277//2372 2294//2389 2278//2373
f 2293//2388 2288//2383 2271//2366
f 2278//2373 2295//2390 2279//2374
f 2288//2383 2291//2386 2274//2369
f 2279//2374 2296//2391 2280//2375
f 2291//2386 2292//2387 2275//2370
f 2280//2375 2297//2392 2281//2376
f 2292//2387 2294//2389 2277//2372
f 2281//2376 2298//2393 2267//2362
f 2294//2389 2295//2390 2278//2373
f 2267//2362 2299//2394 2268//2363
f 2295//2390 2296//2391 2279//2374
f 2268//2363 2285//2380 2282//2377
f 2296//2391 2297//2392 2280//2375
f 2282//2377 2286//2381 2283//2378
f 2297//2392 2298//2393 2281//2376
f 2283//2378 2300//2395 2284//2379
f 2298//2393 2299//2394 2267//2362
f 2284//2379 2301//2396 2302//2397
f 2299//2394 2285//2380 2268//2363
f 2286//2381 2303//2398 2304//2399
f 2270//2365 2269//2364 2302//2397
f 2284//2379 2302//2397 2269//2364
f 2283//2378 2286//2381 2300//2395
f 2284//2379 2300//2395 2301//2396
f 2287//2382 2305//2400 1802//2327
f 2270//2365 2302//2397 2287//2382
f 1781//2306 2289//2384 2272//2367
f 2273//2368 2272//2367 2289//2384
f 2288//2383 2306//2401 2291//2386
f 2293//2388 2271//2366 2276//2371
f 2290//2385 2307//2402 2308//2403
f 2291//2386 2309//2404 2292//2387
f 2290//2385 2308//2403 2293//2388
f 2292//2387 2310//2405 2294//2389
f 2308//2403 2311//2406 2293//2388
f 2294//2389 2312//2407 2295//2390
f 2311//2406 2306//2401 2288//2383
f 2295//2390 2313//2408 2296//2391
f 2306//2401 2309//2404 2291//2386
f 2296//2391 2314//2409 2297//2392
f 2309//2404 2310//2405 2292//2387
f 2297//2392 2315//2410 2298//2393
f 2310//2405 2312//2407 2294//2389
f 2298//2393 2316//2411 2299//2394
f 2312//2407 2313//2408 2295//2390
f 2299//2394 2317//2412 2285//2380
f 2313//2408 2314//2409 2296//2391
f 2285//2380 2303//2398 2286//2381
f 2314//2409 2315//2410 2297//2392
f 2286//2381 2304//2399 2300//2395
f 2315//2410 2316//2411 2298//2393
f 2300//2395 2318//2413 2301//2396
f 2316//2411 2317//2412 2299//2394
f 2301//2396 2319//2414 2320//2415
f 2317//2412 2303//2398 2285//2380
f 2304//2399 2321//2416 2322//2417
f 2287//2382 2302//2397 2320//2415
f 2301//2396 2320//2415 2302//2397
f 2300//2395 2304//2399 2318//2413
f 2301//2396 2318//2413 2319//2414
f 2305//2400 2323//2418 1802//2327
f 2287//2382 2320//2415 2305//2400
f 1781//2306 2307//2402 2289//2384
f 2290//2385 2289//2384 2307//2402
f 2306//2401 2324//2419 2309//2404
f 2311//2406 2288//2383 2293//2388
f 2308//2403 2325//2420 2326//2421
f 2309//2404 2327//2422 2310//2405
f 2308//2403 2326//2421 2311//2406
f 2310//2405 2328//2423 2312//2407
f 2326//2421 2329//2424 2311//2406
f 2312//2407 2330//2425 2313//2408
f 2329//2424 2324//2419 2306//2401
f 2313//2408 2331//2426 2314//2409
f 2324//2419 2327//2422 2309//2404
f 2314//2409 2332//2427 2315//2410
f 2327//2422 2328//2423 2310//2405
f 2315//2410 2333//2428 2316//2411
f 2328//2423 2330//2425 2312//2407
f 2316//2411 2334//2429 2317//2412
f 2330//2425 2331//2426 2313//2408
f 2317//2412 2335//2430 2303//2398
f 2331//2426 2332//2427 2314//2409
f 2303//2398 2321//2416 2304//2399
f 2332//2427 2333//2428 2315//2410
f 2304//2399 2322//2417 2318//2413
f 2333//2428 2334//2429 2316//2411
f 2318//2413 2336//2431 2319//2414
f 2334//2429 2335//2430 2317//2412
f 2319//2414 2337//2432 2338//2433
f 2335//2430 2321//2416 2303//2398
f 2322//2417 2339//2434 2340//2435
f 2305//2400 2320//2415 2338//2433
f 2319//2414 2338//2433 2320//2415
f 2318//2413 2322//2417 2336//2431
f 2319//2414 2336//2431 2337//2432
f 2323//2418 2341//2436 1802//2327
f 2305//2400 2338//2433 2323//2418
f 1781//2306 2325//2420 2307//2402
f 2308//2403 2307//2402 2325//2420
f 2324//2419 2214//2303 2327//2422
f 2329//2424 2306//2401 2311//2406
f 2326//2421 2342//2437 2343//2438
f 2327//2422 2213//2302 2328//2423
f 2326//2421 2343//2438 2329//2424
f 2328//2423 2344//2439 2330//2425
f 2343//2438 2345//2440 2329//2424
f 2330//2425 2346//2441 2331//2426
f 2345//2440 2214//2303 2324//2419
f 2331//2426 2347//2442 2332//2427
f 2214//2303 2213//2302 2327//2422
f 2332//2427 2348//2443 2333//2428
f 2213//2302 2344//2439 2328//2423
f 2333//2428 2349//2444 2334//2429
f 2344//2439 2346//2441 2330//2425
f 2334//2429 2350//2445 2335//2430
f 2346//2441 2347//2442 2331//2426
f 2335//2430 2351//2446 2321//2416
f 2347//2442 2348//2443 2332//2427
f 2321//2416 2339//2434 2322//2417
f 2348//2443 2349//2444 2333//2428
f 2322//2417 2340//2435 2336//2431
f 2349//2444 2350//2445 2334//2429
f 2336//2431 2352//2447 2337//2432
f 2350//2445 2351//2446 2335//2430
f 2337//2432 2353//2448 2354//2449
f 2351//2446 2339//2434 2321//2416
f 2340//2435 2355//2450 2356//2451
f 2323//2418 2338//2433 2354//2449
f 2337//2432 2354//2449 2338//2433
f 2336//2431 2340//2435 2352//2447
f 2337//2432 2352//2447 2353//2448
f 2341//2436 2357//2452 1802//2327
f 2323//2418 2354//2449 2341//2436
f 1781//2306 2342//2437 2325//2420
f 2326//2421 2325//2420 2342//2437
f 2358//2453 2344//2439 2213//2302
f 2345//2440 2324//2419 2329//2424
f 2343//2438 2359//2454 2360//2455
f 2361//2456 2346//2441 2344//2439
f 2343//2438 2360//2455 2345//2440
f 2362//2457 2347//2442 2346//2441
f 2360//2455 2363//2458 2345//2440
f 2364//2459 2348//2443 2347//2442
f 2363//2458 2212//2301 2214//2303
f 2365//2460 2349//2444 2348//2443
f 2212//2301 2358//2453 2213//2302
f 2366//2461 2350//2445 2349//2444
f 2358//2453 2361//2456 2344//2439
f 2367//2462 2351//2446 2350//2445
f 2361//2456 2362//2457 2346//2441
f 2368//2463 2339//2434 2351//2446
f 2362//2457 2364//2459 2347//2442
f 2355//2450 2340//2435 2339//2434
f 2364//2459 2365//2460 2348//2443
f 2356//2451 2352//2447 2340//2435
f 2365//2460 2366//2461 2349//2444
f 2369//2464 2353//2448 2352//2447
f 2366//2461 2367//2462 2350//2445
f 2370//2465 2371//2466 2353//2448
f 2367//2462 2368//2463 2351//2446
f 2372//2467 2373//2468 2374//2469
f 2368//2463 2355//2450 2339//2434
f 2356//2451 2375//2470 2376//2471
f 2341//2436 2354//2449 2371//2466
f 2353//2448 2371//2466 2354//2449
f 2352//2447 2356//2451 2369//2464
f 2353//2448 2369//2464 2370//2465
f 2357//2452 2374//2469 1802//2327
f 2341//2436 2371//2466 2357//2452
f 1781//2306 2359//2454 2342//2437
f 2343//2438 2342//2437 2359//2454
f 2358//2453 2212//2301 2377//2472
f 2363//2458 2214//2303 2345//2440
f 2378//2473 2360//2455 2379//2474
f 2361//2456 2358//2453 2380//2475
f 2363//2458 2360//2455 2378//2473
f 2362//2457 2361//2456 2381//2476
f 2363//2458 2378//2473 2382//2477
f 2364//2459 2362//2457 2383//2478
f 2212//2301 2382//2477 2377//2472
f 2365//2460 2364//2459 2384//2479
f 2358//2453 2377//2472 2380//2475
f 2366//2461 2365//2460 2385//2480
f 2361//2456 2380//2475 2381//2476
f 2367//2462 2366//2461 2386//2481
f 2362//2457 2381//2476 2383//2478
f 2368//2463 2367//2462 2387//2482
f 2364//2459 2383//2478 2384//2479
f 2355//2450 2368//2463 2388//2483
f 2365//2460 2384//2479 2385//2480
f 2356//2451 2355//2450 2375//2470
f 2366//2461 2385//2480 2386//2481
f 2369//2464 2356//2451 2376//2471
f 2367//2462 2386//2481 2387//2482
f 2370//2465 2369//2464 2389//2484
f 2368//2463 2387//2482 2388//2483
f 2372//2467 2370//2465 2390//2485
f 2355//2450 2388//2483 2375//2470
f 2391//2486 2376//2471 2392//2487
f 2357//2452 2371//2466 2372//2467
f 2370//2465 2372//2467 2371//2466
f 2369//2464 2376//2471 2389//2484
f 2370//2465 2389//2484 2390//2485
f 2374//2469 2393//2488 1802//2327
f 2357//2452 2372//2467 2374//2469
f 1781//2306 2379//2474 2359//2454
f 2360//2455 2359//2454 2379//2474
f 2380//2475 2377//2472 2394//2489
f 2382//2477 2212//2301 2363//2458
f 2395//2490 2378//2473 2396//2491
f 2381//2476 2380//2475 2397//2492
f 2382//2477 2378//2473 2395//2490
f 2383//2478 2381//2476 2398//2493
f 2382//2477 2395//2490 2399//2494
f 2384//2479 2383//2478 2400//2495
f 2377//2472 2399//2494 2394//2489
f 2385//2480 2384//2479 2401//2496
f 2380//2475 2394//2489 2397//2492
f 2386//2481 2385//2480 2402//2497
f 2381//2476 2397//2492 2398//2493
f 2387//2482 2386//2481 2403//2498
f 2383//2478 2398//2493 2400//2495
f 2388//2483 2387//2482 2404//2499
f 2384//2479 2400//2495 2401//2496
f 2375//2470 2388//2483 2405//2500
f 2385//2480 2401//2496 2402//2497
f 2376//2471 2375//2470 2392//2487
f 2386//2481 2402//2497 2403//2498
f 2389//2484 2376//2471 2391//2486
f 2387//2482 2403//2498 2404//2499
f 2390//2485 2389//2484 2406//2501
f 2388//2483 2404//2499 2405//2500
f 2373//2468 2390//2485 2407//2502
f 2375//2470 2405//2500 2392//2487
f 2408//2503 2406//2501 2391//2486
f 2393//2488 2373//2468 2409//2504
f 2390//2485 2373//2468 2372//2467
f 2389//2484 2391//2486 2406//2501
f 2390//2485 2406//2501 2407//2502
f 2393//2488 2410//2505 1802//2327
f 2374//2469 2373//2468 2393//2488
f 1781//2306 2396//2491 2379//2474
f 2378//2473 2379//2474 2396//2491
f 2411//2506 2412//2507 2394//2489
f 2399//2494 2377//2472 2382//2477
f 2413//2508 2395//2490 2414//2509
f 2412//2507 2415//2510 2397//2492
f 2399//2494 2395//2490 2413//2508
f 2415//2510 2416//2511 2398//2493
f 2394//2489 2399//2494 2411//2506
f 2416//2511 2417//2512 2400//2495
f 2397//2492 2394//2489 2412//2507
f 2417//2512 2418//2513 2401//2496
f 2398//2493 2397//2492 2415//2510
f 2418//2513 2419//2514 2402//2497
f 2400//2495 2398//2493 2416//2511
f 2419//2514 2420//2515 2403//2498
f 2401//2496 2400//2495 2417//2512
f 2420//2515 2421//2516 2404//2499
f 2402//2497 2401//2496 2418//2513
f 2421//2516 2422//2517 2405//2500
f 2403//2498 2402//2497 2419//2514
f 2422//2517 2423//2518 2392//2487
f 2404//2499 2403//2498 2420//2515
f 2423//2518 2408//2503 2391//2486
f 2405//2500 2404//2499 2421//2516
f 2408//2503 2424//2519 2406//2501
f 2392//2487 2405//2500 2422//2517
f 2424//2519 2425//2520 2407//2502
f 2391//2486 2392//2487 2423//2518
f 2425//2520 2426//2521 2409//2504
f 2424//2519 2427//2522 2425//2520
f 2407//2502 2409//2504 2373//2468
f 2407//2502 2406//2501 2424//2519
f 2409//2504 2407//2502 2425//2520
f 2393//2488 2409//2504 2410//2505
f 2396//2491 1781//2306 2414//2509
f 2395//2490 2396//2491 2414//2509
f 2428//2523 2412//2507 2429//2524
f 2413//2508 2411//2506 2399//2494
f 2430//2525 2413//2508 2431//2526
f 2432//2527 2415//2510 2428//2523
f 2411//2506 2413//2508 2430//2525
f 2433//2528 2416//2511 2432//2527
f 2412//2507 2411//2506 2429//2524
f 2434//2529 2417//2512 2433//2528
f 2415//2510 2412//2507 2428//2523
f 2435//2530 2418//2513 2434//2529
f 2416//2511 2415//2510 2432//2527
f 2436//2531 2419//2514 2435//2530
f 2417//2512 2416//2511 2433//2528
f 2437//2532 2420//2515 2436//2531
f 2418//2513 2417//2512 2434//2529
f 2438//2533 2421//2516 2437//2532
f 2419//2514 2418//2513 2435//2530
f 2439//2534 2422//2517 2438//2533
f 2420//2515 2419//2514 2436//2531
f 2440//2535 2423//2518 2439//2534
f 2421//2516 2420//2515 2437//2532
f 2441//2536 2408//2503 2440//2535
f 2422//2517 2421//2516 2438//2533
f 2427//2522 2424//2519 2441//2536
f 2423//2518 2422//2517 2439//2534
f 2442//2537 2425//2520 2427//2522
f 2408//2503 2423//2518 2440//2535
f 2443//2538 2426//2521 2442//2537
f 2424//2519 2408//2503 2441//2536
f 2427//2522 2444//2539 2442//2537
f 2445//2540 2410//2505 2426//2521
f 2409//2504 2426//2521 2410//2505
f 2442//2537 2426//2521 2425//2520
f 1802//2327 2410//2505 2445//2540
f 2414//2509 1781//2306 2431//2526
f 2413//2508 2414//2509 2431//2526
f 2446//2541 2428//2523 2447//2542
f 2430//2525 2429//2524 2411//2506
f 2448//2543 2430//2525 2449//2544
f 2450//2545 2432//2527 2446//2541
f 2429//2524 2430//2525 2448//2543
f 2451//2546 2433//2528 2450//2545
f 2428//2523 2429//2524 2447//2542
f 2452//2547 2434//2529 2451//2546
f 2432//2527 2428//2523 2446//2541
f 2453//2548 2435//2530 2452//2547
f 2433//2528 2432//2527 2450//2545
f 2454//2549 2436//2531 2453//2548
f 2434//2529 2433//2528 2451//2546
f 2455//2550 2437//2532 2454//2549
f 2435//2530 2434//2529 2452//2547
f 2456//2551 2438//2533 2455//2550
f 2436//2531 2435//2530 2453//2548
f 2457//2552 2439//2534 2456//2551
f 2437//2532 2436//2531 2454//2549
f 2458//2553 2440//2535 2457//2552
f 2438//2533 2437//2532 2455//2550
f 2459//2554 2441//2536 2458//2553
f 2439//2534 2438//2533 2456//2551
f 2444//2539 2427//2522 2459//2554
f 2440//2535 2439//2534 2457//2552
f 2460//2555 2442//2537 2444//2539
f 2441//2536 2440//2535 2458//2553
f 2461//2556 2443//2538 2460//2555
f 2427//2522 2441//2536 2459//2554
f 2444//2539 2462//2557 2460//2555
f 2463//2558 2445//2540 2443//2538
f 2426//2521 2443//2538 2445//2540
f 2460//2555 2443//2538 2442//2537
f 1802//2327 2445//2540 2463//2558
f 2431//2526 1781//2306 2449//2544
f 2430//2525 2431//2526 2449//2544
f 2464//2559 2446//2541 2465//2560
f 2448//2543 2447//2542 2429//2524
f 2466//2561 2448//2543 2467//2562
f 2468//2563 2450//2545 2464//2559
f 2447//2542 2448//2543 2466//2561
f 2469//2564 2451//2546 2468//2563
f 2446//2541 2447//2542 2465//2560
f 2470//2565 2452//2547 2469//2564
f 2450//2545 2446//2541 2464//2559
f 2471//2566 2453//2548 2470//2565
f 2451//2546 2450//2545 2468//2563
f 2472//2567 2454//2549 2471//2566
f 2452//2547 2451//2546 2469//2564
f 2473//2568 2455//2550 2472//2567
f 2453//2548 2452//2547 2470//2565
f 2474//2569 2456//2551 2473//2568
f 2454//2549 2453//2548 2471//2566
f 2475//2570 2457//2552 2474//2569
f 2455//2550 2454//2549 2472//2567
f 2476//2571 2458//2553 2475//2570
f 2456//2551 2455//2550 2473//2568
f 2477//2572 2459//2554 2476//2571
f 2457//2552 2456//2551 2474//2569
f 2462//2557 2444//2539 2477//2572
f 2458//2553 2457//2552 2475//2570
f 2478//2573 2460//2555 2462//2557
f 2459//2554 2458//2553 2476//2571
f 2479//2574 2461//2556 2478//2573
f 2444//2539 2459//2554 2477//2572
f 2462//2557 2480//2575 2478//2573
f 2481//2576 2463//2558 2461//2556
f 2443//2538 2461//2556 2463//2558
f 2478//2573 2461//2556 2460//2555
f 1802//2327 2463//2558 2481//2576
f 2449//2544 1781//2306 2467//2562
f 2448//2543 2449//2544 2467//2562
f 2204//2292 2464//2559 2482//2577
f 2466//2561 2465//2560 2447//2542
f 2483//2578 2466//2561 2484//2579
f 2485//2580 2468//2563 2204//2292
f 2465//2560 2466//2561 2483//2578
f 2486//2581 2469//2564 2485//2580
f 2464//2559 2465//2560 2482//2577
f 2487//2582 2470//2565 2486//2581
f 2468//2563 2464//2559 2204//2292
f 2488//2583 2471//2566 2487//2582
f 2469//2564 2468//2563 2485//2580
f 2489//2584 2472//2567 2488//2583
f 2470//2565 2469//2564 2486//2581
f 2490//2585 2473//2568 2489//2584
f 2471//2566 2470//2565 2487//2582
f 2491//2586 2474//2569 2490//2585
f 2472//2567 2471//2566 2488//2583
f 2492//2587 2475//2570 2491//2586
f 2473//2568 2472//2567 2489//2584
f 2493//2588 2476//2571 2492//2587
f 2474//2569 2473//2568 2490//2585
f 2494//2589 2477//2572 2493//2588
f 2475//2570 2474//2569 2491//2586
f 2480//2575 2462//2557 2494//2589
f 2476//2571 2475//2570 2492//2587
f 2495//2590 2478//2573 2480//2575
f 2477//2572 2476//2571 2493//2588
f 2496//2591 2479//2574 2495//2590
f 2462//2557 2477//2572 2494//2589
f 2480//2575 2497//2592 2495//2590
f 2498//2593 2481//2576 2479//2574
f 2461//2556 2479//2574 2481//2576
f 2495//2590 2479//2574 2478//2573
f 1802//2327 2481//2576 2498//2593
f 2467//2562 1781//2306 2484//2579
f 2466//2561 2467//2562 2484//2579
f 2485//2580 2203//2291 2499//2594
f 2483//2578 2482//2577 2465//2560
f 2500//2595 2483//2578 2501//2596
f 2486//2581 2499//2594 2502//2597
f 2482//2577 2483//2578 2500//2595
f 2487//2582 2502//2597 2503//2598
f 2204//2292 2482//2577 2202//2290
f 2488//2583 2503//2598 2504//2599
f 2485//2580 2204//2292 2203//2291
f 2489//2584 2504//2599 2505//2600
f 2486//2581 2485//2580 2499//2594
f 2490//2585 2505//2600 2506//2601
f 2487//2582 2486//2581 2502//2597
f 2491//2586 2506//2601 2507//2602
f 2488//2583 2487//2582 2503//2598
f 2492//2587 2507//2602 2508//2603
f 2489//2584 2488//2583 2504//2599
f 2493//2588 2508//2603 2509//2604
f 2490//2585 2489//2584 2505//2600
f 2494//2589 2509//2604 2510//2605
f 2491//2586 2490//2585 2506//2601
f 2480//2575 2510//2605 2497//2592
f 2492//2587 2491//2586 2507//2602
f 2495//2590 2497//2592 2511//2606
f 2493//2588 2492//2587 2508//2603
f 2496//2591 2511//2606 2512//2607
f 2494//2589 2493//2588 2509//2604
f 2513//2608 2514//2609 2511//2606
f 2480//2575 2494//2589 2510//2605
f 2515//2610 2516//2611 2512//2607
f 2516//2611 2498//2593 2496//2591
f 2479//2574 2496//2591 2498//2593
f 2511//2606 2496//2591 2495//2590
f 1802//2327 2498//2593 2516//2611
f 2484//2579 1781//2306 2501//2596
f 2483//2578 2484//2579 2501//2596
f 2203//2291 2202//2290 2517//2612
f 2500//2595 2202//2290 2482//2577
f 2518//2613 2519//2614 2500//2595
f 2499//2594 2203//2291 2520//2615
f 2519//2614 2517//2612 2202//2290
f 2502//2597 2499//2594 2521//2616
f 2517//2612 2520//2615 2203//2291
f 2503//2598 2502//2597 2522//2617
f 2520//2615 2521//2616 2499//2594
f 2504//2599 2503//2598 2523//2618
f 2521//2616 2522//2617 2502//2597
f 2505//2600 2504//2599 2524//2619
f 2522//2617 2523//2618 2503//2598
f 2506//2601 2505//2600 2525//2620
f 2523//2618 2524//2619 2504//2599
f 2507//2602 2506//2601 2526//2621
f 2524//2619 2525//2620 2505//2600
f 2508//2603 2507//2602 2527//2622
f 2525//2620 2526//2621 2506//2601
f 2509//2604 2508//2603 2528//2623
f 2526//2621 2527//2622 2507//2602
f 2510//2605 2509//2604 2529//2624
f 2527//2622 2528//2623 2508//2603
f 2497//2592 2510//2605 2530//2625
f 2528//2623 2529//2624 2509//2604
f 2511//2606 2497//2592 2513//2608
f 2529//2624 2530//2625 2510//2605
f 2512//2607 2511//2606 2514//2609
f 2530//2625 2513//2608 2497//2592
f 2515//2610 2512//2607 2531//2626
f 2532//2627 2533//2628 2531//2626
f 2496//2591 2512//2607 2516//2611
f 2514//2609 2531//2626 2512//2607
f 1802//2327 2516//2611 2515//2610
f 2501//2596 1781//2306 2518//2613
f 2500//2595 2501//2596 2518//2613
f 2517//2612 2534//2629 2520//2615
f 2500//2595 2519//2614 2202//2290
f 2535//2630 2536//2631 2519//2614
f 2520//2615 2537//2632 2521//2616
f 2536//2631 2534//2629 2517//2612
f 2521//2616 2538//2633 2522//2617
f 2534//2629 2537//2632 2520//2615
f 2522//2617 2539//2634 2523//2618
f 2537//2632 2538//2633 2521//2616
f 2523//2618 2540//2635 2524//2619
f 2538//2633 2539//2634 2522//2617
f 2524//2619 2541//2636 2525//2620
f 2539//2634 2540//2635 2523//2618
f 2525//2620 2542//2637 2526//2621
f 2540//2635 2541//2636 2524//2619
f 2526//2621 2543//2638 2527//2622
f 2541//2636 2542//2637 2525//2620
f 2527//2622 2544//2639 2528//2623
f 2542//2637 2543//2638 2526//2621
f 2528//2623 2545//2640 2529//2624
f 2543//2638 2544//2639 2527//2622
f 2529//2624 2546//2641 2530//2625
f 2544//2639 2545//2640 2528//2623
f 2530//2625 2547//2642 2513//2608
f 2545//2640 2546//2641 2529//2624
f 2513//2608 2548//2643 2514//2609
f 2546//2641 2547//2642 2530//2625
f 2514//2609 2532//2627 2531//2626
f 2547//2642 2548//2643 2513//2608
f 2531//2626 2533//2628 2549//2644
f 2548//2643 2532//2627 2514//2609
f 2550//2645 2551//2646 2533//2628
f 1802//2327 2515//2610 2549//2644
f 2515//2610 2531//2626 2549//2644
f 2518//2613 1781//2306 2535//2630
f 2519//2614 2518//2613 2535//2630
f 2534//2629 2209//2298 2537//2632
f 2519//2614 2536//2631 2517//2612
f 2552//2647 2553//2648 2536//2631
f 2537//2632 2211//2300 2538//2633
f 2553//2648 2209//2298 2534//2629
f 2538//2633 2554//2649 2539//2634
f 2209//2298 2211//2300 2537//2632
f 2539//2634 2555//2650 2540//2635
f 2211//2300 2554//2649 2538//2633
f 2540//2635 2556//2651 2541//2636
f 2554//2649 2555//2650 2539//2634
f 2541//2636 2557//2652 2542//2637
f 2555//2650 2556//2651 2540//2635
f 2542//2637 2558//2653 2543//2638
f 2556//2651 2557//2652 2541//2636
f 2543//2638 2559//2654 2544//2639
f 2557//2652 2558//2653 2542//2637
f 2544//2639 2560//2655 2545//2640
f 2558//2653 2559//2654 2543//2638
f 2545//2640 2561//2656 2546//2641
f 2559//2654 2560//2655 2544//2639
f 2546//2641 2562//2657 2547//2642
f 2560//2655 2561//2656 2545//2640
f 2547//2642 2563//2658 2548//2643
f 2561//2656 2562//2657 2546//2641
f 2548//2643 2564//2659 2532//2627
f 2562//2657 2563//2658 2547//2642
f 2532//2627 2550//2645 2533//2628
f 2563//2658 2564//2659 2548//2643
f 2533//2628 2551//2646 2565//2660
f 2564//2659 2550//2645 2532//2627
f 2566//2661 2567//2662 2551//2646
f 1802//2327 2549//2644 2565//2660
f 2549//2644 2533//2628 2565//2660
f 2535//2630 1781//2306 2552//2647
f 2536//2631 2535//2630 2552//2647
f 2568//2663 2554//2649 2211//2300
f 2536//2631 2553//2648 2534//2629
f 2569//2664 2205//2294 2553//2648
f 2570//2665 2555//2650 2554//2649
f 2205//2294 2210//2299 2209//2298
f 2571//2666 2556//2651 2555//2650
f 2210//2299 2568//2663 2211//2300
f 2572//2667 2557//2652 2556//2651
f 2568//2663 2570//2665 2554//2649
f 2573//2668 2558//2653 2557//2652
f 2570//2665 2571//2666 2555//2650
f 2574//2669 2559//2654 2558//2653
f 2571//2666 2572//2667 2556//2651
f 2575//2670 2560//2655 2559//2654
f 2572//2667 2573//2668 2557//2652
f 2576//2671 2561//2656 2560//2655
f 2573//2668 2574//2669 2558//2653
f 2577//2672 2562//2657 2561//2656
f 2574//2669 2575//2670 2559//2654
f 2578//2673 2563//2658 2562//2657
f 2575//2670 2576//2671 2560//2655
f 2579//2674 2564//2659 2563//2658
f 2576//2671 2577//2672 2561//2656
f 2580//2675 2550//2645 2564//2659
f 2577//2672 2578//2673 2562//2657
f 2566//2661 2551//2646 2550//2645
f 2578//2673 2579//2674 2563//2658
f 2567//2662 2581//2676 2551//2646
f 2579//2674 2580//2675 2564//2659
f 2581//2676 2567//2662 2582//2677
f 2580//2675 2566//2661 2550//2645
f 2581//2676 2582//2677 1802//2327
f 1802//2327 2565//2660 2581//2676
f 2565//2660 2551//2646 2581//2676
f 2552//2647 1781//2306 2569//2664
f 2553//2648 2552//2647 2569//2664
f 2207//2296 2583//2678 2210//2299
f 2553//2648 2205//2294 2209//2298
f 2207//2296 2210//2299 2205//2294
f 2583//2678 2584//2679 2568//2663
f 2583//2678 2568//2663 2210//2299
f 2584//2679 2585//2680 2570//2665
f 2584//2679 2570//2665 2568//2663
f 2585//2680 2586//2681 2571//2666
f 2585//2680 2571//2666 2570//2665
f 2586//2681 2587//2682 2572//2667
f 2586//2681 2572//2667 2571//2666
f 2587//2682 2588//2683 2573//2668
f 2587//2682 2573//2668 2572//2667
f 2588//2683 2589//2684 2574//2669
f 2588//2683 2574//2669 2573//2668
f 2589//2684 2590//2685 2575//2670
f 2589//2684 2575//2670 2574//2669
f 2590//2685 2591//2686 2576//2671
f 2590//2685 2576//2671 2575//2670
f 2591//2686 2592//2687 2577//2672
f 2591//2686 2577//2672 2576//2671
f 2592//2687 2593//2688 2578//2673
f 2592//2687 2578//2673 2577//2672
f 2593//2688 2594//2689 2579//2674
f 2593//2688 2579//2674 2578//2673
f 2594//2689 2595//2690 2580//2675
f 2594//2689 2580//2675 2579//2674
f 2595//2690 2596//2691 2566//2661
f 2595//2690 2566//2661 2580//2675
f 2596//2691 2597//2692 2567//2662
f 2596//2691 2567//2662 2566//2661
f 2597//2692 2598//2693 2582//2677
f 2598//2693 1802//2327 2582//2677
f 2597//2692 2582//2677 2567//2662
f 2569//2664 1781//2306 2206//2295
f 2205//2294 2569//2664 2206//2295
f 2583//2678 1768//2305 1762//2694
f 1782//2304 2207//2296 2206//2295
f 2584//2679 1762//2694 1761//2695
f 1768//2305 2583//2678 2207//2296
f 2585//2680 1761//2695 1758//2696
f 1762//2694 2584//2679 2583//2678
f 2586//2681 1758//2696 1757//2697
f 1761//2695 2585//2680 2584//2679
f 2587//2682 1757//2697 1756//2698
f 1758//2696 2586//2681 2585//2680
f 2588//2683 1756//2698 1734//2699
f 1757//2697 2587//2682 2586//2681
f 2589//2684 1734//2699 1737//2700
f 1756//2698 2588//2683 2587//2682
f 2590//2685 1737//2700 1739//2701
f 1734//2699 2589//2684 2588//2683
f 2591//2686 1739//2701 1740//2702
f 1737//2700 2590//2685 2589//2684
f 2592//2687 1740//2702 1742//2703
f 1739//2701 2591//2686 2590//2685
f 2593//2688 1742//2703 1744//2704
f 1740//2702 2592//2687 2591//2686
f 2594//2689 1744//2704 1746//2705
f 1742//2703 2593//2688 2592//2687
f 2595//2690 1746//2705 1748//2706
f 1744//2704 2594//2689 2593//2688
f 2596//2691 1748//2706 1750//2707
f 1746//2705 2595//2690 2594//2689
f 2597//2692 1750//2707 1753//2708
f 1748//2706 2596//2691 2595//2690
f 2598//2693 1753//2708 1800//2709
f 1750//2707 2597//2692 2596//2691
f 1800//2709 1802//2327 2598//2693
f 1753//2708 2598//2693 2597//2692
#
#	object brep_4
#
v 3962.685791 -2105.257813 -78.234734
v 3962.721191 -2105.843262 -78.234734
v 3962.432373 -2105.288574 -79.017395
v 3962.805908 -2105.243164 -77.457390
v 3962.842285 -2105.843262 -77.457390
v 3962.805908 -2105.243164 -76.702492
v 3962.842285 -2105.843262 -76.702492
v 3962.721191 -2105.843262 -75.925148
v 3962.685791 -2105.257813 -75.925148
v 3962.465820 -2105.843262 -75.142487
v 3962.432373 -2105.288574 -75.142487
v 3962.070557 -2105.843262 -74.389160
v 3962.040039 -2105.335938 -74.389160
v 3961.542725 -2105.843262 -73.701843
v 3961.515869 -2105.399658 -73.701843
v 3960.901367 -2105.843262 -73.114029
v 3960.879150 -2105.476807 -73.114029
v 3960.176514 -2105.843262 -72.650810
v 3960.159668 -2105.563965 -72.650810
v 3959.392822 -2105.656982 -72.325447
v 3959.404053 -2105.843262 -72.325447
v 3961.943359 -2104.814697 -74.389160
v 3962.040039 -2105.335938 -79.770721
v 3962.465820 -2105.843262 -79.017395
v 3962.070557 -2105.843262 -79.770721
v 3961.542725 -2105.843262 -80.458038
v 3961.515869 -2105.399658 -80.458038
v 3960.879150 -2105.476807 -81.045853
v 3960.901367 -2105.843262 -81.045853
v 3960.176514 -2105.843262 -81.509071
v 3960.159668 -2105.563965 -81.509071
v 3959.392822 -2105.656982 -81.834435
v 3956.215820 -2104.202637 -81.509071
v 3955.703369 -2103.690186 -81.045853
v 3956.019775 -2103.414795 -81.045853
v 3959.404053 -2105.843262 -81.834435
v 3956.355713 -2105.465576 -81.834435
v 3957.098389 -2105.751465 -82.021301
v 3956.320068 -2105.656982 -81.834435
v 3958.614502 -2105.751465 -82.021301
v 3955.699219 -2104.989258 -81.509071
v 3955.606445 -2105.277100 -81.509071
v 3955.025391 -2104.722412 -81.045853
v 3958.599609 -2102.890381 -81.045853
v 3959.213379 -2102.415771 -80.458038
v 3958.977295 -2103.012207 -81.045853
v 3957.093018 -2105.843262 -82.021301
v 3956.308838 -2105.843262 -81.834435
v 3957.856445 -2105.843262 -82.079941
v 3958.619873 -2105.843262 -82.021301
v 3960.809326 -2105.100098 -81.045853
v 3961.431152 -2104.943604 -80.458038
v 3958.596924 -2105.656982 -82.021301
v 3959.357178 -2105.465576 -81.834435
v 3961.943359 -2104.814697 -79.770721
v 3962.326416 -2104.718262 -79.017395
v 3960.106445 -2105.277100 -81.509071
v 3962.574219 -2104.656006 -78.234734
v 3962.691406 -2104.626465 -77.457390
v 3962.691406 -2104.626465 -76.702492
v 3962.574219 -2104.656006 -75.925148
v 3962.326416 -2104.718262 -75.142487
v 3961.431152 -2104.943604 -73.701843
v 3960.809326 -2105.100098 -73.114029
v 3960.106445 -2105.277100 -72.650810
v 3962.142090 -2104.146484 -75.142487
v 3959.357178 -2105.465576 -72.325447
v 3958.619873 -2105.843262 -72.138580
v 3958.614502 -2105.751465 -72.138580
v 3957.856445 -2105.843262 -72.079941
v 3958.596924 -2105.656982 -72.138580
v 3960.687500 -2104.722412 -81.045853
v 3961.283936 -2104.486328 -80.458038
v 3958.566406 -2105.562256 -82.021301
v 3959.295410 -2105.273682 -81.834435
v 3961.774902 -2104.291992 -79.770721
v 3962.142090 -2104.146484 -79.017395
v 3960.013672 -2104.989258 -81.509071
v 3962.379639 -2104.052490 -78.234734
v 3962.492188 -2104.008057 -77.457390
v 3962.492188 -2104.008057 -76.702492
v 3962.379639 -2104.052490 -75.925148
v 3961.774902 -2104.291992 -74.389160
v 3961.283936 -2104.486328 -73.701843
v 3960.687500 -2104.722412 -73.114029
v 3960.013672 -2104.989258 -72.650810
v 3961.876953 -2103.589111 -75.142487
v 3959.295410 -2105.273682 -72.325447
v 3958.566406 -2105.562256 -72.138580
v 3960.512451 -2104.354248 -81.045853
v 3961.071777 -2104.040527 -80.458038
v 3958.522461 -2105.469971 -82.021301
v 3959.206299 -2105.086426 -81.834435
v 3961.532227 -2103.782227 -79.770721
v 3961.876953 -2103.589111 -79.017395
v 3959.880127 -2104.708740 -81.509071
v 3962.099854 -2103.464111 -78.234734
v 3962.205322 -2103.405029 -77.457390
v 3962.205322 -2103.405029 -76.702492
v 3962.099854 -2103.464111 -75.925148
v 3961.532227 -2103.782227 -74.389160
v 3961.071777 -2104.040527 -73.701843
v 3960.512451 -2104.354248 -73.114029
v 3959.880127 -2104.708740 -72.650810
v 3961.532715 -2103.062744 -75.142487
v 3961.217529 -2103.301025 -74.389160
v 3959.206299 -2105.086426 -72.325447
v 3958.522461 -2105.469971 -72.138580
v 3960.284912 -2104.006592 -81.045853
v 3958.465332 -2105.382813 -82.021301
v 3959.090576 -2104.909668 -81.834435
v 3960.796387 -2103.619629 -80.458038
v 3961.217529 -2103.301025 -79.770721
v 3959.706787 -2104.443604 -81.509071
v 3961.532715 -2103.062744 -79.017395
v 3961.736572 -2102.908691 -78.234734
v 3961.833008 -2102.835693 -77.457390
v 3961.833008 -2102.835693 -76.702492
v 3961.736572 -2102.908691 -75.925148
v 3960.796387 -2103.619629 -73.701843
v 3960.284912 -2104.006592 -73.114029
v 3959.706787 -2104.443604 -72.650810
v 3960.836426 -2102.863281 -74.389160
v 3960.463135 -2103.236572 -73.701843
v 3958.465332 -2105.382813 -72.138580
v 3960.009521 -2103.690186 -81.045853
v 3958.396240 -2105.303467 -82.021301
v 3958.950684 -2104.749023 -81.834435
v 3960.463135 -2103.236572 -80.458038
v 3960.836426 -2102.863281 -79.770721
v 3959.497070 -2104.202637 -81.509071
v 3961.115723 -2102.583984 -79.017395
v 3961.296387 -2102.403320 -78.234734
v 3961.381836 -2102.317871 -77.457390
v 3961.381836 -2102.317871 -76.702492
v 3961.296387 -2102.403320 -75.925148
v 3961.115723 -2102.583984 -75.142487
v 3960.009521 -2103.690186 -73.114029
v 3959.497070 -2104.202637 -72.650810
v 3959.090576 -2104.909668 -72.325447
v 3960.398682 -2102.482178 -74.389160
v 3960.080078 -2102.903320 -73.701843
v 3958.396240 -2105.303467 -72.138580
v 3959.693359 -2103.414795 -81.045853
v 3958.316895 -2105.234375 -82.021301
v 3958.790039 -2104.609131 -81.834435
v 3960.080078 -2102.903320 -80.458038
v 3960.398682 -2102.482178 -79.770721
v 3959.256104 -2103.992920 -81.509071
v 3960.636963 -2102.166992 -79.017395
v 3960.791016 -2101.963135 -78.234734
v 3960.864014 -2101.866699 -77.457390
v 3960.864014 -2101.866699 -76.702492
v 3960.791016 -2101.963135 -75.925148
v 3960.636963 -2102.166992 -75.142487
v 3959.693359 -2103.414795 -73.114029
v 3959.256104 -2103.992920 -72.650810
v 3958.950684 -2104.749023 -72.325447
v 3959.917480 -2102.167480 -74.389160
v 3959.659180 -2102.627930 -73.701843
v 3958.316895 -2105.234375 -72.138580
v 3959.345459 -2103.187256 -81.045853
v 3958.229736 -2105.177246 -82.021301
v 3958.613281 -2104.493408 -81.834435
v 3959.659180 -2102.627930 -80.458038
v 3959.917480 -2102.167480 -79.770721
v 3958.990967 -2103.819580 -81.509071
v 3960.110596 -2101.822754 -79.017395
v 3960.235596 -2101.599854 -78.234734
v 3960.294678 -2101.494385 -77.457390
v 3960.294678 -2101.494385 -76.702492
v 3960.235596 -2101.599854 -75.925148
v 3960.110596 -2101.822754 -75.142487
v 3959.345459 -2103.187256 -73.114029
v 3958.990967 -2103.819580 -72.650810
v 3958.790039 -2104.609131 -72.325447
v 3959.407715 -2101.924805 -74.389160
v 3959.213379 -2102.415771 -73.701843
v 3958.229736 -2105.177246 -72.138580
v 3958.137451 -2105.133301 -82.021301
v 3958.426025 -2104.404297 -81.834435
v 3959.407715 -2101.924805 -79.770721
v 3958.710449 -2103.686035 -81.509071
v 3959.553223 -2101.557617 -79.017395
v 3959.647217 -2101.320068 -78.234734
v 3959.691650 -2101.207520 -77.457390
v 3959.691650 -2101.207520 -76.702492
v 3959.647217 -2101.320068 -75.925148
v 3959.553223 -2101.557617 -75.142487
v 3958.977295 -2103.012207 -73.114029
v 3958.710449 -2103.686035 -72.650810
v 3958.613281 -2104.493408 -72.325447
v 3958.885010 -2101.756348 -74.389160
v 3958.756104 -2102.268555 -73.701843
v 3958.137451 -2105.133301 -72.138580
v 3958.756104 -2102.268555 -80.458038
v 3958.042725 -2105.102783 -82.021301
v 3958.234131 -2104.342529 -81.834435
v 3958.885010 -2101.756348 -79.770721
v 3958.981445 -2101.373291 -79.017395
v 3958.422607 -2103.593262 -81.509071
v 3959.043701 -2101.125488 -78.234734
v 3959.073242 -2101.008301 -77.457390
v 3959.073242 -2101.008301 -76.702492
v 3959.043701 -2101.125488 -75.925148
v 3958.981445 -2101.373291 -75.142487
v 3958.599609 -2102.890381 -73.114029
v 3958.422607 -2103.593262 -72.650810
v 3958.426025 -2104.404297 -72.325447
v 3958.234131 -2104.342529 -72.325447
v 3958.042725 -2104.306885 -72.325447
v 3958.042725 -2105.102783 -72.138580
v 3958.363770 -2101.659668 -74.389160
v 3958.300049 -2102.183838 -73.701843
v 3958.222900 -2102.820557 -81.045853
v 3958.042725 -2104.306885 -81.834435
v 3957.948242 -2105.085205 -82.021301
v 3958.300049 -2102.183838 -80.458038
v 3958.363770 -2101.659668 -79.770721
v 3958.135742 -2103.540039 -81.509071
v 3958.411133 -2101.267334 -79.017395
v 3958.441895 -2101.013916 -78.234734
v 3958.456543 -2100.893799 -77.457390
v 3958.456543 -2100.893799 -76.702492
v 3958.441895 -2101.013916 -75.925148
v 3958.411133 -2101.267334 -75.142487
v 3958.222900 -2102.820557 -73.114029
v 3958.135742 -2103.540039 -72.650810
v 3957.856445 -2102.156982 -73.701843
v 3957.856445 -2101.629150 -74.389160
v 3957.948242 -2105.085205 -72.138580
v 3957.856445 -2102.798340 -81.045853
v 3957.856445 -2104.295654 -81.834435
v 3957.856445 -2105.079834 -82.021301
v 3957.856445 -2102.156982 -80.458038
v 3957.856445 -2101.629150 -79.770721
v 3957.856445 -2103.523193 -81.509071
v 3957.856445 -2101.233887 -79.017395
v 3957.856445 -2100.978516 -78.234734
v 3957.856445 -2100.857422 -77.457390
v 3957.856445 -2100.857422 -76.702492
v 3957.856445 -2100.978516 -75.925148
v 3957.856445 -2101.233887 -75.142487
v 3957.856445 -2102.798340 -73.114029
v 3957.856445 -2103.523193 -72.650810
v 3957.412842 -2102.183838 -73.701843
v 3957.856445 -2104.295654 -72.325447
v 3957.856445 -2105.079834 -72.138580
v 3957.577148 -2103.540039 -81.509071
v 3957.489990 -2102.820557 -81.045853
v 3957.670166 -2104.306885 -81.834435
v 3957.764648 -2105.085205 -82.021301
v 3957.412842 -2102.183838 -80.458038
v 3957.349121 -2101.659668 -79.770721
v 3957.301758 -2101.267334 -79.017395
v 3957.270996 -2101.013916 -78.234734
v 3957.256348 -2100.893799 -77.457390
v 3957.256348 -2100.893799 -76.702492
v 3957.270996 -2101.013916 -75.925148
v 3957.301758 -2101.267334 -75.142487
v 3957.349121 -2101.659668 -74.389160
v 3957.489990 -2102.820557 -73.114029
v 3957.577148 -2103.540039 -72.650810
v 3957.670166 -2104.306885 -72.325447
v 3957.113281 -2102.890381 -73.114029
v 3957.113281 -2102.890381 -81.045853
v 3957.290283 -2103.593262 -81.509071
v 3957.478760 -2104.342529 -81.834435
v 3957.670166 -2105.102783 -82.021301
v 3956.956787 -2102.268555 -80.458038
v 3956.827881 -2101.756348 -79.770721
v 3956.731445 -2101.373291 -79.017395
v 3956.669189 -2101.125488 -78.234734
v 3956.639648 -2101.008301 -77.457390
v 3956.639648 -2101.008301 -76.702492
v 3956.669189 -2101.125488 -75.925148
v 3956.731445 -2101.373291 -75.142487
v 3956.827881 -2101.756348 -74.389160
v 3956.956787 -2102.268555 -73.701843
v 3957.290283 -2103.593262 -72.650810
v 3957.478760 -2104.342529 -72.325447
v 3956.735596 -2103.012207 -73.114029
v 3957.764648 -2105.085205 -72.138580
v 3956.735596 -2103.012207 -81.045853
v 3957.002441 -2103.686035 -81.509071
v 3957.286865 -2104.404297 -81.834435
v 3957.575439 -2105.133301 -82.021301
v 3956.499512 -2102.415771 -80.458038
v 3956.305176 -2101.924805 -79.770721
v 3956.159668 -2101.557617 -79.017395
v 3956.065674 -2101.320068 -78.234734
v 3956.021240 -2101.207520 -77.457390
v 3956.021240 -2101.207520 -76.702492
v 3956.065674 -2101.320068 -75.925148
v 3956.159668 -2101.557617 -75.142487
v 3956.305176 -2101.924805 -74.389160
v 3956.499512 -2102.415771 -73.701843
v 3957.002441 -2103.686035 -72.650810
v 3957.286865 -2104.404297 -72.325447
v 3956.367432 -2103.187256 -73.114029
v 3957.670166 -2105.102783 -72.138580
v 3956.367432 -2103.187256 -81.045853
v 3956.721924 -2103.819580 -81.509071
v 3957.099609 -2104.493408 -81.834435
v 3957.483154 -2105.177246 -82.021301
v 3956.053711 -2102.627930 -80.458038
v 3955.795410 -2102.167480 -79.770721
v 3955.602295 -2101.822754 -79.017395
v 3955.477295 -2101.599854 -78.234734
v 3955.418213 -2101.494385 -77.457390
v 3955.418213 -2101.494385 -76.702492
v 3955.477295 -2101.599854 -75.925148
v 3955.602295 -2101.822754 -75.142487
v 3955.795410 -2102.167480 -74.389160
v 3956.053711 -2102.627930 -73.701843
v 3956.721924 -2103.819580 -72.650810
v 3957.099609 -2104.493408 -72.325447
v 3956.019775 -2103.414795 -73.114029
v 3957.575439 -2105.133301 -72.138580
v 3956.456787 -2103.992920 -81.509071
v 3956.922852 -2104.609131 -81.834435
v 3957.395996 -2105.234375 -82.021301
v 3955.632813 -2102.903320 -80.458038
v 3955.314209 -2102.482178 -79.770721
v 3955.075928 -2102.166992 -79.017395
v 3954.921875 -2101.963135 -78.234734
v 3954.848877 -2101.866699 -77.457390
v 3954.848877 -2101.866699 -76.702492
v 3954.921875 -2101.963135 -75.925148
v 3955.075928 -2102.166992 -75.142487
v 3955.314209 -2102.482178 -74.389160
v 3955.632813 -2102.903320 -73.701843
v 3956.456787 -2103.992920 -72.650810
v 3956.922852 -2104.609131 -72.325447
v 3955.703369 -2103.690186 -73.114029
v 3957.483154 -2105.177246 -72.138580
v 3955.249756 -2103.236572 -80.458038
v 3956.762207 -2104.749023 -81.834435
v 3957.316650 -2105.303467 -82.021301
v 3954.876465 -2102.863281 -79.770721
v 3954.597168 -2102.583984 -79.017395
v 3954.416504 -2102.403320 -78.234734
v 3954.331055 -2102.317871 -77.457390
v 3954.331055 -2102.317871 -76.702492
v 3954.416504 -2102.403320 -75.925148
v 3954.597168 -2102.583984 -75.142487
v 3954.876465 -2102.863281 -74.389160
v 3955.249756 -2103.236572 -73.701843
v 3956.215820 -2104.202637 -72.650810
v 3956.762207 -2104.749023 -72.325447
v 3955.427979 -2104.006592 -73.114029
v 3956.006104 -2104.443604 -72.650810
v 3957.316650 -2105.303467 -72.138580
v 3957.395996 -2105.234375 -72.138580
v 3956.006104 -2104.443604 -81.509071
v 3957.247559 -2105.382813 -82.021301
v 3956.622314 -2104.909668 -81.834435
v 3955.427979 -2104.006592 -81.045853
v 3954.916504 -2103.619629 -80.458038
v 3954.495361 -2103.301025 -79.770721
v 3954.180176 -2103.062744 -79.017395
v 3953.976318 -2102.908691 -78.234734
v 3953.879883 -2102.835693 -77.457390
v 3953.879883 -2102.835693 -76.702492
v 3953.976318 -2102.908691 -75.925148
v 3954.180176 -2103.062744 -75.142487
v 3954.495361 -2103.301025 -74.389160
v 3954.916504 -2103.619629 -73.701843
v 3956.622314 -2104.909668 -72.325447
v 3955.832764 -2104.708740 -72.650810
v 3956.506592 -2105.086426 -72.325447
v 3955.832764 -2104.708740 -81.509071
v 3957.190430 -2105.469971 -82.021301
v 3956.506592 -2105.086426 -81.834435
v 3955.200439 -2104.354248 -81.045853
v 3954.641113 -2104.040527 -80.458038
v 3954.180664 -2103.782227 -79.770721
v 3953.835938 -2103.589111 -79.017395
v 3953.613037 -2103.464111 -78.234734
v 3953.507568 -2103.405029 -77.457390
v 3953.507568 -2103.405029 -76.702492
v 3953.613037 -2103.464111 -75.925148
v 3953.835938 -2103.589111 -75.142487
v 3954.180664 -2103.782227 -74.389160
v 3954.641113 -2104.040527 -73.701843
v 3955.200439 -2104.354248 -73.114029
v 3957.247559 -2105.382813 -72.138580
v 3955.699219 -2104.989258 -72.650810
v 3956.417480 -2105.273682 -72.325447
v 3957.146484 -2105.562256 -82.021301
v 3956.417480 -2105.273682 -81.834435
v 3954.428955 -2104.486328 -80.458038
v 3953.937988 -2104.291992 -79.770721
v 3953.570801 -2104.146484 -79.017395
v 3953.333252 -2104.052490 -78.234734
v 3953.220703 -2104.008057 -77.457390
v 3953.220703 -2104.008057 -76.702492
v 3953.333252 -2104.052490 -75.925148
v 3953.570801 -2104.146484 -75.142487
v 3953.937988 -2104.291992 -74.389160
v 3954.428955 -2104.486328 -73.701843
v 3955.025391 -2104.722412 -73.114029
v 3957.190430 -2105.469971 -72.138580
v 3955.606445 -2105.277100 -72.650810
v 3956.355713 -2105.465576 -72.325447
v 3954.903564 -2105.100098 -81.045853
v 3957.115967 -2105.656982 -82.021301
v 3954.281738 -2104.943604 -80.458038
v 3953.769531 -2104.814697 -79.770721
v 3953.386475 -2104.718262 -79.017395
v 3953.138672 -2104.656006 -78.234734
v 3953.021484 -2104.626465 -77.457390
v 3953.021484 -2104.626465 -76.702492
v 3953.138672 -2104.656006 -75.925148
v 3953.386475 -2104.718262 -75.142487
v 3953.769531 -2104.814697 -74.389160
v 3954.281738 -2104.943604 -73.701843
v 3954.903564 -2105.100098 -73.114029
v 3957.146484 -2105.562256 -72.138580
v 3957.115967 -2105.656982 -72.138580
v 3955.553223 -2105.563965 -81.509071
v 3954.833740 -2105.476807 -81.045853
v 3954.197021 -2105.399658 -80.458038
v 3953.672852 -2105.335938 -79.770721
v 3953.280518 -2105.288574 -79.017395
v 3953.027100 -2105.257813 -78.234734
v 3952.906982 -2105.243164 -77.457390
v 3952.906982 -2105.243164 -76.702492
v 3953.027100 -2105.257813 -75.925148
v 3953.280518 -2105.288574 -75.142487
v 3953.672852 -2105.335938 -74.389160
v 3954.197021 -2105.399658 -73.701843
v 3954.833740 -2105.476807 -73.114029
v 3955.553223 -2105.563965 -72.650810
v 3956.320068 -2105.656982 -72.325447
v 3957.098389 -2105.751465 -72.138580
v 3955.536377 -2105.843262 -81.509071
v 3954.811523 -2105.843262 -81.045853
v 3954.170166 -2105.843262 -80.458038
v 3953.642334 -2105.843262 -79.770721
v 3953.247070 -2105.843262 -79.017395
v 3952.991699 -2105.843262 -78.234734
v 3952.870605 -2105.843262 -77.457390
v 3952.870605 -2105.843262 -76.702492
v 3952.991699 -2105.843262 -75.925148
v 3953.247070 -2105.843262 -75.142487
v 3953.642334 -2105.843262 -74.389160
v 3954.170166 -2105.843262 -73.701843
v 3954.811523 -2105.843262 -73.114029
v 3955.536377 -2105.843262 -72.650810
v 3956.308838 -2105.843262 -72.325447
v 3957.093018 -2105.843262 -72.138580
v 3953.027100 -2106.428711 -78.234734
v 3953.280518 -2106.397949 -79.017395
v 3952.906982 -2106.443359 -77.457390
v 3952.906982 -2106.443359 -76.702492
v 3953.027100 -2106.428711 -75.925148
v 3953.280518 -2106.397949 -75.142487
v 3953.672852 -2106.350586 -74.389160
v 3954.197021 -2106.286865 -73.701843
v 3954.833740 -2106.209717 -73.114029
v 3955.553223 -2106.122559 -72.650810
v 3956.320068 -2106.029541 -72.325447
v 3953.769531 -2106.871826 -74.389160
v 3953.672852 -2106.350586 -79.770721
v 3954.197021 -2106.286865 -80.458038
v 3954.833740 -2106.209717 -81.045853
v 3955.553223 -2106.122559 -81.509071
v 3956.320068 -2106.029541 -81.834435
v 3959.497070 -2107.483887 -81.509071
v 3960.009521 -2107.996338 -81.045853
v 3959.693359 -2108.271729 -81.045853
v 3959.357178 -2106.220947 -81.834435
v 3958.614502 -2105.935059 -82.021301
v 3959.392822 -2106.029541 -81.834435
v 3957.098389 -2105.935059 -82.021301
v 3960.013672 -2106.697266 -81.509071
v 3960.106445 -2106.409424 -81.509071
v 3960.687500 -2106.964111 -81.045853
v 3957.113281 -2108.796143 -81.045853
v 3956.499512 -2109.270752 -80.458038
v 3956.735596 -2108.674316 -81.045853
v 3954.903564 -2106.586426 -81.045853
v 3954.281738 -2106.742920 -80.458038
v 3957.115967 -2106.029541 -82.021301
v 3956.355713 -2106.220947 -81.834435
v 3953.769531 -2106.871826 -79.770721
v 3953.386475 -2106.968262 -79.017395
v 3955.606445 -2106.409424 -81.509071
v 3953.138672 -2107.030518 -78.234734
v 3953.021484 -2107.060059 -77.457390
v 3953.021484 -2107.060059 -76.702492
v 3953.138672 -2107.030518 -75.925148
v 3953.386475 -2106.968262 -75.142487
v 3954.281738 -2106.742920 -73.701843
v 3954.903564 -2106.586426 -73.114029
v 3955.606445 -2106.409424 -72.650810
v 3953.570801 -2107.540039 -75.142487
v 3956.355713 -2106.220947 -72.325447
v 3957.098389 -2105.935059 -72.138580
v 3957.115967 -2106.029541 -72.138580
v 3955.025391 -2106.964111 -81.045853
v 3954.428955 -2107.200195 -80.458038
v 3957.146484 -2106.124268 -82.021301
v 3956.417480 -2106.412842 -81.834435
v 3953.937988 -2107.394531 -79.770721
v 3953.570801 -2107.540039 -79.017395
v 3955.699219 -2106.697266 -81.509071
v 3953.333252 -2107.634033 -78.234734
v 3953.220703 -2107.678467 -77.457390
v 3953.220703 -2107.678467 -76.702492
v 3953.333252 -2107.634033 -75.925148
v 3953.937988 -2107.394531 -74.389160
v 3954.428955 -2107.200195 -73.701843
v 3955.025391 -2106.964111 -73.114029
v 3955.699219 -2106.697266 -72.650810
v 3953.835938 -2108.097412 -75.142487
v 3956.417480 -2106.412842 -72.325447
v 3957.146484 -2106.124268 -72.138580
v 3955.200439 -2107.332275 -81.045853
v 3954.641113 -2107.645996 -80.458038
v 3957.190430 -2106.216553 -82.021301
v 3956.506592 -2106.600098 -81.834435
v 3954.180664 -2107.904297 -79.770721
v 3953.835938 -2108.097412 -79.017395
v 3955.832764 -2106.977783 -81.509071
v 3953.613037 -2108.222412 -78.234734
v 3953.507568 -2108.281494 -77.457390
v 3953.507568 -2108.281494 -76.702492
v 3953.613037 -2108.222412 -75.925148
v 3954.180664 -2107.904297 -74.389160
v 3954.641113 -2107.645996 -73.701843
v 3955.200439 -2107.332275 -73.114029
v 3955.832764 -2106.977783 -72.650810
v 3954.180176 -2108.623779 -75.142487
v 3954.495361 -2108.385498 -74.389160
v 3956.506592 -2106.600098 -72.325447
v 3957.190430 -2106.216553 -72.138580
v 3955.427979 -2107.679932 -81.045853
v 3957.247559 -2106.303711 -82.021301
v 3956.622314 -2106.776855 -81.834435
v 3954.916504 -2108.066895 -80.458038
v 3954.495361 -2108.385498 -79.770721
v 3956.006104 -2107.242920 -81.509071
v 3954.180176 -2108.623779 -79.017395
v 3953.976318 -2108.777832 -78.234734
v 3953.879883 -2108.850830 -77.457390
v 3953.879883 -2108.850830 -76.702492
v 3953.976318 -2108.777832 -75.925148
v 3954.916504 -2108.066895 -73.701843
v 3955.427979 -2107.679932 -73.114029
v 3956.006104 -2107.242920 -72.650810
v 3954.876465 -2108.823242 -74.389160
v 3955.249756 -2108.449951 -73.701843
v 3957.247559 -2106.303711 -72.138580
v 3955.703369 -2107.996338 -81.045853
v 3957.316650 -2106.383057 -82.021301
v 3956.762207 -2106.937500 -81.834435
v 3955.249756 -2108.449951 -80.458038
v 3954.876465 -2108.823242 -79.770721
v 3956.215820 -2107.483887 -81.509071
v 3954.597168 -2109.102539 -79.017395
v 3954.416504 -2109.283203 -78.234734
v 3954.331055 -2109.368652 -77.457390
v 3954.331055 -2109.368652 -76.702492
v 3954.416504 -2109.283203 -75.925148
v 3954.597168 -2109.102539 -75.142487
v 3955.703369 -2107.996338 -73.114029
v 3956.215820 -2107.483887 -72.650810
v 3956.622314 -2106.776855 -72.325447
v 3955.314209 -2109.204346 -74.389160
v 3955.632813 -2108.783203 -73.701843
v 3957.316650 -2106.383057 -72.138580
v 3956.019775 -2108.271729 -81.045853
v 3957.395996 -2106.452148 -82.021301
v 3956.922852 -2107.077393 -81.834435
v 3955.632813 -2108.783203 -80.458038
v 3955.314209 -2109.204346 -79.770721
v 3956.456787 -2107.693604 -81.509071
v 3955.075928 -2109.519531 -79.017395
v 3954.921875 -2109.723389 -78.234734
v 3954.848877 -2109.819824 -77.457390
v 3954.848877 -2109.819824 -76.702492
v 3954.921875 -2109.723389 -75.925148
v 3955.075928 -2109.519531 -75.142487
v 3956.019775 -2108.271729 -73.114029
v 3956.456787 -2107.693604 -72.650810
v 3956.762207 -2106.937500 -72.325447
v 3955.795410 -2109.519043 -74.389160
v 3956.053711 -2109.058594 -73.701843
v 3957.395996 -2106.452148 -72.138580
v 3956.367432 -2108.499268 -81.045853
v 3957.483154 -2106.509277 -82.021301
v 3957.099609 -2107.193115 -81.834435
v 3956.053711 -2109.058594 -80.458038
v 3955.795410 -2109.519043 -79.770721
v 3956.721924 -2107.866943 -81.509071
v 3955.602295 -2109.863770 -79.017395
v 3955.477295 -2110.086670 -78.234734
v 3955.418213 -2110.192139 -77.457390
v 3955.418213 -2110.192139 -76.702492
v 3955.477295 -2110.086670 -75.925148
v 3955.602295 -2109.863770 -75.142487
v 3956.367432 -2108.499268 -73.114029
v 3956.721924 -2107.866943 -72.650810
v 3956.922852 -2107.077393 -72.325447
v 3956.305176 -2109.761719 -74.389160
v 3956.499512 -2109.270752 -73.701843
v 3957.483154 -2106.509277 -72.138580
v 3957.575439 -2106.553223 -82.021301
v 3957.286865 -2107.282227 -81.834435
v 3956.305176 -2109.761719 -79.770721
v 3957.002441 -2108.000488 -81.509071
v 3956.159668 -2110.128906 -79.017395
v 3956.065674 -2110.366455 -78.234734
v 3956.021240 -2110.479004 -77.457390
v 3956.021240 -2110.479004 -76.702492
v 3956.065674 -2110.366455 -75.925148
v 3956.159668 -2110.128906 -75.142487
v 3956.735596 -2108.674316 -73.114029
v 3957.002441 -2108.000488 -72.650810
v 3957.099609 -2107.193115 -72.325447
v 3956.827881 -2109.930176 -74.389160
v 3956.956787 -2109.417969 -73.701843
v 3957.575439 -2106.553223 -72.138580
v 3956.956787 -2109.417969 -80.458038
v 3957.670166 -2106.583740 -82.021301
v 3957.478760 -2107.343994 -81.834435
v 3956.827881 -2109.930176 -79.770721
v 3956.731445 -2110.313232 -79.017395
v 3957.290283 -2108.093262 -81.509071
v 3956.669189 -2110.561035 -78.234734
v 3956.639648 -2110.678223 -77.457390
v 3956.639648 -2110.678223 -76.702492
v 3956.669189 -2110.561035 -75.925148
v 3956.731445 -2110.313232 -75.142487
v 3957.113281 -2108.796143 -73.114029
v 3957.290283 -2108.093262 -72.650810
v 3957.286865 -2107.282227 -72.325447
v 3957.478760 -2107.343994 -72.325447
v 3957.670166 -2107.379639 -72.325447
v 3957.670166 -2106.583740 -72.138580
v 3957.349121 -2110.026855 -74.389160
v 3957.412842 -2109.502686 -73.701843
v 3957.489990 -2108.865967 -81.045853
v 3957.670166 -2107.379639 -81.834435
v 3957.764648 -2106.601318 -82.021301
v 3957.412842 -2109.502686 -80.458038
v 3957.349121 -2110.026855 -79.770721
v 3957.577148 -2108.146484 -81.509071
v 3957.301758 -2110.419189 -79.017395
v 3957.270996 -2110.672607 -78.234734
v 3957.256348 -2110.792725 -77.457390
v 3957.256348 -2110.792725 -76.702492
v 3957.270996 -2110.672607 -75.925148
v 3957.301758 -2110.419189 -75.142487
v 3957.489990 -2108.865967 -73.114029
v 3957.577148 -2108.146484 -72.650810
v 3957.856445 -2109.529541 -73.701843
v 3957.856445 -2110.057373 -74.389160
v 3957.764648 -2106.601318 -72.138580
v 3957.856445 -2108.888184 -81.045853
v 3957.856445 -2107.390869 -81.834435
v 3957.856445 -2106.606689 -82.021301
v 3957.856445 -2109.529541 -80.458038
v 3957.856445 -2110.057373 -79.770721
v 3957.856445 -2108.163330 -81.509071
v 3957.856445 -2110.452637 -79.017395
v 3957.856445 -2110.708008 -78.234734
v 3957.856445 -2110.829102 -77.457390
v 3957.856445 -2110.829102 -76.702492
v 3957.856445 -2110.708008 -75.925148
v 3957.856445 -2110.452637 -75.142487
v 3957.856445 -2108.888184 -73.114029
v 3957.856445 -2108.163330 -72.650810
v 3958.300049 -2109.502686 -73.701843
v 3957.856445 -2107.390869 -72.325447
v 3957.856445 -2106.606689 -72.138580
v 3958.135742 -2108.146484 -81.509071
v 3958.222900 -2108.865967 -81.045853
v 3958.042725 -2107.379639 -81.834435
v 3957.948242 -2106.601318 -82.021301
v 3958.300049 -2109.502686 -80.458038
v 3958.363770 -2110.026855 -79.770721
v 3958.411133 -2110.419189 -79.017395
v 3958.441895 -2110.672607 -78.234734
v 3958.456543 -2110.792725 -77.457390
v 3958.456543 -2110.792725 -76.702492
v 3958.441895 -2110.672607 -75.925148
v 3958.411133 -2110.419189 -75.142487
v 3958.363770 -2110.026855 -74.389160
v 3958.222900 -2108.865967 -73.114029
v 3958.135742 -2108.146484 -72.650810
v 3958.042725 -2107.379639 -72.325447
v 3958.599609 -2108.796143 -73.114029
v 3958.599609 -2108.796143 -81.045853
v 3958.422607 -2108.093262 -81.509071
v 3958.234131 -2107.343994 -81.834435
v 3958.042725 -2106.583740 -82.021301
v 3958.756104 -2109.417969 -80.458038
v 3958.885010 -2109.930176 -79.770721
v 3958.981445 -2110.313232 -79.017395
v 3959.043701 -2110.561035 -78.234734
v 3959.073242 -2110.678223 -77.457390
v 3959.073242 -2110.678223 -76.702492
v 3959.043701 -2110.561035 -75.925148
v 3958.981445 -2110.313232 -75.142487
v 3958.885010 -2109.930176 -74.389160
v 3958.756104 -2109.417969 -73.701843
v 3958.422607 -2108.093262 -72.650810
v 3958.234131 -2107.343994 -72.325447
v 3958.977295 -2108.674316 -73.114029
v 3957.948242 -2106.601318 -72.138580
v 3958.977295 -2108.674316 -81.045853
v 3958.710449 -2108.000488 -81.509071
v 3958.426025 -2107.282227 -81.834435
v 3958.137451 -2106.553223 -82.021301
v 3959.213379 -2109.270752 -80.458038
v 3959.407715 -2109.761719 -79.770721
v 3959.553223 -2110.128906 -79.017395
v 3959.647217 -2110.366455 -78.234734
v 3959.691650 -2110.479004 -77.457390
v 3959.691650 -2110.479004 -76.702492
v 3959.647217 -2110.366455 -75.925148
v 3959.553223 -2110.128906 -75.142487
v 3959.407715 -2109.761719 -74.389160
v 3959.213379 -2109.270752 -73.701843
v 3958.710449 -2108.000488 -72.650810
v 3958.426025 -2107.282227 -72.325447
v 3959.345459 -2108.499268 -73.114029
v 3958.042725 -2106.583740 -72.138580
v 3959.345459 -2108.499268 -81.045853
v 3958.990967 -2107.866943 -81.509071
v 3958.613281 -2107.193115 -81.834435
v 3958.229736 -2106.509277 -82.021301
v 3959.659180 -2109.058594 -80.458038
v 3959.917480 -2109.519043 -79.770721
v 3960.110596 -2109.863770 -79.017395
v 3960.235596 -2110.086670 -78.234734
v 3960.294678 -2110.192139 -77.457390
v 3960.294678 -2110.192139 -76.702492
v 3960.235596 -2110.086670 -75.925148
v 3960.110596 -2109.863770 -75.142487
v 3959.917480 -2109.519043 -74.389160
v 3959.659180 -2109.058594 -73.701843
v 3958.990967 -2107.866943 -72.650810
v 3958.613281 -2107.193115 -72.325447
v 3959.693359 -2108.271729 -73.114029
v 3958.137451 -2106.553223 -72.138580
v 3959.256104 -2107.693604 -81.509071
v 3958.790039 -2107.077393 -81.834435
v 3958.316895 -2106.452148 -82.021301
v 3960.080078 -2108.783203 -80.458038
v 3960.398682 -2109.204346 -79.770721
v 3960.636963 -2109.519531 -79.017395
v 3960.791016 -2109.723389 -78.234734
v 3960.864014 -2109.819824 -77.457390
v 3960.864014 -2109.819824 -76.702492
v 3960.791016 -2109.723389 -75.925148
v 3960.636963 -2109.519531 -75.142487
v 3960.398682 -2109.204346 -74.389160
v 3960.080078 -2108.783203 -73.701843
v 3959.256104 -2107.693604 -72.650810
v 3958.790039 -2107.077393 -72.325447
v 3960.009521 -2107.996338 -73.114029
v 3958.229736 -2106.509277 -72.138580
v 3960.463135 -2108.449951 -80.458038
v 3958.950684 -2106.937500 -81.834435
v 3958.396240 -2106.383057 -82.021301
v 3960.836426 -2108.823242 -79.770721
v 3961.115723 -2109.102539 -79.017395
v 3961.296387 -2109.283203 -78.234734
v 3961.381836 -2109.368652 -77.457390
v 3961.381836 -2109.368652 -76.702492
v 3961.296387 -2109.283203 -75.925148
v 3961.115723 -2109.102539 -75.142487
v 3960.836426 -2108.823242 -74.389160
v 3960.463135 -2108.449951 -73.701843
v 3959.497070 -2107.483887 -72.650810
v 3958.950684 -2106.937500 -72.325447
v 3960.284912 -2107.679932 -73.114029
v 3959.706787 -2107.242920 -72.650810
v 3958.396240 -2106.383057 -72.138580
v 3958.316895 -2106.452148 -72.138580
v 3959.706787 -2107.242920 -81.509071
v 3958.465332 -2106.303711 -82.021301
v 3959.090576 -2106.776855 -81.834435
v 3960.284912 -2107.679932 -81.045853
v 3960.796387 -2108.066895 -80.458038
v 3961.217529 -2108.385498 -79.770721
v 3961.532715 -2108.623779 -79.017395
v 3961.736572 -2108.777832 -78.234734
v 3961.833008 -2108.850830 -77.457390
v 3961.833008 -2108.850830 -76.702492
v 3961.736572 -2108.777832 -75.925148
v 3961.532715 -2108.623779 -75.142487
v 3961.217529 -2108.385498 -74.389160
v 3960.796387 -2108.066895 -73.701843
v 3959.090576 -2106.776855 -72.325447
v 3959.880127 -2106.977783 -72.650810
v 3959.206299 -2106.600098 -72.325447
v 3959.880127 -2106.977783 -81.509071
v 3958.522461 -2106.216553 -82.021301
v 3959.206299 -2106.600098 -81.834435
v 3960.512451 -2107.332275 -81.045853
v 3961.071777 -2107.645996 -80.458038
v 3961.532227 -2107.904297 -79.770721
v 3961.876953 -2108.097412 -79.017395
v 3962.099854 -2108.222412 -78.234734
v 3962.205322 -2108.281494 -77.457390
v 3962.205322 -2108.281494 -76.702492
v 3962.099854 -2108.222412 -75.925148
v 3961.876953 -2108.097412 -75.142487
v 3961.532227 -2107.904297 -74.389160
v 3961.071777 -2107.645996 -73.701843
v 3960.512451 -2107.332275 -73.114029
v 3958.465332 -2106.303711 -72.138580
v 3960.013672 -2106.697266 -72.650810
v 3959.295410 -2106.412842 -72.325447
v 3958.566406 -2106.124268 -82.021301
v 3959.295410 -2106.412842 -81.834435
v 3961.283936 -2107.200195 -80.458038
v 3961.774902 -2107.394531 -79.770721
v 3962.142090 -2107.540039 -79.017395
v 3962.379639 -2107.634033 -78.234734
v 3962.492188 -2107.678467 -77.457390
v 3962.492188 -2107.678467 -76.702492
v 3962.379639 -2107.634033 -75.925148
v 3962.142090 -2107.540039 -75.142487
v 3961.774902 -2107.394531 -74.389160
v 3961.283936 -2107.200195 -73.701843
v 3960.687500 -2106.964111 -73.114029
v 3958.522461 -2106.216553 -72.138580
v 3960.106445 -2106.409424 -72.650810
v 3959.357178 -2106.220947 -72.325447
v 3960.809326 -2106.586426 -81.045853
v 3958.596924 -2106.029541 -82.021301
v 3961.431152 -2106.742920 -80.458038
v 3961.943359 -2106.871826 -79.770721
v 3962.326416 -2106.968262 -79.017395
v 3962.574219 -2107.030518 -78.234734
v 3962.691406 -2107.060059 -77.457390
v 3962.691406 -2107.060059 -76.702492
v 3962.574219 -2107.030518 -75.925148
v 3962.326416 -2106.968262 -75.142487
v 3961.943359 -2106.871826 -74.389160
v 3961.431152 -2106.742920 -73.701843
v 3960.809326 -2106.586426 -73.114029
v 3958.566406 -2106.124268 -72.138580
v 3958.596924 -2106.029541 -72.138580
v 3960.159668 -2106.122559 -81.509071
v 3960.879150 -2106.209717 -81.045853
v 3961.515869 -2106.286865 -80.458038
v 3962.040039 -2106.350586 -79.770721
v 3962.432373 -2106.397949 -79.017395
v 3962.685791 -2106.428711 -78.234734
v 3962.805908 -2106.443359 -77.457390
v 3962.805908 -2106.443359 -76.702492
v 3962.685791 -2106.428711 -75.925148
v 3962.432373 -2106.397949 -75.142487
v 3962.040039 -2106.350586 -74.389160
v 3961.515869 -2106.286865 -73.701843
v 3960.879150 -2106.209717 -73.114029
v 3960.159668 -2106.122559 -72.650810
v 3959.392822 -2106.029541 -72.325447
v 3958.614502 -2105.935059 -72.138580
vn 0.965890 0.117106 -0.230959
vn 0.972963 -0.000000 -0.230959
vn 0.915172 0.110957 -0.387490
vn 0.989898 0.120017 -0.075490
vn 0.997147 -0.000000 -0.075490
vn 0.989898 0.120017 0.075490
vn 0.997147 -0.000000 0.075490
vn 0.972963 0.000000 0.230959
vn 0.965890 0.117106 0.230959
vn 0.921874 0.000000 0.387490
vn 0.915172 0.110957 0.387490
vn 0.842845 -0.000000 0.538157
vn 0.836718 0.101445 0.538157
vn 0.737251 -0.000000 0.675619
vn 0.731892 0.088736 0.675619
vn 0.608985 0.000000 0.793182
vn 0.604557 0.073298 0.793182
vn 0.464017 -0.000000 0.885826
vn 0.460644 0.055849 0.885826
vn 0.307254 0.037252 0.950898
vn 0.309504 -0.000000 0.950898
vn 0.817359 0.205698 0.538157
vn 0.836718 0.101445 -0.538157
vn 0.921874 0.000000 -0.387490
vn 0.842845 -0.000000 -0.538157
vn 0.737251 -0.000000 -0.675619
vn 0.731892 0.088736 -0.675619
vn 0.604558 0.073298 -0.793182
vn 0.608985 -0.000000 -0.793182
vn 0.464017 0.000000 -0.885826
vn 0.460644 0.055849 -0.885826
vn 0.307254 0.037252 -0.950898
vn -0.328110 0.328110 -0.885826
vn -0.430617 0.430617 -0.793182
vn -0.367358 0.485706 -0.793182
vn 0.309504 -0.000000 -0.950898
vn -0.300145 0.075535 -0.950898
vn -0.151589 0.018379 -0.988273
vn -0.307254 0.037252 -0.950898
vn 0.151589 0.018379 -0.988273
vn -0.431438 0.170802 -0.885826
vn -0.449986 0.113244 -0.885826
vn -0.566227 0.224164 -0.793182
vn 0.148624 0.590570 -0.793182
vn 0.271378 0.685488 -0.675619
vn 0.224164 0.566227 -0.793182
vn -0.152700 -0.000000 -0.988273
vn -0.309504 -0.000000 -0.950898
vn -0.028445 0.000000 -0.999595
vn 0.152700 0.000000 -0.988273
vn 0.590570 0.148624 -0.793182
vn 0.714958 0.179928 -0.675619
vn 0.148082 0.037267 -0.988273
vn 0.300145 0.075535 -0.950898
vn 0.817359 0.205698 -0.538157
vn 0.893998 0.224985 -0.387490
vn 0.449986 0.113244 -0.885826
vn 0.943543 0.237454 -0.230959
vn 0.966995 0.243356 -0.075490
vn 0.966995 0.243356 0.075490
vn 0.943543 0.237454 0.230959
vn 0.893998 0.224985 0.387490
vn 0.714958 0.179928 0.675619
vn 0.590570 0.148624 0.793182
vn 0.449986 0.113244 0.885826
vn 0.857147 0.339337 0.387490
vn 0.300146 0.075535 0.950898
vn 0.152700 0.000000 0.988273
vn 0.151589 0.018379 0.988273
vn 0.028445 0.000000 0.999595
vn 0.148082 0.037267 0.988273
vn 0.566227 0.224164 -0.793182
vn 0.685488 0.271378 -0.675619
vn 0.141978 0.056208 -0.988273
vn 0.287773 0.113927 -0.950898
vn 0.783667 0.310247 -0.538157
vn 0.857147 0.339337 -0.387490
vn 0.431438 0.170802 -0.885826
vn 0.904650 0.358143 -0.230959
vn 0.927135 0.367044 -0.075490
vn 0.927135 0.367044 0.075490
vn 0.904650 0.358143 0.230959
vn 0.783667 0.310247 0.538157
vn 0.685488 0.271378 0.675619
vn 0.566227 0.224164 0.793182
vn 0.431438 0.170802 0.885826
vn 0.804114 0.450835 0.387490
vn 0.287773 0.113927 0.950898
vn 0.141978 0.056208 0.988273
vn 0.531193 0.297819 -0.793182
vn 0.643075 0.360547 -0.675619
vn 0.133194 0.074676 -0.988273
vn 0.269968 0.151360 -0.950898
vn 0.735180 0.412186 -0.538157
vn 0.804114 0.450835 -0.387490
vn 0.404744 0.226924 -0.885826
vn 0.848677 0.475820 -0.230959
vn 0.869771 0.487646 -0.075490
vn 0.869771 0.487646 0.075490
vn 0.848677 0.475820 0.230959
vn 0.735180 0.412186 0.538157
vn 0.643075 0.360547 0.675619
vn 0.531193 0.297819 0.793182
vn 0.404744 0.226924 0.885826
vn 0.735256 0.556103 0.387490
vn 0.672225 0.508430 0.538157
vn 0.269968 0.151360 0.950898
vn 0.133194 0.074676 0.988273
vn 0.485706 0.367358 -0.793182
vn 0.121788 0.092113 -0.988273
vn 0.246850 0.186702 -0.950898
vn 0.588007 0.444733 -0.675619
vn 0.672225 0.508430 -0.538157
vn 0.370085 0.279909 -0.885826
vn 0.735256 0.556103 -0.387490
vn 0.776003 0.586921 -0.230959
vn 0.795291 0.601510 -0.075490
vn 0.795291 0.601510 0.075490
vn 0.776003 0.586921 0.230959
vn 0.588007 0.444733 0.675619
vn 0.485706 0.367358 0.793182
vn 0.370085 0.279909 0.885826
vn 0.595981 0.595981 0.538157
vn 0.521315 0.521315 0.675619
vn 0.121788 0.092113 0.988273
vn 0.430617 0.430617 -0.793182
vn 0.107975 0.107975 -0.988273
vn 0.218853 0.218853 -0.950898
vn 0.521315 0.521315 -0.675619
vn 0.595981 0.595981 -0.538157
vn 0.328110 0.328110 -0.885826
vn 0.651863 0.651863 -0.387490
vn 0.687989 0.687989 -0.230959
vn 0.705089 0.705089 -0.075490
vn 0.705089 0.705089 0.075490
vn 0.687989 0.687989 0.230959
vn 0.651863 0.651863 0.387490
vn 0.430617 0.430617 0.793182
vn 0.328110 0.328110 0.885826
vn 0.246850 0.186702 0.950898
vn 0.508430 0.672225 0.538157
vn 0.444733 0.588007 0.675619
vn 0.107975 0.107975 0.988273
vn 0.367358 0.485706 -0.793182
vn 0.092113 0.121788 -0.988273
vn 0.186702 0.246850 -0.950898
vn 0.444733 0.588007 -0.675619
vn 0.508430 0.672225 -0.538157
vn 0.279909 0.370085 -0.885826
vn 0.556103 0.735256 -0.387490
vn 0.586922 0.776003 -0.230959
vn 0.601509 0.795291 -0.075490
vn 0.601510 0.795291 0.075490
vn 0.586921 0.776003 0.230959
vn 0.556103 0.735256 0.387490
vn 0.367358 0.485706 0.793182
vn 0.279909 0.370085 0.885826
vn 0.218853 0.218853 0.950898
vn 0.412186 0.735180 0.538157
vn 0.360547 0.643075 0.675619
vn 0.092113 0.121788 0.988273
vn 0.297819 0.531193 -0.793182
vn 0.074676 0.133194 -0.988273
vn 0.151360 0.269968 -0.950898
vn 0.360546 0.643075 -0.675619
vn 0.412186 0.735180 -0.538157
vn 0.226924 0.404744 -0.885826
vn 0.450835 0.804114 -0.387490
vn 0.475820 0.848677 -0.230959
vn 0.487646 0.869771 -0.075490
vn 0.487646 0.869771 0.075490
vn 0.475820 0.848677 0.230959
vn 0.450835 0.804114 0.387490
vn 0.297819 0.531193 0.793182
vn 0.226924 0.404744 0.885826
vn 0.186703 0.246850 0.950898
vn 0.310247 0.783667 0.538157
vn 0.271378 0.685488 0.675619
vn 0.074676 0.133194 0.988273
vn 0.056208 0.141978 -0.988273
vn 0.113927 0.287773 -0.950898
vn 0.310247 0.783667 -0.538157
vn 0.170802 0.431438 -0.885826
vn 0.339337 0.857147 -0.387490
vn 0.358143 0.904650 -0.230959
vn 0.367044 0.927135 -0.075490
vn 0.367044 0.927135 0.075490
vn 0.358143 0.904650 0.230959
vn 0.339337 0.857147 0.387490
vn 0.224164 0.566227 0.793182
vn 0.170802 0.431438 0.885826
vn 0.151360 0.269968 0.950898
vn 0.205698 0.817359 0.538157
vn 0.179928 0.714958 0.675619
vn 0.056208 0.141978 0.988273
vn 0.179928 0.714958 -0.675619
vn 0.037267 0.148082 -0.988273
vn 0.075535 0.300145 -0.950898
vn 0.205698 0.817359 -0.538157
vn 0.224985 0.893998 -0.387490
vn 0.113244 0.449986 -0.885826
vn 0.237454 0.943543 -0.230959
vn 0.243356 0.966995 -0.075490
vn 0.243356 0.966995 0.075490
vn 0.237454 0.943543 0.230959
vn 0.224985 0.893998 0.387490
vn 0.148624 0.590570 0.793182
vn 0.113244 0.449986 0.885826
vn 0.113927 0.287773 0.950898
vn 0.075535 0.300146 0.950898
vn 0.037252 0.307254 0.950898
vn 0.037267 0.148082 0.988273
vn 0.101445 0.836718 0.538157
vn 0.088736 0.731892 0.675619
vn 0.073298 0.604558 -0.793182
vn 0.037252 0.307254 -0.950898
vn 0.018379 0.151589 -0.988273
vn 0.088736 0.731892 -0.675619
vn 0.101445 0.836718 -0.538157
vn 0.055849 0.460644 -0.885826
vn 0.110957 0.915172 -0.387490
vn 0.117106 0.965890 -0.230959
vn 0.120017 0.989898 -0.075490
vn 0.120017 0.989898 0.075490
vn 0.117106 0.965890 0.230959
vn 0.110957 0.915172 0.387490
vn 0.073298 0.604557 0.793182
vn 0.055849 0.460644 0.885826
vn 0.000000 0.737251 0.675619
vn -0.000000 0.842845 0.538157
vn 0.018379 0.151589 0.988273
vn 0.000000 0.608985 -0.793182
vn -0.000000 0.309504 -0.950898
vn 0.000000 0.152700 -0.988273
vn 0.000000 0.737251 -0.675619
vn -0.000000 0.842845 -0.538157
vn -0.000000 0.464017 -0.885826
vn 0.000000 0.921874 -0.387490
vn 0.000000 0.972963 -0.230959
vn -0.000000 0.997147 -0.075490
vn 0.000000 0.997147 0.075490
vn 0.000000 0.972963 0.230959
vn 0.000000 0.921874 0.387490
vn 0.000000 0.608985 0.793182
vn -0.000000 0.464017 0.885826
vn -0.088736 0.731892 0.675619
vn 0.000000 0.309504 0.950898
vn 0.000000 0.152700 0.988273
vn -0.055849 0.460644 -0.885826
vn -0.073298 0.604558 -0.793182
vn -0.037252 0.307254 -0.950898
vn -0.018379 0.151589 -0.988273
vn -0.088736 0.731892 -0.675619
vn -0.101445 0.836718 -0.538157
vn -0.110957 0.915172 -0.387490
vn -0.117106 0.965890 -0.230959
vn -0.120017 0.989898 -0.075490
vn -0.120017 0.989898 0.075490
vn -0.117106 0.965890 0.230959
vn -0.110957 0.915172 0.387490
vn -0.101445 0.836718 0.538157
vn -0.073298 0.604557 0.793182
vn -0.055849 0.460644 0.885826
vn -0.037252 0.307254 0.950898
vn -0.148624 0.590570 0.793182
vn -0.148624 0.590570 -0.793182
vn -0.113244 0.449986 -0.885826
vn -0.075535 0.300145 -0.950898
vn -0.037267 0.148082 -0.988273
vn -0.179928 0.714958 -0.675619
vn -0.205698 0.817359 -0.538157
vn -0.224985 0.893998 -0.387490
vn -0.237454 0.943543 -0.230959
vn -0.243356 0.966995 -0.075490
vn -0.243356 0.966995 0.075490
vn -0.237454 0.943543 0.230959
vn -0.224985 0.893998 0.387490
vn -0.205698 0.817359 0.538157
vn -0.179928 0.714958 0.675619
vn -0.113244 0.449986 0.885826
vn -0.075535 0.300146 0.950898
vn -0.224164 0.566227 0.793182
vn -0.018379 0.151589 0.988273
vn -0.224164 0.566227 -0.793182
vn -0.170802 0.431438 -0.885826
vn -0.113927 0.287773 -0.950898
vn -0.056208 0.141978 -0.988273
vn -0.271378 0.685488 -0.675619
vn -0.310247 0.783667 -0.538157
vn -0.339337 0.857147 -0.387490
vn -0.358143 0.904650 -0.230959
vn -0.367044 0.927135 -0.075490
vn -0.367044 0.927135 0.075490
vn -0.358143 0.904650 0.230959
vn -0.339337 0.857148 0.387490
vn -0.310247 0.783667 0.538157
vn -0.271378 0.685488 0.675619
vn -0.170802 0.431438 0.885826
vn -0.113927 0.287773 0.950898
vn -0.297819 0.531193 0.793182
vn -0.037267 0.148082 0.988273
vn -0.297819 0.531193 -0.793182
vn -0.226924 0.404744 -0.885826
vn -0.151360 0.269968 -0.950898
vn -0.074676 0.133194 -0.988273
vn -0.360547 0.643075 -0.675619
vn -0.412186 0.735180 -0.538157
vn -0.450835 0.804114 -0.387490
vn -0.475820 0.848678 -0.230959
vn -0.487646 0.869771 -0.075490
vn -0.487646 0.869771 0.075490
vn -0.475820 0.848677 0.230959
vn -0.450835 0.804114 0.387490
vn -0.412186 0.735180 0.538157
vn -0.360547 0.643075 0.675619
vn -0.226924 0.404744 0.885826
vn -0.151361 0.269968 0.950898
vn -0.367358 0.485706 0.793182
vn -0.056208 0.141978 0.988273
vn -0.279909 0.370085 -0.885826
vn -0.186702 0.246850 -0.950898
vn -0.092113 0.121788 -0.988273
vn -0.444733 0.588007 -0.675619
vn -0.508430 0.672225 -0.538157
vn -0.556103 0.735256 -0.387490
vn -0.586922 0.776003 -0.230959
vn -0.601510 0.795291 -0.075490
vn -0.601509 0.795291 0.075490
vn -0.586922 0.776003 0.230959
vn -0.556103 0.735256 0.387490
vn -0.508430 0.672225 0.538157
vn -0.444733 0.588007 0.675619
vn -0.279910 0.370085 0.885826
vn -0.186702 0.246850 0.950898
vn -0.430617 0.430617 0.793182
vn -0.074676 0.133194 0.988273
vn -0.521315 0.521315 -0.675619
vn -0.218853 0.218853 -0.950898
vn -0.107975 0.107975 -0.988273
vn -0.595981 0.595981 -0.538157
vn -0.651863 0.651863 -0.387490
vn -0.687989 0.687989 -0.230959
vn -0.705089 0.705089 -0.075490
vn -0.705089 0.705089 0.075490
vn -0.687989 0.687989 0.230959
vn -0.651863 0.651863 0.387490
vn -0.595981 0.595981 0.538157
vn -0.521315 0.521315 0.675619
vn -0.328110 0.328110 0.885826
vn -0.218853 0.218853 0.950898
vn -0.485706 0.367358 0.793182
vn -0.370085 0.279909 0.885826
vn -0.107975 0.107975 0.988273
vn -0.092113 0.121788 0.988273
vn -0.370085 0.279909 -0.885826
vn -0.121788 0.092113 -0.988273
vn -0.246850 0.186702 -0.950898
vn -0.485706 0.367358 -0.793182
vn -0.588007 0.444733 -0.675619
vn -0.672225 0.508430 -0.538157
vn -0.735256 0.556103 -0.387490
vn -0.776003 0.586922 -0.230959
vn -0.795291 0.601510 -0.075490
vn -0.795291 0.601509 0.075490
vn -0.776003 0.586922 0.230959
vn -0.735256 0.556103 0.387490
vn -0.672225 0.508430 0.538157
vn -0.588007 0.444733 0.675619
vn -0.246850 0.186702 0.950898
vn -0.404744 0.226924 0.885826
vn -0.269968 0.151361 0.950898
vn -0.404744 0.226924 -0.885826
vn -0.133194 0.074676 -0.988273
vn -0.269968 0.151360 -0.950898
vn -0.531193 0.297819 -0.793182
vn -0.643075 0.360547 -0.675619
vn -0.735180 0.412186 -0.538157
vn -0.804114 0.450835 -0.387490
vn -0.848678 0.475820 -0.230959
vn -0.869772 0.487646 -0.075490
vn -0.869772 0.487646 0.075490
vn -0.848678 0.475820 0.230959
vn -0.804114 0.450835 0.387490
vn -0.735180 0.412186 0.538157
vn -0.643075 0.360547 0.675619
vn -0.531193 0.297819 0.793182
vn -0.121788 0.092113 0.988273
vn -0.431438 0.170802 0.885826
vn -0.287773 0.113927 0.950898
vn -0.141978 0.056208 -0.988273
vn -0.287773 0.113927 -0.950898
vn -0.685488 0.271378 -0.675619
vn -0.783667 0.310247 -0.538157
vn -0.857147 0.339337 -0.387490
vn -0.904650 0.358143 -0.230959
vn -0.927135 0.367044 -0.075490
vn -0.927135 0.367044 0.075490
vn -0.904650 0.358143 0.230959
vn -0.857147 0.339337 0.387490
vn -0.783667 0.310247 0.538157
vn -0.685488 0.271378 0.675619
vn -0.566227 0.224164 0.793182
vn -0.133194 0.074676 0.988273
vn -0.449986 0.113244 0.885826
vn -0.300146 0.075535 0.950898
vn -0.590570 0.148624 -0.793182
vn -0.148082 0.037267 -0.988273
vn -0.714958 0.179928 -0.675619
vn -0.817359 0.205698 -0.538157
vn -0.893998 0.224985 -0.387490
vn -0.943543 0.237454 -0.230959
vn -0.966995 0.243356 -0.075490
vn -0.966995 0.243356 0.075490
vn -0.943543 0.237454 0.230959
vn -0.893998 0.224985 0.387490
vn -0.817359 0.205698 0.538157
vn -0.714958 0.179928 0.675619
vn -0.590570 0.148624 0.793182
vn -0.141978 0.056208 0.988273
vn -0.148082 0.037267 0.988273
vn -0.460644 0.055849 -0.885826
vn -0.604558 0.073298 -0.793182
vn -0.731892 0.088736 -0.675619
vn -0.836718 0.101445 -0.538157
vn -0.915172 0.110957 -0.387490
vn -0.965890 0.117106 -0.230959
vn -0.989898 0.120017 -0.075490
vn -0.989898 0.120017 0.075490
vn -0.965890 0.117106 0.230959
vn -0.915172 0.110957 0.387490
vn -0.836718 0.101445 0.538157
vn -0.731892 0.088736 0.675619
vn -0.604557 0.073298 0.793182
vn -0.460644 0.055849 0.885826
vn -0.307254 0.037252 0.950898
vn -0.151589 0.018379 0.988273
vn -0.464017 0.000000 -0.885826
vn -0.608985 0.000000 -0.793182
vn -0.737251 -0.000000 -0.675619
vn -0.842845 -0.000000 -0.538157
vn -0.921874 0.000000 -0.387490
vn -0.972963 0.000000 -0.230959
vn -0.997147 -0.000000 -0.075490
vn -0.997147 0.000000 0.075490
vn -0.972963 0.000000 0.230959
vn -0.921874 0.000000 0.387490
vn -0.842845 0.000000 0.538157
vn -0.737251 -0.000000 0.675619
vn -0.608985 0.000000 0.793182
vn -0.464017 0.000000 0.885826
vn -0.309504 0.000000 0.950898
vn -0.152700 -0.000000 0.988273
vn -0.965890 -0.117106 -0.230959
vn -0.972963 -0.000000 -0.230959
vn -0.915172 -0.110957 -0.387490
vn -0.989898 -0.120017 -0.075490
vn -0.997147 -0.000000 -0.075490
vn -0.989898 -0.120017 0.075490
vn -0.997147 0.000000 0.075490
vn -0.972963 -0.000000 0.230959
vn -0.965890 -0.117106 0.230959
vn -0.921874 -0.000000 0.387490
vn -0.915172 -0.110957 0.387490
vn -0.842845 -0.000000 0.538157
vn -0.836718 -0.101445 0.538157
vn -0.737251 0.000000 0.675619
vn -0.731892 -0.088736 0.675619
vn -0.608985 -0.000000 0.793182
vn -0.604557 -0.073298 0.793182
vn -0.464017 -0.000000 0.885826
vn -0.460644 -0.055849 0.885826
vn -0.307254 -0.037252 0.950898
vn -0.309504 -0.000000 0.950898
vn -0.817359 -0.205698 0.538157
vn -0.836718 -0.101445 -0.538157
vn -0.921874 -0.000000 -0.387490
vn -0.842845 0.000000 -0.538157
vn -0.737251 0.000000 -0.675619
vn -0.731892 -0.088736 -0.675619
vn -0.604558 -0.073298 -0.793182
vn -0.608985 -0.000000 -0.793182
vn -0.464017 -0.000000 -0.885826
vn -0.460644 -0.055849 -0.885826
vn -0.307254 -0.037252 -0.950898
vn 0.328110 -0.328110 -0.885826
vn 0.430617 -0.430617 -0.793182
vn 0.367358 -0.485706 -0.793182
vn -0.309504 0.000000 -0.950898
vn 0.300145 -0.075535 -0.950898
vn 0.151589 -0.018379 -0.988273
vn 0.307254 -0.037252 -0.950898
vn -0.151589 -0.018379 -0.988273
vn 0.431438 -0.170802 -0.885826
vn 0.449986 -0.113244 -0.885826
vn 0.566227 -0.224164 -0.793182
vn -0.148624 -0.590570 -0.793182
vn -0.271378 -0.685488 -0.675619
vn -0.224164 -0.566227 -0.793182
vn 0.152700 0.000000 -0.988273
vn 0.028445 0.000000 -0.999595
vn -0.152700 0.000000 -0.988273
vn -0.590570 -0.148624 -0.793182
vn -0.714958 -0.179928 -0.675619
vn -0.148082 -0.037267 -0.988273
vn -0.300145 -0.075535 -0.950898
vn -0.817359 -0.205698 -0.538157
vn -0.893998 -0.224985 -0.387490
vn -0.449986 -0.113244 -0.885826
vn -0.943543 -0.237454 -0.230959
vn -0.966995 -0.243356 -0.075490
vn -0.966995 -0.243356 0.075490
vn -0.943543 -0.237454 0.230959
vn -0.893998 -0.224985 0.387490
vn -0.714958 -0.179928 0.675619
vn -0.590570 -0.148624 0.793182
vn -0.449986 -0.113244 0.885826
vn -0.857147 -0.339337 0.387490
vn -0.300146 -0.075535 0.950898
vn -0.152700 -0.000000 0.988273
vn -0.151589 -0.018379 0.988273
vn -0.028445 0.000000 0.999595
vn -0.148082 -0.037267 0.988273
vn -0.566227 -0.224164 -0.793182
vn -0.685488 -0.271378 -0.675619
vn -0.141978 -0.056208 -0.988273
vn -0.287773 -0.113927 -0.950898
vn -0.783667 -0.310247 -0.538157
vn -0.857147 -0.339337 -0.387490
vn -0.431438 -0.170802 -0.885826
vn -0.904650 -0.358143 -0.230959
vn -0.927135 -0.367044 -0.075490
vn -0.927135 -0.367044 0.075490
vn -0.904650 -0.358143 0.230959
vn -0.783667 -0.310247 0.538157
vn -0.685488 -0.271378 0.675619
vn -0.566227 -0.224164 0.793182
vn -0.431438 -0.170802 0.885826
vn -0.804114 -0.450835 0.387490
vn -0.287773 -0.113927 0.950898
vn -0.141978 -0.056208 0.988273
vn -0.531193 -0.297819 -0.793182
vn -0.643075 -0.360546 -0.675619
vn -0.133194 -0.074676 -0.988273
vn -0.269968 -0.151360 -0.950898
vn -0.735180 -0.412186 -0.538157
vn -0.804114 -0.450835 -0.387490
vn -0.404744 -0.226924 -0.885826
vn -0.848678 -0.475820 -0.230959
vn -0.869772 -0.487646 -0.075490
vn -0.869772 -0.487646 0.075490
vn -0.848678 -0.475819 0.230959
vn -0.735180 -0.412186 0.538157
vn -0.643075 -0.360546 0.675619
vn -0.531193 -0.297819 0.793182
vn -0.404744 -0.226924 0.885826
vn -0.735256 -0.556103 0.387490
vn -0.672225 -0.508430 0.538157
vn -0.269968 -0.151360 0.950898
vn -0.133194 -0.074676 0.988273
vn -0.485706 -0.367358 -0.793182
vn -0.121788 -0.092113 -0.988273
vn -0.246850 -0.186702 -0.950898
vn -0.588007 -0.444733 -0.675619
vn -0.672225 -0.508430 -0.538157
vn -0.370085 -0.279909 -0.885826
vn -0.735256 -0.556103 -0.387490
vn -0.776003 -0.586921 -0.230959
vn -0.795291 -0.601509 -0.075490
vn -0.795291 -0.601509 0.075490
vn -0.776003 -0.586921 0.230959
vn -0.588007 -0.444733 0.675619
vn -0.485706 -0.367358 0.793182
vn -0.370085 -0.279909 0.885826
vn -0.595981 -0.595981 0.538157
vn -0.521315 -0.521315 0.675619
vn -0.121788 -0.092113 0.988273
vn -0.430617 -0.430617 -0.793182
vn -0.107975 -0.107975 -0.988273
vn -0.218852 -0.218853 -0.950898
vn -0.521315 -0.521315 -0.675619
vn -0.595981 -0.595981 -0.538157
vn -0.328110 -0.328110 -0.885826
vn -0.651863 -0.651863 -0.387490
vn -0.687989 -0.687989 -0.230959
vn -0.705089 -0.705089 -0.075490
vn -0.705089 -0.705089 0.075490
vn -0.687989 -0.687989 0.230959
vn -0.651863 -0.651863 0.387490
vn -0.430617 -0.430617 0.793182
vn -0.328110 -0.328110 0.885826
vn -0.246850 -0.186702 0.950898
vn -0.508430 -0.672225 0.538157
vn -0.444733 -0.588007 0.675619
vn -0.107975 -0.107975 0.988273
vn -0.367358 -0.485706 -0.793182
vn -0.092113 -0.121788 -0.988273
vn -0.186702 -0.246850 -0.950898
vn -0.444733 -0.588007 -0.675619
vn -0.508430 -0.672225 -0.538157
vn -0.279910 -0.370085 -0.885826
vn -0.556103 -0.735256 -0.387490
vn -0.586921 -0.776003 -0.230959
vn -0.601509 -0.795291 -0.075490
vn -0.601510 -0.795291 0.075490
vn -0.586921 -0.776003 0.230959
vn -0.556103 -0.735256 0.387490
vn -0.367358 -0.485706 0.793182
vn -0.279909 -0.370085 0.885826
vn -0.218853 -0.218853 0.950898
vn -0.412186 -0.735180 0.538157
vn -0.360547 -0.643075 0.675619
vn -0.092113 -0.121788 0.988273
vn -0.297819 -0.531193 -0.793182
vn -0.074676 -0.133194 -0.988273
vn -0.151360 -0.269968 -0.950898
vn -0.360547 -0.643075 -0.675619
vn -0.412186 -0.735180 -0.538157
vn -0.226924 -0.404744 -0.885826
vn -0.450835 -0.804114 -0.387490
vn -0.475820 -0.848677 -0.230959
vn -0.487646 -0.869771 -0.075490
vn -0.487646 -0.869771 0.075490
vn -0.475820 -0.848677 0.230959
vn -0.450835 -0.804114 0.387490
vn -0.297819 -0.531193 0.793182
vn -0.226924 -0.404744 0.885826
vn -0.186703 -0.246850 0.950898
vn -0.310247 -0.783667 0.538157
vn -0.271378 -0.685488 0.675619
vn -0.074676 -0.133194 0.988273
vn -0.056208 -0.141978 -0.988273
vn -0.113927 -0.287773 -0.950898
vn -0.310247 -0.783667 -0.538157
vn -0.170802 -0.431438 -0.885826
vn -0.339337 -0.857147 -0.387490
vn -0.358143 -0.904650 -0.230959
vn -0.367044 -0.927135 -0.075490
vn -0.367044 -0.927135 0.075490
vn -0.358143 -0.904650 0.230959
vn -0.339337 -0.857147 0.387490
vn -0.224164 -0.566227 0.793182
vn -0.170802 -0.431438 0.885826
vn -0.151361 -0.269968 0.950898
vn -0.205698 -0.817359 0.538157
vn -0.179928 -0.714958 0.675619
vn -0.056208 -0.141978 0.988273
vn -0.179928 -0.714958 -0.675619
vn -0.037267 -0.148082 -0.988273
vn -0.075535 -0.300145 -0.950898
vn -0.205698 -0.817359 -0.538157
vn -0.224986 -0.893998 -0.387490
vn -0.113244 -0.449986 -0.885826
vn -0.237454 -0.943543 -0.230959
vn -0.243356 -0.966995 -0.075490
vn -0.243356 -0.966995 0.075490
vn -0.237454 -0.943543 0.230959
vn -0.224985 -0.893998 0.387490
vn -0.148624 -0.590570 0.793182
vn -0.113244 -0.449986 0.885826
vn -0.113927 -0.287773 0.950898
vn -0.075535 -0.300146 0.950898
vn -0.037252 -0.307254 0.950898
vn -0.037267 -0.148082 0.988273
vn -0.101445 -0.836718 0.538157
vn -0.088736 -0.731892 0.675619
vn -0.073298 -0.604558 -0.793182
vn -0.037252 -0.307254 -0.950898
vn -0.018379 -0.151589 -0.988273
vn -0.088736 -0.731892 -0.675619
vn -0.101445 -0.836718 -0.538157
vn -0.055849 -0.460644 -0.885826
vn -0.110957 -0.915172 -0.387490
vn -0.117106 -0.965890 -0.230959
vn -0.120017 -0.989898 -0.075490
vn -0.120017 -0.989898 0.075490
vn -0.117106 -0.965890 0.230959
vn -0.110957 -0.915172 0.387490
vn -0.073298 -0.604557 0.793182
vn -0.055849 -0.460644 0.885826
vn 0.000000 -0.737251 0.675619
vn 0.000000 -0.842845 0.538157
vn -0.018379 -0.151589 0.988273
vn 0.000000 -0.608985 -0.793182
vn 0.000000 -0.309504 -0.950898
vn 0.000000 -0.152700 -0.988273
vn 0.000000 -0.737251 -0.675619
vn 0.000000 -0.842845 -0.538157
vn 0.000000 -0.464017 -0.885826
vn 0.000000 -0.921874 -0.387490
vn 0.000000 -0.972963 -0.230959
vn 0.000000 -0.997147 -0.075490
vn 0.000000 -0.997147 0.075490
vn 0.000000 -0.972963 0.230959
vn 0.000000 -0.921874 0.387490
vn 0.000000 -0.608985 0.793182
vn 0.000000 -0.464017 0.885826
vn 0.088736 -0.731892 0.675619
vn 0.000000 -0.309504 0.950898
vn 0.000000 -0.152700 0.988273
vn 0.055849 -0.460644 -0.885826
vn 0.073298 -0.604558 -0.793182
vn 0.037252 -0.307254 -0.950898
vn 0.018379 -0.151589 -0.988273
vn 0.088736 -0.731892 -0.675619
vn 0.101445 -0.836718 -0.538157
vn 0.110957 -0.915172 -0.387490
vn 0.117106 -0.965890 -0.230959
vn 0.120017 -0.989898 -0.075490
vn 0.120017 -0.989898 0.075490
vn 0.117106 -0.965890 0.230959
vn 0.110957 -0.915172 0.387490
vn 0.101445 -0.836718 0.538157
vn 0.073298 -0.604557 0.793182
vn 0.055849 -0.460644 0.885826
vn 0.037252 -0.307254 0.950898
vn 0.148624 -0.590570 0.793182
vn 0.148624 -0.590570 -0.793182
vn 0.113244 -0.449986 -0.885826
vn 0.075535 -0.300145 -0.950898
vn 0.037267 -0.148082 -0.988273
vn 0.179928 -0.714958 -0.675619
vn 0.205698 -0.817359 -0.538157
vn 0.224985 -0.893998 -0.387490
vn 0.237454 -0.943543 -0.230959
vn 0.243356 -0.966995 -0.075490
vn 0.243356 -0.966995 0.075490
vn 0.237454 -0.943543 0.230959
vn 0.224985 -0.893998 0.387490
vn 0.205698 -0.817359 0.538157
vn 0.179928 -0.714958 0.675619
vn 0.113244 -0.449986 0.885826
vn 0.075535 -0.300146 0.950898
vn 0.224164 -0.566227 0.793182
vn 0.018379 -0.151589 0.988273
vn 0.224164 -0.566227 -0.793182
vn 0.170802 -0.431438 -0.885826
vn 0.113927 -0.287773 -0.950898
vn 0.056208 -0.141978 -0.988273
vn 0.271378 -0.685488 -0.675619
vn 0.310247 -0.783667 -0.538157
vn 0.339337 -0.857147 -0.387490
vn 0.358143 -0.904650 -0.230959
vn 0.367044 -0.927135 -0.075490
vn 0.367044 -0.927135 0.075490
vn 0.358143 -0.904650 0.230959
vn 0.339337 -0.857147 0.387490
vn 0.310247 -0.783667 0.538157
vn 0.271378 -0.685488 0.675619
vn 0.170802 -0.431438 0.885826
vn 0.113927 -0.287773 0.950898
vn 0.297819 -0.531193 0.793182
vn 0.037267 -0.148082 0.988273
vn 0.297819 -0.531193 -0.793182
vn 0.226924 -0.404744 -0.885826
vn 0.151360 -0.269968 -0.950898
vn 0.074676 -0.133194 -0.988273
vn 0.360547 -0.643075 -0.675619
vn 0.412186 -0.735180 -0.538157
vn 0.450835 -0.804114 -0.387490
vn 0.475820 -0.848677 -0.230959
vn 0.487646 -0.869771 -0.075490
vn 0.487646 -0.869771 0.075490
vn 0.475820 -0.848677 0.230959
vn 0.450835 -0.804114 0.387490
vn 0.412186 -0.735180 0.538157
vn 0.360547 -0.643075 0.675619
vn 0.226924 -0.404744 0.885826
vn 0.151361 -0.269968 0.950898
vn 0.367358 -0.485706 0.793182
vn 0.056208 -0.141978 0.988273
vn 0.279909 -0.370085 -0.885826
vn 0.186702 -0.246850 -0.950898
vn 0.092113 -0.121788 -0.988273
vn 0.444733 -0.588007 -0.675619
vn 0.508430 -0.672225 -0.538157
vn 0.556102 -0.735256 -0.387490
vn 0.586922 -0.776003 -0.230959
vn 0.601509 -0.795291 -0.075490
vn 0.601509 -0.795291 0.075490
vn 0.586922 -0.776003 0.230959
vn 0.556103 -0.735256 0.387490
vn 0.508430 -0.672225 0.538157
vn 0.444732 -0.588007 0.675619
vn 0.279909 -0.370085 0.885826
vn 0.186702 -0.246850 0.950898
vn 0.430617 -0.430617 0.793182
vn 0.074676 -0.133194 0.988273
vn 0.521315 -0.521315 -0.675619
vn 0.218852 -0.218853 -0.950898
vn 0.107975 -0.107975 -0.988273
vn 0.595981 -0.595981 -0.538157
vn 0.651863 -0.651863 -0.387490
vn 0.687989 -0.687989 -0.230959
vn 0.705089 -0.705089 -0.075490
vn 0.705089 -0.705089 0.075490
vn 0.687989 -0.687989 0.230959
vn 0.651863 -0.651863 0.387490
vn 0.595981 -0.595981 0.538157
vn 0.521315 -0.521315 0.675619
vn 0.328110 -0.328110 0.885826
vn 0.218853 -0.218853 0.950898
vn 0.485706 -0.367358 0.793182
vn 0.370085 -0.279909 0.885826
vn 0.107975 -0.107975 0.988273
vn 0.092113 -0.121788 0.988273
vn 0.370085 -0.279909 -0.885826
vn 0.121788 -0.092113 -0.988273
vn 0.246850 -0.186702 -0.950898
vn 0.485706 -0.367358 -0.793182
vn 0.588007 -0.444733 -0.675619
vn 0.672225 -0.508430 -0.538157
vn 0.735256 -0.556103 -0.387490
vn 0.776003 -0.586921 -0.230959
vn 0.795291 -0.601509 -0.075490
vn 0.795291 -0.601509 0.075490
vn 0.776003 -0.586921 0.230959
vn 0.735256 -0.556103 0.387490
vn 0.672225 -0.508430 0.538157
vn 0.588007 -0.444733 0.675619
vn 0.246850 -0.186702 0.950898
vn 0.404744 -0.226924 0.885826
vn 0.269968 -0.151361 0.950898
vn 0.404744 -0.226924 -0.885826
vn 0.133194 -0.074676 -0.988273
vn 0.269968 -0.151360 -0.950898
vn 0.531193 -0.297819 -0.793182
vn 0.643075 -0.360546 -0.675619
vn 0.735180 -0.412186 -0.538157
vn 0.804114 -0.450835 -0.387490
vn 0.848678 -0.475819 -0.230959
vn 0.869772 -0.487646 -0.075490
vn 0.869771 -0.487646 0.075490
vn 0.848678 -0.475819 0.230959
vn 0.804114 -0.450835 0.387490
vn 0.735180 -0.412186 0.538157
vn 0.643075 -0.360547 0.675619
vn 0.531193 -0.297819 0.793182
vn 0.121788 -0.092113 0.988273
vn 0.431438 -0.170802 0.885826
vn 0.287773 -0.113927 0.950898
vn 0.141978 -0.056208 -0.988273
vn 0.287773 -0.113927 -0.950898
vn 0.685488 -0.271378 -0.675619
vn 0.783667 -0.310247 -0.538157
vn 0.857147 -0.339337 -0.387490
vn 0.904650 -0.358143 -0.230959
vn 0.927135 -0.367044 -0.075490
vn 0.927135 -0.367044 0.075490
vn 0.904650 -0.358143 0.230959
vn 0.857147 -0.339337 0.387490
vn 0.783667 -0.310247 0.538157
vn 0.685488 -0.271378 0.675619
vn 0.566227 -0.224164 0.793182
vn 0.133194 -0.074676 0.988273
vn 0.449986 -0.113244 0.885826
vn 0.300146 -0.075535 0.950898
vn 0.590570 -0.148624 -0.793182
vn 0.148082 -0.037267 -0.988273
vn 0.714958 -0.179928 -0.675619
vn 0.817359 -0.205698 -0.538157
vn 0.893998 -0.224985 -0.387490
vn 0.943543 -0.237454 -0.230959
vn 0.966995 -0.243356 -0.075490
vn 0.966995 -0.243356 0.075490
vn 0.943543 -0.237454 0.230959
vn 0.893998 -0.224985 0.387490
vn 0.817359 -0.205698 0.538157
vn 0.714958 -0.179928 0.675619
vn 0.590570 -0.148624 0.793182
vn 0.141978 -0.056208 0.988273
vn 0.148082 -0.037267 0.988273
vn 0.460644 -0.055849 -0.885826
vn 0.604558 -0.073298 -0.793182
vn 0.731892 -0.088736 -0.675619
vn 0.836718 -0.101445 -0.538157
vn 0.915172 -0.110957 -0.387490
vn 0.965890 -0.117106 -0.230959
vn 0.989898 -0.120017 -0.075490
vn 0.989898 -0.120017 0.075490
vn 0.965890 -0.117106 0.230959
vn 0.915172 -0.110957 0.387490
vn 0.836718 -0.101445 0.538157
vn 0.731892 -0.088736 0.675619
vn 0.604557 -0.073298 0.793182
vn 0.460644 -0.055849 0.885826
vn 0.307254 -0.037252 0.950898
vn 0.151589 -0.018379 0.988273
vn 0.464017 0.000000 -0.885826
vn 0.608985 -0.000000 -0.793182
vn 0.737251 -0.000000 -0.675619
vn 0.842845 -0.000000 -0.538157
vn 0.921874 0.000000 -0.387490
vn 0.972963 -0.000000 -0.230959
vn 0.997147 -0.000000 -0.075490
vn 0.997147 0.000000 0.075490
vn 0.972963 0.000000 0.230959
vn 0.921874 0.000000 0.387490
vn 0.842845 -0.000000 0.538157
vn 0.737251 -0.000000 0.675619
vn 0.608985 -0.000000 0.793182
vn 0.464017 0.000000 0.885826
vn 0.309504 -0.000000 0.950898
vn 0.152700 -0.000000 0.988273

g brep_4
usemtl mat-1
f 2599//2710 2600//2711 2601//2712
f 2599//2710 2602//2713 2603//2714
f 2600//2711 2599//2710 2603//2714
f 2604//2715 2605//2716 2602//2713
f 2606//2717 2605//2716 2604//2715
f 2604//2715 2607//2718 2606//2717
f 2607//2718 2608//2719 2606//2717
f 2607//2718 2609//2720 2608//2719
f 2608//2719 2609//2720 2610//2721
f 2610//2721 2609//2720 2611//2722
f 2611//2722 2612//2723 2610//2721
f 2602//2713 2605//2716 2603//2714
f 2613//2724 2614//2725 2612//2723
f 2613//2724 2615//2726 2614//2725
f 2614//2725 2615//2726 2616//2727
f 2616//2727 2615//2726 2617//2728
f 2611//2722 2613//2724 2612//2723
f 2618//2729 2619//2730 2617//2728
f 2611//2722 2620//2731 2613//2724
f 2617//2728 2619//2730 2616//2727
f 2621//2732 2622//2733 2623//2734
f 2601//2712 2600//2711 2622//2733
f 2623//2734 2624//2735 2625//2736
f 2601//2712 2622//2733 2621//2732
f 2626//2737 2624//2735 2627//2738
f 2625//2736 2621//2732 2623//2734
f 2628//2739 2629//2740 2627//2738
f 2624//2735 2626//2737 2625//2736
f 2629//2740 2628//2739 2630//2741
f 2631//2742 2632//2743 2633//2744
f 2634//2745 2630//2741 2628//2739
f 2635//2746 2636//2747 2637//2748
f 2630//2741 2634//2745 2638//2749
f 2639//2750 2640//2751 2641//2752
f 2642//2753 2643//2754 2644//2755
f 2637//2748 2645//2756 2646//2757
f 2636//2747 2647//2758 2645//2756
f 2647//2758 2638//2749 2648//2759
f 2634//2745 2648//2759 2638//2749
f 2649//2760 2650//2761 2625//2736
f 2626//2737 2627//2738 2629//2740
f 2630//2741 2651//2762 2652//2763
f 2650//2761 2653//2764 2621//2732
f 2630//2741 2652//2763 2629//2740
f 2653//2764 2654//2765 2601//2712
f 2652//2763 2655//2766 2629//2740
f 2654//2765 2656//2767 2599//2710
f 2655//2766 2626//2737 2629//2740
f 2656//2767 2657//2768 2602//2713
f 2649//2760 2625//2736 2626//2737
f 2657//2768 2658//2769 2604//2715
f 2650//2761 2621//2732 2625//2736
f 2658//2769 2659//2770 2607//2718
f 2653//2764 2601//2712 2621//2732
f 2659//2770 2660//2771 2609//2720
f 2654//2765 2599//2710 2601//2712
f 2660//2771 2620//2731 2611//2722
f 2656//2767 2602//2713 2599//2710
f 2620//2731 2661//2772 2613//2724
f 2657//2768 2604//2715 2602//2713
f 2661//2772 2662//2773 2615//2726
f 2658//2769 2607//2718 2604//2715
f 2662//2773 2663//2774 2617//2728
f 2659//2770 2609//2720 2607//2718
f 2664//2775 2620//2731 2660//2771
f 2660//2771 2611//2722 2609//2720
f 2663//2774 2665//2776 2618//2729
f 2666//2777 2618//2729 2667//2778
f 2618//2729 2666//2777 2619//2730
f 2613//2724 2661//2772 2615//2726
f 2615//2726 2662//2773 2617//2728
f 2668//2779 2667//2778 2669//2780
f 2666//2777 2667//2778 2668//2779
f 2647//2758 2651//2762 2638//2749
f 2630//2741 2638//2749 2651//2762
f 2670//2781 2671//2782 2650//2761
f 2649//2760 2626//2737 2655//2766
f 2652//2763 2672//2783 2673//2784
f 2671//2782 2674//2785 2653//2764
f 2652//2763 2673//2784 2655//2766
f 2674//2785 2675//2786 2654//2765
f 2673//2784 2676//2787 2655//2766
f 2675//2786 2677//2788 2656//2767
f 2676//2787 2649//2760 2655//2766
f 2677//2788 2678//2789 2657//2768
f 2670//2781 2650//2761 2649//2760
f 2678//2789 2679//2790 2658//2769
f 2671//2782 2653//2764 2650//2761
f 2679//2790 2680//2791 2659//2770
f 2674//2785 2654//2765 2653//2764
f 2680//2791 2664//2775 2660//2771
f 2675//2786 2656//2767 2654//2765
f 2664//2775 2681//2792 2620//2731
f 2677//2788 2657//2768 2656//2767
f 2681//2792 2682//2793 2661//2772
f 2678//2789 2658//2769 2657//2768
f 2682//2793 2683//2794 2662//2773
f 2679//2790 2659//2770 2658//2769
f 2683//2794 2684//2795 2663//2774
f 2680//2791 2660//2771 2659//2770
f 2685//2796 2681//2792 2664//2775
f 2684//2795 2686//2797 2665//2776
f 2663//2774 2618//2729 2617//2728
f 2681//2792 2661//2772 2620//2731
f 2682//2793 2662//2773 2661//2772
f 2669//2780 2667//2778 2665//2776
f 2618//2729 2665//2776 2667//2778
f 2663//2774 2662//2773 2683//2794
f 2669//2780 2687//2798 2668//2779
f 2647//2758 2672//2783 2651//2762
f 2652//2763 2651//2762 2672//2783
f 2688//2799 2689//2800 2671//2782
f 2670//2781 2649//2760 2676//2787
f 2673//2784 2690//2801 2691//2802
f 2689//2800 2692//2803 2674//2785
f 2673//2784 2691//2802 2676//2787
f 2692//2803 2693//2804 2675//2786
f 2691//2802 2694//2805 2676//2787
f 2693//2804 2695//2806 2677//2788
f 2694//2805 2670//2781 2676//2787
f 2695//2806 2696//2807 2678//2789
f 2688//2799 2671//2782 2670//2781
f 2696//2807 2697//2808 2679//2790
f 2689//2800 2674//2785 2671//2782
f 2697//2808 2698//2809 2680//2791
f 2692//2803 2675//2786 2674//2785
f 2698//2809 2685//2796 2664//2775
f 2693//2804 2677//2788 2675//2786
f 2685//2796 2699//2810 2681//2792
f 2695//2806 2678//2789 2677//2788
f 2699//2810 2700//2811 2682//2793
f 2696//2807 2679//2790 2678//2789
f 2700//2811 2701//2812 2683//2794
f 2697//2808 2680//2791 2679//2790
f 2701//2812 2702//2813 2684//2795
f 2698//2809 2664//2775 2680//2791
f 2703//2814 2704//2815 2699//2810
f 2702//2813 2705//2816 2686//2797
f 2684//2795 2665//2776 2663//2774
f 2699//2810 2682//2793 2681//2792
f 2700//2811 2683//2794 2682//2793
f 2687//2798 2669//2780 2686//2797
f 2665//2776 2686//2797 2669//2780
f 2684//2795 2683//2794 2701//2812
f 2687//2798 2706//2817 2668//2779
f 2647//2758 2690//2801 2672//2783
f 2673//2784 2672//2783 2690//2801
f 2689//2800 2688//2799 2707//2818
f 2688//2799 2670//2781 2694//2805
f 2691//2802 2708//2819 2709//2820
f 2692//2803 2689//2800 2710//2821
f 2691//2802 2709//2820 2694//2805
f 2693//2804 2692//2803 2711//2822
f 2709//2820 2712//2823 2694//2805
f 2695//2806 2693//2804 2713//2824
f 2712//2823 2707//2818 2688//2799
f 2696//2807 2695//2806 2714//2825
f 2707//2818 2710//2821 2689//2800
f 2697//2808 2696//2807 2715//2826
f 2710//2821 2711//2822 2692//2803
f 2698//2809 2697//2808 2716//2827
f 2711//2822 2713//2824 2693//2804
f 2685//2796 2698//2809 2717//2828
f 2713//2824 2714//2825 2695//2806
f 2699//2810 2685//2796 2703//2814
f 2714//2825 2715//2826 2696//2807
f 2700//2811 2699//2810 2704//2815
f 2715//2826 2716//2827 2697//2808
f 2701//2812 2700//2811 2718//2829
f 2716//2827 2717//2828 2698//2809
f 2702//2813 2701//2812 2719//2830
f 2717//2828 2703//2814 2685//2796
f 2705//2816 2702//2813 2720//2831
f 2718//2829 2721//2832 2722//2833
f 2702//2813 2686//2797 2684//2795
f 2704//2815 2718//2829 2700//2811
f 2718//2829 2719//2830 2701//2812
f 2706//2817 2687//2798 2705//2816
f 2686//2797 2705//2816 2687//2798
f 2720//2831 2702//2813 2719//2830
f 2706//2817 2723//2834 2668//2779
f 2647//2758 2708//2819 2690//2801
f 2691//2802 2690//2801 2708//2819
f 2707//2818 2724//2835 2710//2821
f 2712//2823 2688//2799 2694//2805
f 2709//2820 2725//2836 2726//2837
f 2710//2821 2727//2838 2711//2822
f 2709//2820 2726//2837 2712//2823
f 2711//2822 2728//2839 2713//2824
f 2726//2837 2729//2840 2712//2823
f 2713//2824 2730//2841 2714//2825
f 2729//2840 2724//2835 2707//2818
f 2714//2825 2731//2842 2715//2826
f 2724//2835 2727//2838 2710//2821
f 2715//2826 2732//2843 2716//2827
f 2727//2838 2728//2839 2711//2822
f 2716//2827 2733//2844 2717//2828
f 2728//2839 2730//2841 2713//2824
f 2717//2828 2734//2845 2703//2814
f 2730//2841 2731//2842 2714//2825
f 2703//2814 2735//2846 2704//2815
f 2731//2842 2732//2843 2715//2826
f 2704//2815 2721//2832 2718//2829
f 2732//2843 2733//2844 2716//2827
f 2718//2829 2722//2833 2719//2830
f 2733//2844 2734//2845 2717//2828
f 2719//2830 2736//2847 2720//2831
f 2734//2845 2735//2846 2703//2814
f 2720//2831 2737//2848 2738//2849
f 2735//2846 2721//2832 2704//2815
f 2722//2833 2739//2850 2740//2851
f 2706//2817 2705//2816 2738//2849
f 2720//2831 2738//2849 2705//2816
f 2719//2830 2722//2833 2736//2847
f 2720//2831 2736//2847 2737//2848
f 2723//2834 2741//2852 2668//2779
f 2706//2817 2738//2849 2723//2834
f 2647//2758 2725//2836 2708//2819
f 2709//2820 2708//2819 2725//2836
f 2724//2835 2742//2853 2727//2838
f 2729//2840 2707//2818 2712//2823
f 2726//2837 2743//2854 2744//2855
f 2727//2838 2745//2856 2728//2839
f 2726//2837 2744//2855 2729//2840
f 2728//2839 2746//2857 2730//2841
f 2744//2855 2747//2858 2729//2840
f 2730//2841 2748//2859 2731//2842
f 2747//2858 2742//2853 2724//2835
f 2731//2842 2749//2860 2732//2843
f 2742//2853 2745//2856 2727//2838
f 2732//2843 2750//2861 2733//2844
f 2745//2856 2746//2857 2728//2839
f 2733//2844 2751//2862 2734//2845
f 2746//2857 2748//2859 2730//2841
f 2734//2845 2752//2863 2735//2846
f 2748//2859 2749//2860 2731//2842
f 2735//2846 2753//2864 2721//2832
f 2749//2860 2750//2861 2732//2843
f 2721//2832 2739//2850 2722//2833
f 2750//2861 2751//2862 2733//2844
f 2722//2833 2740//2851 2736//2847
f 2751//2862 2752//2863 2734//2845
f 2736//2847 2754//2865 2737//2848
f 2752//2863 2753//2864 2735//2846
f 2737//2848 2755//2866 2756//2867
f 2753//2864 2739//2850 2721//2832
f 2740//2851 2757//2868 2758//2869
f 2723//2834 2738//2849 2756//2867
f 2737//2848 2756//2867 2738//2849
f 2736//2847 2740//2851 2754//2865
f 2737//2848 2754//2865 2755//2866
f 2741//2852 2759//2870 2668//2779
f 2723//2834 2756//2867 2741//2852
f 2647//2758 2743//2854 2725//2836
f 2726//2837 2725//2836 2743//2854
f 2742//2853 2760//2871 2745//2856
f 2747//2858 2724//2835 2729//2840
f 2744//2855 2761//2872 2762//2873
f 2745//2856 2763//2874 2746//2857
f 2744//2855 2762//2873 2747//2858
f 2746//2857 2764//2875 2748//2859
f 2762//2873 2765//2876 2747//2858
f 2748//2859 2766//2877 2749//2860
f 2765//2876 2760//2871 2742//2853
f 2749//2860 2767//2878 2750//2861
f 2760//2871 2763//2874 2745//2856
f 2750//2861 2768//2879 2751//2862
f 2763//2874 2764//2875 2746//2857
f 2751//2862 2769//2880 2752//2863
f 2764//2875 2766//2877 2748//2859
f 2752//2863 2770//2881 2753//2864
f 2766//2877 2767//2878 2749//2860
f 2753//2864 2771//2882 2739//2850
f 2767//2878 2768//2879 2750//2861
f 2739//2850 2757//2868 2740//2851
f 2768//2879 2769//2880 2751//2862
f 2740//2851 2758//2869 2754//2865
f 2769//2880 2770//2881 2752//2863
f 2754//2865 2772//2883 2755//2866
f 2770//2881 2771//2882 2753//2864
f 2755//2866 2773//2884 2774//2885
f 2771//2882 2757//2868 2739//2850
f 2758//2869 2775//2886 2776//2887
f 2741//2852 2756//2867 2774//2885
f 2755//2866 2774//2885 2756//2867
f 2754//2865 2758//2869 2772//2883
f 2755//2866 2772//2883 2773//2884
f 2759//2870 2777//2888 2668//2779
f 2741//2852 2774//2885 2759//2870
f 2647//2758 2761//2872 2743//2854
f 2744//2855 2743//2854 2761//2872
f 2760//2871 2644//2755 2763//2874
f 2765//2876 2742//2853 2747//2858
f 2762//2873 2778//2889 2779//2890
f 2763//2874 2643//2754 2764//2875
f 2762//2873 2779//2890 2765//2876
f 2764//2875 2780//2891 2766//2877
f 2779//2890 2781//2892 2765//2876
f 2766//2877 2782//2893 2767//2878
f 2781//2892 2644//2755 2760//2871
f 2767//2878 2783//2894 2768//2879
f 2644//2755 2643//2754 2763//2874
f 2768//2879 2784//2895 2769//2880
f 2643//2754 2780//2891 2764//2875
f 2769//2880 2785//2896 2770//2881
f 2780//2891 2782//2893 2766//2877
f 2770//2881 2786//2897 2771//2882
f 2782//2893 2783//2894 2767//2878
f 2771//2882 2787//2898 2757//2868
f 2783//2894 2784//2895 2768//2879
f 2757//2868 2775//2886 2758//2869
f 2784//2895 2785//2896 2769//2880
f 2758//2869 2776//2887 2772//2883
f 2785//2896 2786//2897 2770//2881
f 2772//2883 2788//2899 2773//2884
f 2786//2897 2787//2898 2771//2882
f 2773//2884 2789//2900 2790//2901
f 2787//2898 2775//2886 2757//2868
f 2776//2887 2791//2902 2792//2903
f 2759//2870 2774//2885 2790//2901
f 2773//2884 2790//2901 2774//2885
f 2772//2883 2776//2887 2788//2899
f 2773//2884 2788//2899 2789//2900
f 2777//2888 2793//2904 2668//2779
f 2759//2870 2790//2901 2777//2888
f 2647//2758 2778//2889 2761//2872
f 2762//2873 2761//2872 2778//2889
f 2794//2905 2780//2891 2643//2754
f 2781//2892 2760//2871 2765//2876
f 2779//2890 2795//2906 2796//2907
f 2797//2908 2782//2893 2780//2891
f 2779//2890 2796//2907 2781//2892
f 2798//2909 2783//2894 2782//2893
f 2796//2907 2799//2910 2781//2892
f 2800//2911 2784//2895 2783//2894
f 2799//2910 2642//2753 2644//2755
f 2801//2912 2785//2896 2784//2895
f 2642//2753 2794//2905 2643//2754
f 2802//2913 2786//2897 2785//2896
f 2794//2905 2797//2908 2780//2891
f 2803//2914 2787//2898 2786//2897
f 2797//2908 2798//2909 2782//2893
f 2804//2915 2775//2886 2787//2898
f 2798//2909 2800//2911 2783//2894
f 2791//2902 2776//2887 2775//2886
f 2800//2911 2801//2912 2784//2895
f 2792//2903 2788//2899 2776//2887
f 2801//2912 2802//2913 2785//2896
f 2805//2916 2789//2900 2788//2899
f 2802//2913 2803//2914 2786//2897
f 2806//2917 2807//2918 2789//2900
f 2803//2914 2804//2915 2787//2898
f 2808//2919 2809//2920 2810//2921
f 2804//2915 2791//2902 2775//2886
f 2792//2903 2811//2922 2812//2923
f 2777//2888 2790//2901 2807//2918
f 2789//2900 2807//2918 2790//2901
f 2788//2899 2792//2903 2805//2916
f 2789//2900 2805//2916 2806//2917
f 2793//2904 2810//2921 2668//2779
f 2777//2888 2807//2918 2793//2904
f 2647//2758 2795//2906 2778//2889
f 2779//2890 2778//2889 2795//2906
f 2794//2905 2642//2753 2813//2924
f 2799//2910 2644//2755 2781//2892
f 2814//2925 2796//2907 2815//2926
f 2797//2908 2794//2905 2816//2927
f 2799//2910 2796//2907 2814//2925
f 2798//2909 2797//2908 2817//2928
f 2799//2910 2814//2925 2818//2929
f 2800//2911 2798//2909 2819//2930
f 2642//2753 2818//2929 2813//2924
f 2801//2912 2800//2911 2820//2931
f 2794//2905 2813//2924 2816//2927
f 2802//2913 2801//2912 2821//2932
f 2797//2908 2816//2927 2817//2928
f 2803//2914 2802//2913 2822//2933
f 2798//2909 2817//2928 2819//2930
f 2804//2915 2803//2914 2823//2934
f 2800//2911 2819//2930 2820//2931
f 2791//2902 2804//2915 2824//2935
f 2801//2912 2820//2931 2821//2932
f 2792//2903 2791//2902 2811//2922
f 2802//2913 2821//2932 2822//2933
f 2805//2916 2792//2903 2812//2923
f 2803//2914 2822//2933 2823//2934
f 2806//2917 2805//2916 2825//2936
f 2804//2915 2823//2934 2824//2935
f 2808//2919 2806//2917 2826//2937
f 2791//2902 2824//2935 2811//2922
f 2827//2938 2812//2923 2828//2939
f 2793//2904 2807//2918 2808//2919
f 2806//2917 2808//2919 2807//2918
f 2805//2916 2812//2923 2825//2936
f 2806//2917 2825//2936 2826//2937
f 2810//2921 2829//2940 2668//2779
f 2793//2904 2808//2919 2810//2921
f 2647//2758 2815//2926 2795//2906
f 2796//2907 2795//2906 2815//2926
f 2816//2927 2813//2924 2830//2941
f 2818//2929 2642//2753 2799//2910
f 2831//2942 2814//2925 2832//2943
f 2817//2928 2816//2927 2833//2944
f 2818//2929 2814//2925 2831//2942
f 2819//2930 2817//2928 2834//2945
f 2818//2929 2831//2942 2835//2946
f 2820//2931 2819//2930 2836//2947
f 2813//2924 2835//2946 2830//2941
f 2821//2932 2820//2931 2837//2948
f 2816//2927 2830//2941 2833//2944
f 2822//2933 2821//2932 2838//2949
f 2817//2928 2833//2944 2834//2945
f 2823//2934 2822//2933 2839//2950
f 2819//2930 2834//2945 2836//2947
f 2824//2935 2823//2934 2840//2951
f 2820//2931 2836//2947 2837//2948
f 2811//2922 2824//2935 2841//2952
f 2821//2932 2837//2948 2838//2949
f 2812//2923 2811//2922 2828//2939
f 2822//2933 2838//2949 2839//2950
f 2825//2936 2812//2923 2827//2938
f 2823//2934 2839//2950 2840//2951
f 2826//2937 2825//2936 2842//2953
f 2824//2935 2840//2951 2841//2952
f 2809//2920 2826//2937 2843//2954
f 2811//2922 2841//2952 2828//2939
f 2844//2955 2842//2953 2827//2938
f 2829//2940 2809//2920 2845//2956
f 2826//2937 2809//2920 2808//2919
f 2825//2936 2827//2938 2842//2953
f 2826//2937 2842//2953 2843//2954
f 2829//2940 2846//2957 2668//2779
f 2810//2921 2809//2920 2829//2940
f 2647//2758 2832//2943 2815//2926
f 2814//2925 2815//2926 2832//2943
f 2847//2958 2848//2959 2830//2941
f 2835//2946 2813//2924 2818//2929
f 2849//2960 2831//2942 2850//2961
f 2848//2959 2851//2962 2833//2944
f 2835//2946 2831//2942 2849//2960
f 2851//2962 2852//2963 2834//2945
f 2830//2941 2835//2946 2847//2958
f 2852//2963 2853//2964 2836//2947
f 2833//2944 2830//2941 2848//2959
f 2853//2964 2854//2965 2837//2948
f 2834//2945 2833//2944 2851//2962
f 2854//2965 2855//2966 2838//2949
f 2836//2947 2834//2945 2852//2963
f 2855//2966 2856//2967 2839//2950
f 2837//2948 2836//2947 2853//2964
f 2856//2967 2857//2968 2840//2951
f 2838//2949 2837//2948 2854//2965
f 2857//2968 2858//2969 2841//2952
f 2839//2950 2838//2949 2855//2966
f 2858//2969 2859//2970 2828//2939
f 2840//2951 2839//2950 2856//2967
f 2859//2970 2844//2955 2827//2938
f 2841//2952 2840//2951 2857//2968
f 2844//2955 2860//2971 2842//2953
f 2828//2939 2841//2952 2858//2969
f 2860//2971 2861//2972 2843//2954
f 2827//2938 2828//2939 2859//2970
f 2861//2972 2862//2973 2845//2956
f 2860//2971 2863//2974 2861//2972
f 2843//2954 2845//2956 2809//2920
f 2843//2954 2842//2953 2860//2971
f 2845//2956 2843//2954 2861//2972
f 2829//2940 2845//2956 2846//2957
f 2832//2943 2647//2758 2850//2961
f 2831//2942 2832//2943 2850//2961
f 2864//2975 2848//2959 2865//2976
f 2849//2960 2847//2958 2835//2946
f 2866//2977 2849//2960 2867//2978
f 2868//2979 2851//2962 2864//2975
f 2847//2958 2849//2960 2866//2977
f 2869//2980 2852//2963 2868//2979
f 2848//2959 2847//2958 2865//2976
f 2870//2981 2853//2964 2869//2980
f 2851//2962 2848//2959 2864//2975
f 2871//2982 2854//2965 2870//2981
f 2852//2963 2851//2962 2868//2979
f 2872//2983 2855//2966 2871//2982
f 2853//2964 2852//2963 2869//2980
f 2873//2984 2856//2967 2872//2983
f 2854//2965 2853//2964 2870//2981
f 2874//2985 2857//2968 2873//2984
f 2855//2966 2854//2965 2871//2982
f 2875//2986 2858//2969 2874//2985
f 2856//2967 2855//2966 2872//2983
f 2876//2987 2859//2970 2875//2986
f 2857//2968 2856//2967 2873//2984
f 2877//2988 2844//2955 2876//2987
f 2858//2969 2857//2968 2874//2985
f 2863//2974 2860//2971 2877//2988
f 2859//2970 2858//2969 2875//2986
f 2878//2989 2861//2972 2863//2974
f 2844//2955 2859//2970 2876//2987
f 2879//2990 2862//2973 2878//2989
f 2860//2971 2844//2955 2877//2988
f 2863//2974 2880//2991 2878//2989
f 2881//2992 2846//2957 2862//2973
f 2845//2956 2862//2973 2846//2957
f 2878//2989 2862//2973 2861//2972
f 2668//2779 2846//2957 2881//2992
f 2850//2961 2647//2758 2867//2978
f 2849//2960 2850//2961 2867//2978
f 2882//2993 2864//2975 2883//2994
f 2866//2977 2865//2976 2847//2958
f 2884//2995 2866//2977 2885//2996
f 2886//2997 2868//2979 2882//2993
f 2865//2976 2866//2977 2884//2995
f 2887//2998 2869//2980 2886//2997
f 2864//2975 2865//2976 2883//2994
f 2888//2999 2870//2981 2887//2998
f 2868//2979 2864//2975 2882//2993
f 2889//3000 2871//2982 2888//2999
f 2869//2980 2868//2979 2886//2997
f 2890//3001 2872//2983 2889//3000
f 2870//2981 2869//2980 2887//2998
f 2891//3002 2873//2984 2890//3001
f 2871//2982 2870//2981 2888//2999
f 2892//3003 2874//2985 2891//3002
f 2872//2983 2871//2982 2889//3000
f 2893//3004 2875//2986 2892//3003
f 2873//2984 2872//2983 2890//3001
f 2894//3005 2876//2987 2893//3004
f 2874//2985 2873//2984 2891//3002
f 2895//3006 2877//2988 2894//3005
f 2875//2986 2874//2985 2892//3003
f 2880//2991 2863//2974 2895//3006
f 2876//2987 2875//2986 2893//3004
f 2896//3007 2878//2989 2880//2991
f 2877//2988 2876//2987 2894//3005
f 2897//3008 2879//2990 2896//3007
f 2863//2974 2877//2988 2895//3006
f 2880//2991 2898//3009 2896//3007
f 2899//3010 2881//2992 2879//2990
f 2862//2973 2879//2990 2881//2992
f 2896//3007 2879//2990 2878//2989
f 2668//2779 2881//2992 2899//3010
f 2867//2978 2647//2758 2885//2996
f 2866//2977 2867//2978 2885//2996
f 2900//3011 2882//2993 2901//3012
f 2884//2995 2883//2994 2865//2976
f 2902//3013 2884//2995 2903//3014
f 2904//3015 2886//2997 2900//3011
f 2883//2994 2884//2995 2902//3013
f 2905//3016 2887//2998 2904//3015
f 2882//2993 2883//2994 2901//3012
f 2906//3017 2888//2999 2905//3016
f 2886//2997 2882//2993 2900//3011
f 2907//3018 2889//3000 2906//3017
f 2887//2998 2886//2997 2904//3015
f 2908//3019 2890//3001 2907//3018
f 2888//2999 2887//2998 2905//3016
f 2909//3020 2891//3002 2908//3019
f 2889//3000 2888//2999 2906//3017
f 2910//3021 2892//3003 2909//3020
f 2890//3001 2889//3000 2907//3018
f 2911//3022 2893//3004 2910//3021
f 2891//3002 2890//3001 2908//3019
f 2912//3023 2894//3005 2911//3022
f 2892//3003 2891//3002 2909//3020
f 2913//3024 2895//3006 2912//3023
f 2893//3004 2892//3003 2910//3021
f 2898//3009 2880//2991 2913//3024
f 2894//3005 2893//3004 2911//3022
f 2914//3025 2896//3007 2898//3009
f 2895//3006 2894//3005 2912//3023
f 2915//3026 2897//3008 2914//3025
f 2880//2991 2895//3006 2913//3024
f 2898//3009 2916//3027 2914//3025
f 2917//3028 2899//3010 2897//3008
f 2879//2990 2897//3008 2899//3010
f 2914//3025 2897//3008 2896//3007
f 2668//2779 2899//3010 2917//3028
f 2885//2996 2647//2758 2903//3014
f 2884//2995 2885//2996 2903//3014
f 2633//2744 2900//3011 2918//3029
f 2902//3013 2901//3012 2883//2994
f 2919//3030 2902//3013 2920//3031
f 2921//3032 2904//3015 2633//2744
f 2901//3012 2902//3013 2919//3030
f 2922//3033 2905//3016 2921//3032
f 2900//3011 2901//3012 2918//3029
f 2923//3034 2906//3017 2922//3033
f 2904//3015 2900//3011 2633//2744
f 2924//3035 2907//3018 2923//3034
f 2905//3016 2904//3015 2921//3032
f 2925//3036 2908//3019 2924//3035
f 2906//3017 2905//3016 2922//3033
f 2926//3037 2909//3020 2925//3036
f 2907//3018 2906//3017 2923//3034
f 2927//3038 2910//3021 2926//3037
f 2908//3019 2907//3018 2924//3035
f 2928//3039 2911//3022 2927//3038
f 2909//3020 2908//3019 2925//3036
f 2929//3040 2912//3023 2928//3039
f 2910//3021 2909//3020 2926//3037
f 2930//3041 2913//3024 2929//3040
f 2911//3022 2910//3021 2927//3038
f 2916//3027 2898//3009 2930//3041
f 2912//3023 2911//3022 2928//3039
f 2931//3042 2914//3025 2916//3027
f 2913//3024 2912//3023 2929//3040
f 2932//3043 2915//3026 2931//3042
f 2898//3009 2913//3024 2930//3041
f 2916//3027 2933//3044 2931//3042
f 2934//3045 2917//3028 2915//3026
f 2897//3008 2915//3026 2917//3028
f 2931//3042 2915//3026 2914//3025
f 2668//2779 2917//3028 2934//3045
f 2903//3014 2647//2758 2920//3031
f 2902//3013 2903//3014 2920//3031
f 2921//3032 2632//2743 2935//3046
f 2919//3030 2918//3029 2901//3012
f 2936//3047 2919//3030 2937//3048
f 2922//3033 2935//3046 2938//3049
f 2918//3029 2919//3030 2936//3047
f 2923//3034 2938//3049 2939//3050
f 2633//2744 2918//3029 2631//2742
f 2924//3035 2939//3050 2940//3051
f 2921//3032 2633//2744 2632//2743
f 2925//3036 2940//3051 2941//3052
f 2922//3033 2921//3032 2935//3046
f 2926//3037 2941//3052 2942//3053
f 2923//3034 2922//3033 2938//3049
f 2927//3038 2942//3053 2943//3054
f 2924//3035 2923//3034 2939//3050
f 2928//3039 2943//3054 2944//3055
f 2925//3036 2924//3035 2940//3051
f 2929//3040 2944//3055 2945//3056
f 2926//3037 2925//3036 2941//3052
f 2930//3041 2945//3056 2946//3057
f 2927//3038 2926//3037 2942//3053
f 2916//3027 2946//3057 2933//3044
f 2928//3039 2927//3038 2943//3054
f 2931//3042 2933//3044 2947//3058
f 2929//3040 2928//3039 2944//3055
f 2932//3043 2947//3058 2948//3059
f 2930//3041 2929//3040 2945//3056
f 2949//3060 2950//3061 2947//3058
f 2916//3027 2930//3041 2946//3057
f 2951//3062 2952//3063 2948//3059
f 2952//3063 2934//3045 2932//3043
f 2915//3026 2932//3043 2934//3045
f 2947//3058 2932//3043 2931//3042
f 2668//2779 2934//3045 2952//3063
f 2920//3031 2647//2758 2937//3048
f 2919//3030 2920//3031 2937//3048
f 2632//2743 2631//2742 2953//3064
f 2936//3047 2631//2742 2918//3029
f 2954//3065 2955//3066 2936//3047
f 2935//3046 2632//2743 2956//3067
f 2955//3066 2953//3064 2631//2742
f 2938//3049 2935//3046 2957//3068
f 2953//3064 2956//3067 2632//2743
f 2939//3050 2938//3049 2958//3069
f 2956//3067 2957//3068 2935//3046
f 2940//3051 2939//3050 2959//3070
f 2957//3068 2958//3069 2938//3049
f 2941//3052 2940//3051 2960//3071
f 2958//3069 2959//3070 2939//3050
f 2942//3053 2941//3052 2961//3072
f 2959//3070 2960//3071 2940//3051
f 2943//3054 2942//3053 2962//3073
f 2960//3071 2961//3072 2941//3052
f 2944//3055 2943//3054 2963//3074
f 2961//3072 2962//3073 2942//3053
f 2945//3056 2944//3055 2964//3075
f 2962//3073 2963//3074 2943//3054
f 2946//3057 2945//3056 2965//3076
f 2963//3074 2964//3075 2944//3055
f 2933//3044 2946//3057 2966//3077
f 2964//3075 2965//3076 2945//3056
f 2947//3058 2933//3044 2949//3060
f 2965//3076 2966//3077 2946//3057
f 2948//3059 2947//3058 2950//3061
f 2966//3077 2949//3060 2933//3044
f 2951//3062 2948//3059 2967//3078
f 2968//3079 2969//3080 2967//3078
f 2932//3043 2948//3059 2952//3063
f 2950//3061 2967//3078 2948//3059
f 2668//2779 2952//3063 2951//3062
f 2937//3048 2647//2758 2954//3065
f 2936//3047 2937//3048 2954//3065
f 2953//3064 2970//3081 2956//3067
f 2936//3047 2955//3066 2631//2742
f 2971//3082 2972//3083 2955//3066
f 2956//3067 2973//3084 2957//3068
f 2972//3083 2970//3081 2953//3064
f 2957//3068 2974//3085 2958//3069
f 2970//3081 2973//3084 2956//3067
f 2958//3069 2975//3086 2959//3070
f 2973//3084 2974//3085 2957//3068
f 2959//3070 2976//3087 2960//3071
f 2974//3085 2975//3086 2958//3069
f 2960//3071 2977//3088 2961//3072
f 2975//3086 2976//3087 2959//3070
f 2961//3072 2978//3089 2962//3073
f 2976//3087 2977//3088 2960//3071
f 2962//3073 2979//3090 2963//3074
f 2977//3088 2978//3089 2961//3072
f 2963//3074 2980//3091 2964//3075
f 2978//3089 2979//3090 2962//3073
f 2964//3075 2981//3092 2965//3076
f 2979//3090 2980//3091 2963//3074
f 2965//3076 2982//3093 2966//3077
f 2980//3091 2981//3092 2964//3075
f 2966//3077 2983//3094 2949//3060
f 2981//3092 2982//3093 2965//3076
f 2949//3060 2984//3095 2950//3061
f 2982//3093 2983//3094 2966//3077
f 2950//3061 2968//3079 2967//3078
f 2983//3094 2984//3095 2949//3060
f 2967//3078 2969//3080 2985//3096
f 2984//3095 2968//3079 2950//3061
f 2986//3097 2987//3098 2969//3080
f 2668//2779 2951//3062 2985//3096
f 2951//3062 2967//3078 2985//3096
f 2954//3065 2647//2758 2971//3082
f 2955//3066 2954//3065 2971//3082
f 2970//3081 2639//2750 2973//3084
f 2955//3066 2972//3083 2953//3064
f 2988//3099 2989//3100 2972//3083
f 2973//3084 2641//2752 2974//3085
f 2989//3100 2639//2750 2970//3081
f 2974//3085 2990//3101 2975//3086
f 2639//2750 2641//2752 2973//3084
f 2975//3086 2991//3102 2976//3087
f 2641//2752 2990//3101 2974//3085
f 2976//3087 2992//3103 2977//3088
f 2990//3101 2991//3102 2975//3086
f 2977//3088 2993//3104 2978//3089
f 2991//3102 2992//3103 2976//3087
f 2978//3089 2994//3105 2979//3090
f 2992//3103 2993//3104 2977//3088
f 2979//3090 2995//3106 2980//3091
f 2993//3104 2994//3105 2978//3089
f 2980//3091 2996//3107 2981//3092
f 2994//3105 2995//3106 2979//3090
f 2981//3092 2997//3108 2982//3093
f 2995//3106 2996//3107 2980//3091
f 2982//3093 2998//3109 2983//3094
f 2996//3107 2997//3108 2981//3092
f 2983//3094 2999//3110 2984//3095
f 2997//3108 2998//3109 2982//3093
f 2984//3095 3000//3111 2968//3079
f 2998//3109 2999//3110 2983//3094
f 2968//3079 2986//3097 2969//3080
f 2999//3110 3000//3111 2984//3095
f 2969//3080 2987//3098 3001//3112
f 3000//3111 2986//3097 2968//3079
f 3002//3113 3003//3114 2987//3098
f 2668//2779 2985//3096 3001//3112
f 2985//3096 2969//3080 3001//3112
f 2971//3082 2647//2758 2988//3099
f 2972//3083 2971//3082 2988//3099
f 3004//3115 2990//3101 2641//2752
f 2972//3083 2989//3100 2970//3081
f 3005//3116 2635//2746 2989//3100
f 3006//3117 2991//3102 2990//3101
f 2635//2746 2640//2751 2639//2750
f 3007//3118 2992//3103 2991//3102
f 2640//2751 3004//3115 2641//2752
f 3008//3119 2993//3104 2992//3103
f 3004//3115 3006//3117 2990//3101
f 3009//3120 2994//3105 2993//3104
f 3006//3117 3007//3118 2991//3102
f 3010//3121 2995//3106 2994//3105
f 3007//3118 3008//3119 2992//3103
f 3011//3122 2996//3107 2995//3106
f 3008//3119 3009//3120 2993//3104
f 3012//3123 2997//3108 2996//3107
f 3009//3120 3010//3121 2994//3105
f 3013//3124 2998//3109 2997//3108
f 3010//3121 3011//3122 2995//3106
f 3014//3125 2999//3110 2998//3109
f 3011//3122 3012//3123 2996//3107
f 3015//3126 3000//3111 2999//3110
f 3012//3123 3013//3124 2997//3108
f 3016//3127 2986//3097 3000//3111
f 3013//3124 3014//3125 2998//3109
f 3002//3113 2987//3098 2986//3097
f 3014//3125 3015//3126 2999//3110
f 3003//3114 3017//3128 2987//3098
f 3015//3126 3016//3127 3000//3111
f 3017//3128 3003//3114 3018//3129
f 3016//3127 3002//3113 2986//3097
f 3017//3128 3018//3129 2668//2779
f 2668//2779 3001//3112 3017//3128
f 3001//3112 2987//3098 3017//3128
f 2988//3099 2647//2758 3005//3116
f 2989//3100 2988//3099 3005//3116
f 2637//2748 3019//3130 2640//2751
f 2989//3100 2635//2746 2639//2750
f 2637//2748 2640//2751 2635//2746
f 3019//3130 3020//3131 3004//3115
f 3019//3130 3004//3115 2640//2751
f 3020//3131 3021//3132 3006//3117
f 3020//3131 3006//3117 3004//3115
f 3021//3132 3022//3133 3007//3118
f 3021//3132 3007//3118 3006//3117
f 3022//3133 3023//3134 3008//3119
f 3022//3133 3008//3119 3007//3118
f 3023//3134 3024//3135 3009//3120
f 3023//3134 3009//3120 3008//3119
f 3024//3135 3025//3136 3010//3121
f 3024//3135 3010//3121 3009//3120
f 3025//3136 3026//3137 3011//3122
f 3025//3136 3011//3122 3010//3121
f 3026//3137 3027//3138 3012//3123
f 3026//3137 3012//3123 3011//3122
f 3027//3138 3028//3139 3013//3124
f 3027//3138 3013//3124 3012//3123
f 3028//3139 3029//3140 3014//3125
f 3028//3139 3014//3125 3013//3124
f 3029//3140 3030//3141 3015//3126
f 3029//3140 3015//3126 3014//3125
f 3030//3141 3031//3142 3016//3127
f 3030//3141 3016//3127 3015//3126
f 3031//3142 3032//3143 3002//3113
f 3031//3142 3002//3113 3016//3127
f 3032//3143 3033//3144 3003//3114
f 3032//3143 3003//3114 3002//3113
f 3033//3144 3034//3145 3018//3129
f 3034//3145 2668//2779 3018//3129
f 3033//3144 3018//3129 3003//3114
f 3005//3116 2647//2758 2636//2747
f 2635//2746 3005//3116 2636//2747
f 3019//3130 2646//2757 3035//3146
f 2645//2756 2637//2748 2636//2747
f 3020//3131 3035//3146 3036//3147
f 2646//2757 3019//3130 2637//2748
f 3021//3132 3036//3147 3037//3148
f 3035//3146 3020//3131 3019//3130
f 3022//3133 3037//3148 3038//3149
f 3036//3147 3021//3132 3020//3131
f 3023//3134 3038//3149 3039//3150
f 3037//3148 3022//3133 3021//3132
f 3024//3135 3039//3150 3040//3151
f 3038//3149 3023//3134 3022//3133
f 3025//3136 3040//3151 3041//3152
f 3039//3150 3024//3135 3023//3134
f 3026//3137 3041//3152 3042//3153
f 3040//3151 3025//3136 3024//3135
f 3027//3138 3042//3153 3043//3154
f 3041//3152 3026//3137 3025//3136
f 3028//3139 3043//3154 3044//3155
f 3042//3153 3027//3138 3026//3137
f 3029//3140 3044//3155 3045//3156
f 3043//3154 3028//3139 3027//3138
f 3030//3141 3045//3156 3046//3157
f 3044//3155 3029//3140 3028//3139
f 3031//3142 3046//3157 3047//3158
f 3045//3156 3030//3141 3029//3140
f 3032//3143 3047//3158 3048//3159
f 3046//3157 3031//3142 3030//3141
f 3033//3144 3048//3159 3049//3160
f 3047//3158 3032//3143 3031//3142
f 3034//3145 3049//3160 3050//3161
f 3048//3159 3033//3144 3032//3143
f 3050//3161 2668//2779 3034//3145
f 3049//3160 3034//3145 3033//3144
f 3051//3162 3040//3163 3052//3164
f 3051//3162 3053//3165 3041//3166
f 3040//3163 3051//3162 3041//3166
f 3054//3167 3042//3168 3053//3165
f 3043//3169 3042//3168 3054//3167
f 3054//3167 3055//3170 3043//3169
f 3055//3170 3044//3171 3043//3169
f 3055//3170 3056//3172 3044//3171
f 3044//3171 3056//3172 3045//3173
f 3045//3173 3056//3172 3057//3174
f 3057//3174 3046//3175 3045//3173
f 3053//3165 3042//3168 3041//3166
f 3058//3176 3047//3177 3046//3175
f 3058//3176 3059//3178 3047//3177
f 3047//3177 3059//3178 3048//3179
f 3048//3179 3059//3178 3060//3180
f 3057//3174 3058//3176 3046//3175
f 3061//3181 3049//3182 3060//3180
f 3057//3174 3062//3183 3058//3176
f 3060//3180 3049//3182 3048//3179
f 3063//3184 3039//3185 3038//3186
f 3052//3164 3040//3163 3039//3185
f 3038//3186 3037//3187 3064//3188
f 3052//3164 3039//3185 3063//3184
f 3065//3189 3037//3187 3036//3190
f 3064//3188 3063//3184 3038//3186
f 3035//3191 3066//3192 3036//3190
f 3037//3187 3065//3189 3064//3188
f 3066//3192 3035//3191 3067//3193
f 3068//3194 3069//3195 3070//3196
f 2646//3197 3067//3193 3035//3191
f 3071//3198 3072//3199 3073//3200
f 3067//3193 2646//3197 3074//3201
f 3075//3202 3076//3203 3077//3204
f 3078//3205 3079//3206 3080//3207
f 3073//3200 2648//3208 2634//2745
f 3072//3199 2647//3209 2648//3208
f 2647//3209 3074//3201 2645//3210
f 2646//3197 2645//3210 3074//3201
f 3081//3211 3082//3212 3064//3188
f 3065//3189 3036//3190 3066//3192
f 3067//3193 3083//3213 3084//3214
f 3082//3212 3085//3215 3063//3184
f 3067//3193 3084//3214 3066//3192
f 3085//3215 3086//3216 3052//3164
f 3084//3214 3087//3217 3066//3192
f 3086//3216 3088//3218 3051//3162
f 3087//3217 3065//3189 3066//3192
f 3088//3218 3089//3219 3053//3165
f 3081//3211 3064//3188 3065//3189
f 3089//3219 3090//3220 3054//3167
f 3082//3212 3063//3184 3064//3188
f 3090//3220 3091//3221 3055//3170
f 3085//3215 3052//3164 3063//3184
f 3091//3221 3092//3222 3056//3172
f 3086//3216 3051//3162 3052//3164
f 3092//3222 3062//3183 3057//3174
f 3088//3218 3053//3165 3051//3162
f 3062//3183 3093//3223 3058//3176
f 3089//3219 3054//3167 3053//3165
f 3093//3223 3094//3224 3059//3178
f 3090//3220 3055//3170 3054//3167
f 3094//3224 3095//3225 3060//3180
f 3091//3221 3056//3172 3055//3170
f 3096//3226 3062//3183 3092//3222
f 3092//3222 3057//3174 3056//3172
f 3095//3225 3097//3227 3061//3181
f 3050//3228 3061//3181 3098//3229
f 3061//3181 3050//3228 3049//3182
f 3058//3176 3093//3223 3059//3178
f 3059//3178 3094//3224 3060//3180
f 2668//3230 3098//3229 3099//3231
f 3050//3228 3098//3229 2668//3230
f 2647//3209 3083//3213 3074//3201
f 3067//3193 3074//3201 3083//3213
f 3100//3232 3101//3233 3082//3212
f 3081//3211 3065//3189 3087//3217
f 3084//3214 3102//3234 3103//3235
f 3101//3233 3104//3236 3085//3215
f 3084//3214 3103//3235 3087//3217
f 3104//3236 3105//3237 3086//3216
f 3103//3235 3106//3238 3087//3217
f 3105//3237 3107//3239 3088//3218
f 3106//3238 3081//3211 3087//3217
f 3107//3239 3108//3240 3089//3219
f 3100//3232 3082//3212 3081//3211
f 3108//3240 3109//3241 3090//3220
f 3101//3233 3085//3215 3082//3212
f 3109//3241 3110//3242 3091//3221
f 3104//3236 3086//3216 3085//3215
f 3110//3242 3096//3226 3092//3222
f 3105//3237 3088//3218 3086//3216
f 3096//3226 3111//3243 3062//3183
f 3107//3239 3089//3219 3088//3218
f 3111//3243 3112//3244 3093//3223
f 3108//3240 3090//3220 3089//3219
f 3112//3244 3113//3245 3094//3224
f 3109//3241 3091//3221 3090//3220
f 3113//3245 3114//3246 3095//3225
f 3110//3242 3092//3222 3091//3221
f 3115//3247 3111//3243 3096//3226
f 3114//3246 3116//3248 3097//3227
f 3095//3225 3061//3181 3060//3180
f 3111//3243 3093//3223 3062//3183
f 3112//3244 3094//3224 3093//3223
f 3099//3231 3098//3229 3097//3227
f 3061//3181 3097//3227 3098//3229
f 3095//3225 3094//3224 3113//3245
f 3099//3231 3117//3249 2668//3230
f 2647//3209 3102//3234 3083//3213
f 3084//3214 3083//3213 3102//3234
f 3118//3250 3119//3251 3101//3233
f 3100//3232 3081//3211 3106//3238
f 3103//3235 3120//3252 3121//3253
f 3119//3251 3122//3254 3104//3236
f 3103//3235 3121//3253 3106//3238
f 3122//3254 3123//3255 3105//3237
f 3121//3253 3124//3256 3106//3238
f 3123//3255 3125//3257 3107//3239
f 3124//3256 3100//3232 3106//3238
f 3125//3257 3126//3258 3108//3240
f 3118//3250 3101//3233 3100//3232
f 3126//3258 3127//3259 3109//3241
f 3119//3251 3104//3236 3101//3233
f 3127//3259 3128//3260 3110//3242
f 3122//3254 3105//3237 3104//3236
f 3128//3260 3115//3247 3096//3226
f 3123//3255 3107//3239 3105//3237
f 3115//3247 3129//3261 3111//3243
f 3125//3257 3108//3240 3107//3239
f 3129//3261 3130//3262 3112//3244
f 3126//3258 3109//3241 3108//3240
f 3130//3262 3131//3263 3113//3245
f 3127//3259 3110//3242 3109//3241
f 3131//3263 3132//3264 3114//3246
f 3128//3260 3096//3226 3110//3242
f 3133//3265 3134//3266 3129//3261
f 3132//3264 3135//3267 3116//3248
f 3114//3246 3097//3227 3095//3225
f 3129//3261 3112//3244 3111//3243
f 3130//3262 3113//3245 3112//3244
f 3117//3249 3099//3231 3116//3248
f 3097//3227 3116//3248 3099//3231
f 3114//3246 3113//3245 3131//3263
f 3117//3249 3136//3268 2668//3230
f 2647//3209 3120//3252 3102//3234
f 3103//3235 3102//3234 3120//3252
f 3119//3251 3118//3250 3137//3269
f 3118//3250 3100//3232 3124//3256
f 3121//3253 3138//3270 3139//3271
f 3122//3254 3119//3251 3140//3272
f 3121//3253 3139//3271 3124//3256
f 3123//3255 3122//3254 3141//3273
f 3139//3271 3142//3274 3124//3256
f 3125//3257 3123//3255 3143//3275
f 3142//3274 3137//3269 3118//3250
f 3126//3258 3125//3257 3144//3276
f 3137//3269 3140//3272 3119//3251
f 3127//3259 3126//3258 3145//3277
f 3140//3272 3141//3273 3122//3254
f 3128//3260 3127//3259 3146//3278
f 3141//3273 3143//3275 3123//3255
f 3115//3247 3128//3260 3147//3279
f 3143//3275 3144//3276 3125//3257
f 3129//3261 3115//3247 3133//3265
f 3144//3276 3145//3277 3126//3258
f 3130//3262 3129//3261 3134//3266
f 3145//3277 3146//3278 3127//3259
f 3131//3263 3130//3262 3148//3280
f 3146//3278 3147//3279 3128//3260
f 3132//3264 3131//3263 3149//3281
f 3147//3279 3133//3265 3115//3247
f 3135//3267 3132//3264 3150//3282
f 3148//3280 3151//3283 3152//3284
f 3132//3264 3116//3248 3114//3246
f 3134//3266 3148//3280 3130//3262
f 3148//3280 3149//3281 3131//3263
f 3136//3268 3117//3249 3135//3267
f 3116//3248 3135//3267 3117//3249
f 3150//3282 3132//3264 3149//3281
f 3136//3268 3153//3285 2668//3230
f 2647//3209 3138//3270 3120//3252
f 3121//3253 3120//3252 3138//3270
f 3137//3269 3154//3286 3140//3272
f 3142//3274 3118//3250 3124//3256
f 3139//3271 3155//3287 3156//3288
f 3140//3272 3157//3289 3141//3273
f 3139//3271 3156//3288 3142//3274
f 3141//3273 3158//3290 3143//3275
f 3156//3288 3159//3291 3142//3274
f 3143//3275 3160//3292 3144//3276
f 3159//3291 3154//3286 3137//3269
f 3144//3276 3161//3293 3145//3277
f 3154//3286 3157//3289 3140//3272
f 3145//3277 3162//3294 3146//3278
f 3157//3289 3158//3290 3141//3273
f 3146//3278 3163//3295 3147//3279
f 3158//3290 3160//3292 3143//3275
f 3147//3279 3164//3296 3133//3265
f 3160//3292 3161//3293 3144//3276
f 3133//3265 3165//3297 3134//3266
f 3161//3293 3162//3294 3145//3277
f 3134//3266 3151//3283 3148//3280
f 3162//3294 3163//3295 3146//3278
f 3148//3280 3152//3284 3149//3281
f 3163//3295 3164//3296 3147//3279
f 3149//3281 3166//3298 3150//3282
f 3164//3296 3165//3297 3133//3265
f 3150//3282 3167//3299 3168//3300
f 3165//3297 3151//3283 3134//3266
f 3152//3284 3169//3301 3170//3302
f 3136//3268 3135//3267 3168//3300
f 3150//3282 3168//3300 3135//3267
f 3149//3281 3152//3284 3166//3298
f 3150//3282 3166//3298 3167//3299
f 3153//3285 3171//3303 2668//3230
f 3136//3268 3168//3300 3153//3285
f 2647//3209 3155//3287 3138//3270
f 3139//3271 3138//3270 3155//3287
f 3154//3286 3172//3304 3157//3289
f 3159//3291 3137//3269 3142//3274
f 3156//3288 3173//3305 3174//3306
f 3157//3289 3175//3307 3158//3290
f 3156//3288 3174//3306 3159//3291
f 3158//3290 3176//3308 3160//3292
f 3174//3306 3177//3309 3159//3291
f 3160//3292 3178//3310 3161//3293
f 3177//3309 3172//3304 3154//3286
f 3161//3293 3179//3311 3162//3294
f 3172//3304 3175//3307 3157//3289
f 3162//3294 3180//3312 3163//3295
f 3175//3307 3176//3308 3158//3290
f 3163//3295 3181//3313 3164//3296
f 3176//3308 3178//3310 3160//3292
f 3164//3296 3182//3314 3165//3297
f 3178//3310 3179//3311 3161//3293
f 3165//3297 3183//3315 3151//3283
f 3179//3311 3180//3312 3162//3294
f 3151//3283 3169//3301 3152//3284
f 3180//3312 3181//3313 3163//3295
f 3152//3284 3170//3302 3166//3298
f 3181//3313 3182//3314 3164//3296
f 3166//3298 3184//3316 3167//3299
f 3182//3314 3183//3315 3165//3297
f 3167//3299 3185//3317 3186//3318
f 3183//3315 3169//3301 3151//3283
f 3170//3302 3187//3319 3188//3320
f 3153//3285 3168//3300 3186//3318
f 3167//3299 3186//3318 3168//3300
f 3166//3298 3170//3302 3184//3316
f 3167//3299 3184//3316 3185//3317
f 3171//3303 3189//3321 2668//3230
f 3153//3285 3186//3318 3171//3303
f 2647//3209 3173//3305 3155//3287
f 3156//3288 3155//3287 3173//3305
f 3172//3304 3190//3322 3175//3307
f 3177//3309 3154//3286 3159//3291
f 3174//3306 3191//3323 3192//3324
f 3175//3307 3193//3325 3176//3308
f 3174//3306 3192//3324 3177//3309
f 3176//3308 3194//3326 3178//3310
f 3192//3324 3195//3327 3177//3309
f 3178//3310 3196//3328 3179//3311
f 3195//3327 3190//3322 3172//3304
f 3179//3311 3197//3329 3180//3312
f 3190//3322 3193//3325 3175//3307
f 3180//3312 3198//3330 3181//3313
f 3193//3325 3194//3326 3176//3308
f 3181//3313 3199//3331 3182//3314
f 3194//3326 3196//3328 3178//3310
f 3182//3314 3200//3332 3183//3315
f 3196//3328 3197//3329 3179//3311
f 3183//3315 3201//3333 3169//3301
f 3197//3329 3198//3330 3180//3312
f 3169//3301 3187//3319 3170//3302
f 3198//3330 3199//3331 3181//3313
f 3170//3302 3188//3320 3184//3316
f 3199//3331 3200//3332 3182//3314
f 3184//3316 3202//3334 3185//3317
f 3200//3332 3201//3333 3183//3315
f 3185//3317 3203//3335 3204//3336
f 3201//3333 3187//3319 3169//3301
f 3188//3320 3205//3337 3206//3338
f 3171//3303 3186//3318 3204//3336
f 3185//3317 3204//3336 3186//3318
f 3184//3316 3188//3320 3202//3334
f 3185//3317 3202//3334 3203//3335
f 3189//3321 3207//3339 2668//3230
f 3171//3303 3204//3336 3189//3321
f 2647//3209 3191//3323 3173//3305
f 3174//3306 3173//3305 3191//3323
f 3190//3322 3080//3207 3193//3325
f 3195//3327 3172//3304 3177//3309
f 3192//3324 3208//3340 3209//3341
f 3193//3325 3079//3206 3194//3326
f 3192//3324 3209//3341 3195//3327
f 3194//3326 3210//3342 3196//3328
f 3209//3341 3211//3343 3195//3327
f 3196//3328 3212//3344 3197//3329
f 3211//3343 3080//3207 3190//3322
f 3197//3329 3213//3345 3198//3330
f 3080//3207 3079//3206 3193//3325
f 3198//3330 3214//3346 3199//3331
f 3079//3206 3210//3342 3194//3326
f 3199//3331 3215//3347 3200//3332
f 3210//3342 3212//3344 3196//3328
f 3200//3332 3216//3348 3201//3333
f 3212//3344 3213//3345 3197//3329
f 3201//3333 3217//3349 3187//3319
f 3213//3345 3214//3346 3198//3330
f 3187//3319 3205//3337 3188//3320
f 3214//3346 3215//3347 3199//3331
f 3188//3320 3206//3338 3202//3334
f 3215//3347 3216//3348 3200//3332
f 3202//3334 3218//3350 3203//3335
f 3216//3348 3217//3349 3201//3333
f 3203//3335 3219//3351 3220//3352
f 3217//3349 3205//3337 3187//3319
f 3206//3338 3221//3353 3222//3354
f 3189//3321 3204//3336 3220//3352
f 3203//3335 3220//3352 3204//3336
f 3202//3334 3206//3338 3218//3350
f 3203//3335 3218//3350 3219//3351
f 3207//3339 3223//3355 2668//3230
f 3189//3321 3220//3352 3207//3339
f 2647//3209 3208//3340 3191//3323
f 3192//3324 3191//3323 3208//3340
f 3224//3356 3210//3342 3079//3206
f 3211//3343 3190//3322 3195//3327
f 3209//3341 3225//3357 3226//3358
f 3227//3359 3212//3344 3210//3342
f 3209//3341 3226//3358 3211//3343
f 3228//3360 3213//3345 3212//3344
f 3226//3358 3229//3361 3211//3343
f 3230//3362 3214//3346 3213//3345
f 3229//3361 3078//3205 3080//3207
f 3231//3363 3215//3347 3214//3346
f 3078//3205 3224//3356 3079//3206
f 3232//3364 3216//3348 3215//3347
f 3224//3356 3227//3359 3210//3342
f 3233//3365 3217//3349 3216//3348
f 3227//3359 3228//3360 3212//3344
f 3234//3366 3205//3337 3217//3349
f 3228//3360 3230//3362 3213//3345
f 3221//3353 3206//3338 3205//3337
f 3230//3362 3231//3363 3214//3346
f 3222//3354 3218//3350 3206//3338
f 3231//3363 3232//3364 3215//3347
f 3235//3367 3219//3351 3218//3350
f 3232//3364 3233//3365 3216//3348
f 3236//3368 3237//3369 3219//3351
f 3233//3365 3234//3366 3217//3349
f 3238//3370 3239//3371 3240//3372
f 3234//3366 3221//3353 3205//3337
f 3222//3354 3241//3373 3242//3374
f 3207//3339 3220//3352 3237//3369
f 3219//3351 3237//3369 3220//3352
f 3218//3350 3222//3354 3235//3367
f 3219//3351 3235//3367 3236//3368
f 3223//3355 3240//3372 2668//3230
f 3207//3339 3237//3369 3223//3355
f 2647//3209 3225//3357 3208//3340
f 3209//3341 3208//3340 3225//3357
f 3224//3356 3078//3205 3243//3375
f 3229//3361 3080//3207 3211//3343
f 3244//3376 3226//3358 3245//3377
f 3227//3359 3224//3356 3246//3378
f 3229//3361 3226//3358 3244//3376
f 3228//3360 3227//3359 3247//3379
f 3229//3361 3244//3376 3248//3380
f 3230//3362 3228//3360 3249//3381
f 3078//3205 3248//3380 3243//3375
f 3231//3363 3230//3362 3250//3382
f 3224//3356 3243//3375 3246//3378
f 3232//3364 3231//3363 3251//3383
f 3227//3359 3246//3378 3247//3379
f 3233//3365 3232//3364 3252//3384
f 3228//3360 3247//3379 3249//3381
f 3234//3366 3233//3365 3253//3385
f 3230//3362 3249//3381 3250//3382
f 3221//3353 3234//3366 3254//3386
f 3231//3363 3250//3382 3251//3383
f 3222//3354 3221//3353 3241//3373
f 3232//3364 3251//3383 3252//3384
f 3235//3367 3222//3354 3242//3374
f 3233//3365 3252//3384 3253//3385
f 3236//3368 3235//3367 3255//3387
f 3234//3366 3253//3385 3254//3386
f 3238//3370 3236//3368 3256//3388
f 3221//3353 3254//3386 3241//3373
f 3257//3389 3242//3374 3258//3390
f 3223//3355 3237//3369 3238//3370
f 3236//3368 3238//3370 3237//3369
f 3235//3367 3242//3374 3255//3387
f 3236//3368 3255//3387 3256//3388
f 3240//3372 3259//3391 2668//3230
f 3223//3355 3238//3370 3240//3372
f 2647//3209 3245//3377 3225//3357
f 3226//3358 3225//3357 3245//3377
f 3246//3378 3243//3375 3260//3392
f 3248//3380 3078//3205 3229//3361
f 3261//3393 3244//3376 3262//3394
f 3247//3379 3246//3378 3263//3395
f 3248//3380 3244//3376 3261//3393
f 3249//3381 3247//3379 3264//3396
f 3248//3380 3261//3393 3265//3397
f 3250//3382 3249//3381 3266//3398
f 3243//3375 3265//3397 3260//3392
f 3251//3383 3250//3382 3267//3399
f 3246//3378 3260//3392 3263//3395
f 3252//3384 3251//3383 3268//3400
f 3247//3379 3263//3395 3264//3396
f 3253//3385 3252//3384 3269//3401
f 3249//3381 3264//3396 3266//3398
f 3254//3386 3253//3385 3270//3402
f 3250//3382 3266//3398 3267//3399
f 3241//3373 3254//3386 3271//3403
f 3251//3383 3267//3399 3268//3400
f 3242//3374 3241//3373 3258//3390
f 3252//3384 3268//3400 3269//3401
f 3255//3387 3242//3374 3257//3389
f 3253//3385 3269//3401 3270//3402
f 3256//3388 3255//3387 3272//3404
f 3254//3386 3270//3402 3271//3403
f 3239//3371 3256//3388 3273//3405
f 3241//3373 3271//3403 3258//3390
f 3274//3406 3272//3404 3257//3389
f 3259//3391 3239//3371 3275//3407
f 3256//3388 3239//3371 3238//3370
f 3255//3387 3257//3389 3272//3404
f 3256//3388 3272//3404 3273//3405
f 3259//3391 3276//3408 2668//3230
f 3240//3372 3239//3371 3259//3391
f 2647//3209 3262//3394 3245//3377
f 3244//3376 3245//3377 3262//3394
f 3277//3409 3278//3410 3260//3392
f 3265//3397 3243//3375 3248//3380
f 3279//3411 3261//3393 3280//3412
f 3278//3410 3281//3413 3263//3395
f 3265//3397 3261//3393 3279//3411
f 3281//3413 3282//3414 3264//3396
f 3260//3392 3265//3397 3277//3409
f 3282//3414 3283//3415 3266//3398
f 3263//3395 3260//3392 3278//3410
f 3283//3415 3284//3416 3267//3399
f 3264//3396 3263//3395 3281//3413
f 3284//3416 3285//3417 3268//3400
f 3266//3398 3264//3396 3282//3414
f 3285//3417 3286//3418 3269//3401
f 3267//3399 3266//3398 3283//3415
f 3286//3418 3287//3419 3270//3402
f 3268//3400 3267//3399 3284//3416
f 3287//3419 3288//3420 3271//3403
f 3269//3401 3268//3400 3285//3417
f 3288//3420 3289//3421 3258//3390
f 3270//3402 3269//3401 3286//3418
f 3289//3421 3274//3406 3257//3389
f 3271//3403 3270//3402 3287//3419
f 3274//3406 3290//3422 3272//3404
f 3258//3390 3271//3403 3288//3420
f 3290//3422 3291//3423 3273//3405
f 3257//3389 3258//3390 3289//3421
f 3291//3423 3292//3424 3275//3407
f 3290//3422 3293//3425 3291//3423
f 3273//3405 3275//3407 3239//3371
f 3273//3405 3272//3404 3290//3422
f 3275//3407 3273//3405 3291//3423
f 3259//3391 3275//3407 3276//3408
f 3262//3394 2647//3209 3280//3412
f 3261//3393 3262//3394 3280//3412
f 3294//3426 3278//3410 3295//3427
f 3279//3411 3277//3409 3265//3397
f 3296//3428 3279//3411 3297//3429
f 3298//3430 3281//3413 3294//3426
f 3277//3409 3279//3411 3296//3428
f 3299//3431 3282//3414 3298//3430
f 3278//3410 3277//3409 3295//3427
f 3300//3432 3283//3415 3299//3431
f 3281//3413 3278//3410 3294//3426
f 3301//3433 3284//3416 3300//3432
f 3282//3414 3281//3413 3298//3430
f 3302//3434 3285//3417 3301//3433
f 3283//3415 3282//3414 3299//3431
f 3303//3435 3286//3418 3302//3434
f 3284//3416 3283//3415 3300//3432
f 3304//3436 3287//3419 3303//3435
f 3285//3417 3284//3416 3301//3433
f 3305//3437 3288//3420 3304//3436
f 3286//3418 3285//3417 3302//3434
f 3306//3438 3289//3421 3305//3437
f 3287//3419 3286//3418 3303//3435
f 3307//3439 3274//3406 3306//3438
f 3288//3420 3287//3419 3304//3436
f 3293//3425 3290//3422 3307//3439
f 3289//3421 3288//3420 3305//3437
f 3308//3440 3291//3423 3293//3425
f 3274//3406 3289//3421 3306//3438
f 3309//3441 3292//3424 3308//3440
f 3290//3422 3274//3406 3307//3439
f 3293//3425 3310//3442 3308//3440
f 3311//3443 3276//3408 3292//3424
f 3275//3407 3292//3424 3276//3408
f 3308//3440 3292//3424 3291//3423
f 2668//3230 3276//3408 3311//3443
f 3280//3412 2647//3209 3297//3429
f 3279//3411 3280//3412 3297//3429
f 3312//3444 3294//3426 3313//3445
f 3296//3428 3295//3427 3277//3409
f 3314//3446 3296//3428 3315//3447
f 3316//3448 3298//3430 3312//3444
f 3295//3427 3296//3428 3314//3446
f 3317//3449 3299//3431 3316//3448
f 3294//3426 3295//3427 3313//3445
f 3318//3450 3300//3432 3317//3449
f 3298//3430 3294//3426 3312//3444
f 3319//3451 3301//3433 3318//3450
f 3299//3431 3298//3430 3316//3448
f 3320//3452 3302//3434 3319//3451
f 3300//3432 3299//3431 3317//3449
f 3321//3453 3303//3435 3320//3452
f 3301//3433 3300//3432 3318//3450
f 3322//3454 3304//3436 3321//3453
f 3302//3434 3301//3433 3319//3451
f 3323//3455 3305//3437 3322//3454
f 3303//3435 3302//3434 3320//3452
f 3324//3456 3306//3438 3323//3455
f 3304//3436 3303//3435 3321//3453
f 3325//3457 3307//3439 3324//3456
f 3305//3437 3304//3436 3322//3454
f 3310//3442 3293//3425 3325//3457
f 3306//3438 3305//3437 3323//3455
f 3326//3458 3308//3440 3310//3442
f 3307//3439 3306//3438 3324//3456
f 3327//3459 3309//3441 3326//3458
f 3293//3425 3307//3439 3325//3457
f 3310//3442 3328//3460 3326//3458
f 3329//3461 3311//3443 3309//3441
f 3292//3424 3309//3441 3311//3443
f 3326//3458 3309//3441 3308//3440
f 2668//3230 3311//3443 3329//3461
f 3297//3429 2647//3209 3315//3447
f 3296//3428 3297//3429 3315//3447
f 3330//3462 3312//3444 3331//3463
f 3314//3446 3313//3445 3295//3427
f 3332//3464 3314//3446 3333//3465
f 3334//3466 3316//3448 3330//3462
f 3313//3445 3314//3446 3332//3464
f 3335//3467 3317//3449 3334//3466
f 3312//3444 3313//3445 3331//3463
f 3336//3468 3318//3450 3335//3467
f 3316//3448 3312//3444 3330//3462
f 3337//3469 3319//3451 3336//3468
f 3317//3449 3316//3448 3334//3466
f 3338//3470 3320//3452 3337//3469
f 3318//3450 3317//3449 3335//3467
f 3339//3471 3321//3453 3338//3470
f 3319//3451 3318//3450 3336//3468
f 3340//3472 3322//3454 3339//3471
f 3320//3452 3319//3451 3337//3469
f 3341//3473 3323//3455 3340//3472
f 3321//3453 3320//3452 3338//3470
f 3342//3474 3324//3456 3341//3473
f 3322//3454 3321//3453 3339//3471
f 3343//3475 3325//3457 3342//3474
f 3323//3455 3322//3454 3340//3472
f 3328//3460 3310//3442 3343//3475
f 3324//3456 3323//3455 3341//3473
f 3344//3476 3326//3458 3328//3460
f 3325//3457 3324//3456 3342//3474
f 3345//3477 3327//3459 3344//3476
f 3310//3442 3325//3457 3343//3475
f 3328//3460 3346//3478 3344//3476
f 3347//3479 3329//3461 3327//3459
f 3309//3441 3327//3459 3329//3461
f 3344//3476 3327//3459 3326//3458
f 2668//3230 3329//3461 3347//3479
f 3315//3447 2647//3209 3333//3465
f 3314//3446 3315//3447 3333//3465
f 3070//3196 3330//3462 3348//3480
f 3332//3464 3331//3463 3313//3445
f 3349//3481 3332//3464 3350//3482
f 3351//3483 3334//3466 3070//3196
f 3331//3463 3332//3464 3349//3481
f 3352//3484 3335//3467 3351//3483
f 3330//3462 3331//3463 3348//3480
f 3353//3485 3336//3468 3352//3484
f 3334//3466 3330//3462 3070//3196
f 3354//3486 3337//3469 3353//3485
f 3335//3467 3334//3466 3351//3483
f 3355//3487 3338//3470 3354//3486
f 3336//3468 3335//3467 3352//3484
f 3356//3488 3339//3471 3355//3487
f 3337//3469 3336//3468 3353//3485
f 3357//3489 3340//3472 3356//3488
f 3338//3470 3337//3469 3354//3486
f 3358//3490 3341//3473 3357//3489
f 3339//3471 3338//3470 3355//3487
f 3359//3491 3342//3474 3358//3490
f 3340//3472 3339//3471 3356//3488
f 3360//3492 3343//3475 3359//3491
f 3341//3473 3340//3472 3357//3489
f 3346//3478 3328//3460 3360//3492
f 3342//3474 3341//3473 3358//3490
f 3361//3493 3344//3476 3346//3478
f 3343//3475 3342//3474 3359//3491
f 3362//3494 3345//3477 3361//3493
f 3328//3460 3343//3475 3360//3492
f 3346//3478 3363//3495 3361//3493
f 3364//3496 3347//3479 3345//3477
f 3327//3459 3345//3477 3347//3479
f 3361//3493 3345//3477 3344//3476
f 2668//3230 3347//3479 3364//3496
f 3333//3465 2647//3209 3350//3482
f 3332//3464 3333//3465 3350//3482
f 3351//3483 3069//3195 3365//3497
f 3349//3481 3348//3480 3331//3463
f 3366//3498 3349//3481 3367//3499
f 3352//3484 3365//3497 3368//3500
f 3348//3480 3349//3481 3366//3498
f 3353//3485 3368//3500 3369//3501
f 3070//3196 3348//3480 3068//3194
f 3354//3486 3369//3501 3370//3502
f 3351//3483 3070//3196 3069//3195
f 3355//3487 3370//3502 3371//3503
f 3352//3484 3351//3483 3365//3497
f 3356//3488 3371//3503 3372//3504
f 3353//3485 3352//3484 3368//3500
f 3357//3489 3372//3504 3373//3505
f 3354//3486 3353//3485 3369//3501
f 3358//3490 3373//3505 3374//3506
f 3355//3487 3354//3486 3370//3502
f 3359//3491 3374//3506 3375//3507
f 3356//3488 3355//3487 3371//3503
f 3360//3492 3375//3507 3376//3508
f 3357//3489 3356//3488 3372//3504
f 3346//3478 3376//3508 3363//3495
f 3358//3490 3357//3489 3373//3505
f 3361//3493 3363//3495 3377//3509
f 3359//3491 3358//3490 3374//3506
f 3362//3494 3377//3509 3378//3510
f 3360//3492 3359//3491 3375//3507
f 3379//3511 3380//3512 3377//3509
f 3346//3478 3360//3492 3376//3508
f 3381//3513 3382//3514 3378//3510
f 3382//3514 3364//3496 3362//3494
f 3345//3477 3362//3494 3364//3496
f 3377//3509 3362//3494 3361//3493
f 2668//3230 3364//3496 3382//3514
f 3350//3482 2647//3209 3367//3499
f 3349//3481 3350//3482 3367//3499
f 3069//3195 3068//3194 3383//3515
f 3366//3498 3068//3194 3348//3480
f 3384//3516 3385//3517 3366//3498
f 3365//3497 3069//3195 3386//3518
f 3385//3517 3383//3515 3068//3194
f 3368//3500 3365//3497 3387//3519
f 3383//3515 3386//3518 3069//3195
f 3369//3501 3368//3500 3388//3520
f 3386//3518 3387//3519 3365//3497
f 3370//3502 3369//3501 3389//3521
f 3387//3519 3388//3520 3368//3500
f 3371//3503 3370//3502 3390//3522
f 3388//3520 3389//3521 3369//3501
f 3372//3504 3371//3503 3391//3523
f 3389//3521 3390//3522 3370//3502
f 3373//3505 3372//3504 3392//3524
f 3390//3522 3391//3523 3371//3503
f 3374//3506 3373//3505 3393//3525
f 3391//3523 3392//3524 3372//3504
f 3375//3507 3374//3506 3394//3526
f 3392//3524 3393//3525 3373//3505
f 3376//3508 3375//3507 3395//3527
f 3393//3525 3394//3526 3374//3506
f 3363//3495 3376//3508 3396//3528
f 3394//3526 3395//3527 3375//3507
f 3377//3509 3363//3495 3379//3511
f 3395//3527 3396//3528 3376//3508
f 3378//3510 3377//3509 3380//3512
f 3396//3528 3379//3511 3363//3495
f 3381//3513 3378//3510 3397//3529
f 3398//3530 3399//3531 3397//3529
f 3362//3494 3378//3510 3382//3514
f 3380//3512 3397//3529 3378//3510
f 2668//3230 3382//3514 3381//3513
f 3367//3499 2647//3209 3384//3516
f 3366//3498 3367//3499 3384//3516
f 3383//3515 3400//3532 3386//3518
f 3366//3498 3385//3517 3068//3194
f 3401//3533 3402//3534 3385//3517
f 3386//3518 3403//3535 3387//3519
f 3402//3534 3400//3532 3383//3515
f 3387//3519 3404//3536 3388//3520
f 3400//3532 3403//3535 3386//3518
f 3388//3520 3405//3537 3389//3521
f 3403//3535 3404//3536 3387//3519
f 3389//3521 3406//3538 3390//3522
f 3404//3536 3405//3537 3388//3520
f 3390//3522 3407//3539 3391//3523
f 3405//3537 3406//3538 3389//3521
f 3391//3523 3408//3540 3392//3524
f 3406//3538 3407//3539 3390//3522
f 3392//3524 3409//3541 3393//3525
f 3407//3539 3408//3540 3391//3523
f 3393//3525 3410//3542 3394//3526
f 3408//3540 3409//3541 3392//3524
f 3394//3526 3411//3543 3395//3527
f 3409//3541 3410//3542 3393//3525
f 3395//3527 3412//3544 3396//3528
f 3410//3542 3411//3543 3394//3526
f 3396//3528 3413//3545 3379//3511
f 3411//3543 3412//3544 3395//3527
f 3379//3511 3414//3546 3380//3512
f 3412//3544 3413//3545 3396//3528
f 3380//3512 3398//3530 3397//3529
f 3413//3545 3414//3546 3379//3511
f 3397//3529 3399//3531 3415//3547
f 3414//3546 3398//3530 3380//3512
f 3416//3548 3417//3549 3399//3531
f 2668//3230 3381//3513 3415//3547
f 3381//3513 3397//3529 3415//3547
f 3384//3516 2647//3209 3401//3533
f 3385//3517 3384//3516 3401//3533
f 3400//3532 3075//3202 3403//3535
f 3385//3517 3402//3534 3383//3515
f 3418//3550 3419//3551 3402//3534
f 3403//3535 3077//3204 3404//3536
f 3419//3551 3075//3202 3400//3532
f 3404//3536 3420//3552 3405//3537
f 3075//3202 3077//3204 3403//3535
f 3405//3537 3421//3553 3406//3538
f 3077//3204 3420//3552 3404//3536
f 3406//3538 3422//3554 3407//3539
f 3420//3552 3421//3553 3405//3537
f 3407//3539 3423//3555 3408//3540
f 3421//3553 3422//3554 3406//3538
f 3408//3540 3424//3556 3409//3541
f 3422//3554 3423//3555 3407//3539
f 3409//3541 3425//3557 3410//3542
f 3423//3555 3424//3556 3408//3540
f 3410//3542 3426//3558 3411//3543
f 3424//3556 3425//3557 3409//3541
f 3411//3543 3427//3559 3412//3544
f 3425//3557 3426//3558 3410//3542
f 3412//3544 3428//3560 3413//3545
f 3426//3558 3427//3559 3411//3543
f 3413//3545 3429//3561 3414//3546
f 3427//3559 3428//3560 3412//3544
f 3414//3546 3430//3562 3398//3530
f 3428//3560 3429//3561 3413//3545
f 3398//3530 3416//3548 3399//3531
f 3429//3561 3430//3562 3414//3546
f 3399//3531 3417//3549 3431//3563
f 3430//3562 3416//3548 3398//3530
f 3432//3564 3433//3565 3417//3549
f 2668//3230 3415//3547 3431//3563
f 3415//3547 3399//3531 3431//3563
f 3401//3533 2647//3209 3418//3550
f 3402//3534 3401//3533 3418//3550
f 3434//3566 3420//3552 3077//3204
f 3402//3534 3419//3551 3400//3532
f 3435//3567 3071//3198 3419//3551
f 3436//3568 3421//3553 3420//3552
f 3071//3198 3076//3203 3075//3202
f 3437//3569 3422//3554 3421//3553
f 3076//3203 3434//3566 3077//3204
f 3438//3570 3423//3555 3422//3554
f 3434//3566 3436//3568 3420//3552
f 3439//3571 3424//3556 3423//3555
f 3436//3568 3437//3569 3421//3553
f 3440//3572 3425//3557 3424//3556
f 3437//3569 3438//3570 3422//3554
f 3441//3573 3426//3558 3425//3557
f 3438//3570 3439//3571 3423//3555
f 3442//3574 3427//3559 3426//3558
f 3439//3571 3440//3572 3424//3556
f 3443//3575 3428//3560 3427//3559
f 3440//3572 3441//3573 3425//3557
f 3444//3576 3429//3561 3428//3560
f 3441//3573 3442//3574 3426//3558
f 3445//3577 3430//3562 3429//3561
f 3442//3574 3443//3575 3427//3559
f 3446//3578 3416//3548 3430//3562
f 3443//3575 3444//3576 3428//3560
f 3432//3564 3417//3549 3416//3548
f 3444//3576 3445//3577 3429//3561
f 3433//3565 3447//3579 3417//3549
f 3445//3577 3446//3578 3430//3562
f 3447//3579 3433//3565 3448//3580
f 3446//3578 3432//3564 3416//3548
f 3447//3579 3448//3580 2668//3230
f 2668//3230 3431//3563 3447//3579
f 3431//3563 3417//3549 3447//3579
f 3418//3550 2647//3209 3435//3567
f 3419//3551 3418//3550 3435//3567
f 3073//3200 3449//3581 3076//3203
f 3419//3551 3071//3198 3075//3202
f 3073//3200 3076//3203 3071//3198
f 3449//3581 3450//3582 3434//3566
f 3449//3581 3434//3566 3076//3203
f 3450//3582 3451//3583 3436//3568
f 3450//3582 3436//3568 3434//3566
f 3451//3583 3452//3584 3437//3569
f 3451//3583 3437//3569 3436//3568
f 3452//3584 3453//3585 3438//3570
f 3452//3584 3438//3570 3437//3569
f 3453//3585 3454//3586 3439//3571
f 3453//3585 3439//3571 3438//3570
f 3454//3586 3455//3587 3440//3572
f 3454//3586 3440//3572 3439//3571
f 3455//3587 3456//3588 3441//3573
f 3455//3587 3441//3573 3440//3572
f 3456//3588 3457//3589 3442//3574
f 3456//3588 3442//3574 3441//3573
f 3457//3589 3458//3590 3443//3575
f 3457//3589 3443//3575 3442//3574
f 3458//3590 3459//3591 3444//3576
f 3458//3590 3444//3576 3443//3575
f 3459//3591 3460//3592 3445//3577
f 3459//3591 3445//3577 3444//3576
f 3460//3592 3461//3593 3446//3578
f 3460//3592 3446//3578 3445//3577
f 3461//3593 3462//3594 3432//3564
f 3461//3593 3432//3564 3446//3578
f 3462//3594 3463//3595 3433//3565
f 3462//3594 3433//3565 3432//3564
f 3463//3595 3464//3596 3448//3580
f 3464//3596 2668//3230 3448//3580
f 3463//3595 3448//3580 3433//3565
f 3435//3567 2647//3209 3072//3199
f 3071//3198 3435//3567 3072//3199
f 3449//3581 2634//2745 2628//3597
f 2648//3208 3073//3200 3072//3199
f 3450//3582 2628//3597 2627//3598
f 2634//2745 3449//3581 3073//3200
f 3451//3583 2627//3598 2624//3599
f 2628//3597 3450//3582 3449//3581
f 3452//3584 2624//3599 2623//3600
f 2627//3598 3451//3583 3450//3582
f 3453//3585 2623//3600 2622//3601
f 2624//3599 3452//3584 3451//3583
f 3454//3586 2622//3601 2600//3602
f 2623//3600 3453//3585 3452//3584
f 3455//3587 2600//3602 2603//3603
f 2622//3601 3454//3586 3453//3585
f 3456//3588 2603//3603 2605//3604
f 2600//3602 3455//3587 3454//3586
f 3457//3589 2605//3604 2606//3605
f 2603//3603 3456//3588 3455//3587
f 3458//3590 2606//3605 2608//3606
f 2605//3604 3457//3589 3456//3588
f 3459//3591 2608//3606 2610//3607
f 2606//3605 3458//3590 3457//3589
f 3460//3592 2610//3607 2612//3608
f 2608//3606 3459//3591 3458//3590
f 3461//3593 2612//3608 2614//3609
f 2610//3607 3460//3592 3459//3591
f 3462//3594 2614//3609 2616//3610
f 2612//3608 3461//3593 3460//3592
f 3463//3595 2616//3610 2619//3611
f 2614//3609 3462//3594 3461//3593
f 3464//3596 2619//3611 2666//3612
f 2616//3610 3463//3595 3462//3594
f 2666//3612 2668//3230 3464//3596
f 2619//3611 3464//3596 3463//3595
#
#	object shell_2
#
v 3707.497070 -1588.980225 -77.079941
v 3677.319824 -1591.077271 -77.079941
v 3490.458496 -1713.535278 -77.079941
v 3472.435059 -1770.141479 -77.079941
v 3797.956543 -1581.755371 -77.079941
v 4018.149902 -1798.159180 -77.079941
v 4030.728027 -1736.736938 -77.079941
v 3778.796875 -2109.765625 -77.079941
v 3993.570801 -1921.032715 -77.079941
v 3719.187988 -2110.426758 -77.079941
v 3838.432617 -2108.827637 -77.079941
v 3981.563477 -1982.548584 -77.079941
v 3957.856445 -2105.843262 -77.079941
v 3969.688477 -2044.153687 -77.079941
v 3898.119629 -2107.553711 -77.079941
v 3454.220215 -1826.679321 -77.079941
v 4005.761719 -1859.580200 -77.079941
v 3858.232422 -1576.199829 -77.079941
v 3888.372070 -1573.181396 -77.079941
v 4043.461914 -1675.285278 -77.079941
v 3918.513184 -1570.061401 -77.079941
v 3948.653320 -1566.764526 -77.079941
v 4056.299805 -1613.800049 -77.079941
v 4008.927734 -1559.792847 -77.079941
v 3978.791992 -1563.356812 -77.079941
v 4039.057617 -1556.112915 -77.079941
v 4069.175293 -1552.296265 -77.079941
v 3828.094238 -1579.022095 -77.079941
v 3767.808594 -1584.308960 -77.079941
v 3737.656250 -1586.681885 -77.079941
v 3647.131836 -1593.101196 -77.079941
v 3616.915039 -1594.954346 -77.079941
v 3508.320801 -1656.828857 -77.079941
v 3586.678711 -1596.734619 -77.079941
v 3556.403809 -1598.401489 -77.079941
v 3526.112305 -1600.008423 -77.079941
v 3435.819824 -1883.183350 -77.079941
v 3659.580566 -2110.843506 -77.079941
v 3599.951660 -2111.029785 -77.079941
v 3417.252441 -1939.682495 -77.079941
v 3540.278809 -2110.986328 -77.079941
v 3398.560547 -1996.200439 -77.079941
v 3480.550781 -2110.694824 -77.079941
v 3379.795898 -2052.739258 -77.079941
v 3361.000000 -2109.295898 -77.079941
v 3420.787598 -2110.137939 -77.079941
vn 0.000000 0.000000 1.000000

g shell_2
usemtl mat-1
f 3465//3613 3466//3613 3467//3613
f 3468//3613 3465//3613 3467//3613
f 3469//3613 3470//3613 3471//3613
f 3472//3613 3473//3613 3474//3613
f 3475//3613 3476//3613 3472//3613
f 3477//3613 3478//3613 3479//3613
f 3475//3613 3479//3613 3478//3613
f 3476//3613 3475//3613 3478//3613
f 3472//3613 3476//3613 3473//3613
f 3468//3613 3480//3613 3481//3613
f 3482//3613 3471//3613 3483//3613
f 3484//3613 3483//3613 3471//3613
f 3485//3613 3484//3613 3486//3613
f 3485//3613 3483//3613 3484//3613
f 3486//3613 3484//3613 3487//3613
f 3487//3613 3488//3613 3489//3613
f 3486//3613 3487//3613 3489//3613
f 3490//3613 3488//3613 3487//3613
f 3491//3613 3490//3613 3487//3613
f 3482//3613 3492//3613 3471//3613
f 3492//3613 3469//3613 3471//3613
f 3493//3613 3470//3613 3469//3613
f 3493//3613 3494//3613 3470//3613
f 3470//3613 3494//3613 3481//3613
f 3481//3613 3494//3613 3465//3613
f 3467//3613 3495//3613 3496//3613
f 3466//3613 3495//3613 3467//3613
f 3496//3613 3497//3613 3467//3613
f 3468//3613 3481//3613 3465//3613
f 3497//3613 3496//3613 3498//3613
f 3497//3613 3498//3613 3499//3613
f 3473//3613 3481//3613 3480//3613
f 3500//3613 3497//3613 3499//3613
f 3474//3613 3473//3613 3480//3613
f 3480//3613 3501//3613 3474//3613
f 3501//3613 3502//3613 3474//3613
f 3502//3613 3501//3613 3503//3613
f 3503//3613 3501//3613 3504//3613
f 3505//3613 3503//3613 3504//3613
f 3506//3613 3505//3613 3504//3613
f 3506//3613 3507//3613 3505//3613
f 3506//3613 3508//3613 3507//3613
f 3509//3613 3510//3613 3508//3613
f 3507//3613 3508//3613 3510//3613
#
#	object shell_1
#
v 3730.285400 -1846.247559 15.133008
v 3527.422363 -1601.614502 45.242226
v 3445.549561 -1854.200806 7.480992
v 3659.388916 -2110.637939 12.732810
v 4011.163086 -1829.276733 -3.679057
v 4064.538086 -1553.445679 -36.231285
v 3801.162842 -1581.852539 17.556437
v 3363.661133 -2106.785156 -30.258413
v 3957.766357 -2105.100830 28.897102
vn 0.020827 -0.014700 0.999675
vn 0.058257 -0.166092 0.984388
vn -0.072293 -0.124463 0.989587
vn -0.099115 0.017589 0.994920
vn 0.105613 0.096410 0.989723
vn 0.240537 0.067683 0.968277
vn 0.155114 -0.050670 0.986596
vn -0.190614 -0.084287 0.978040
vn -0.013003 0.119800 0.992713

g shell_1
usemtl mat-1
f 3511//3614 3512//3615 3513//3616
f 3513//3616 3514//3617 3511//3614
f 3515//3618 3516//3619 3517//3620
f 3518//3621 3514//3617 3513//3616
f 3517//3620 3512//3615 3511//3614
f 3519//3622 3515//3618 3511//3614
f 3519//3622 3511//3614 3514//3617
f 3517//3620 3511//3614 3515//3618
